order_id,product_id,quantity,unit_price,Revenue,Product Name,category,brand
1961864118,642612,3,517.03,1551.09,Pet Treats,Pet Care,Pillay-Ahuja
1549769649,378676,1,881.42,881.42,Orange Juice,Cold Drinks & Juices,Baral-Kamdar
9185164487,741341,2,923.84,1847.68,Eggs,Dairy & Breakfast,Prasad LLC
9644738826,561860,1,874.78,874.78,Orange Juice,Cold Drinks & Juices,Gupta Ltd
5427684290,602241,2,976.55,1953.1,Nuts,Snacks & Munchies,Bahl-Pau
3265154092,681063,1,321.28,321.28,Mango Drink,Cold Drinks & Juices,Dass and Sons
4898355547,56589,3,517.77,1553.31,Vitamins,Pharmacy,"Pai, Kashyap and Ramachandran"
6568151549,500739,2,359.98,719.96,Bread,Dairy & Breakfast,Aggarwal Group
6006693867,490939,1,80.25,80.25,Lotion,Personal Care,"Roy, Barad and De"
374186990,760828,2,563.45,1126.9,Pet Treats,Pet Care,"Khurana, Khosla and Yohannan"
4455336265,753354,3,423.56,1270.68,Shampoo,Personal Care,Sant-Mahajan
3539286337,684939,1,727.95,727.95,Lotion,Personal Care,"Sibal, Bhatnagar and Rajan"
9171116867,500739,3,359.98,1079.94,Bread,Dairy & Breakfast,Aggarwal Group
5504941865,540618,1,317.05,317.05,Popcorn,Snacks & Munchies,Golla-Luthra
5868326481,53833,3,134.69,404.07,Rice,Grocery & Staples,Tella-Master
2137046916,455755,2,44.09,88.18,Detergent,Household Care,Mangal-Sathe
8195544338,131937,1,287.81,287.81,Frozen Pizza,Instant & Frozen Food,"Varkey, Devi and Ganguly"
2889700050,798639,1,211.25,211.25,Eggs,Dairy & Breakfast,Subramaniam LLC
65827885,324809,3,608,1824,Bread,Dairy & Breakfast,Sidhu PLC
4656471694,679284,1,877.89,877.89,Cough Syrup,Pharmacy,Pant LLC
6625178717,952168,3,236.95,710.85,Popcorn,Snacks & Munchies,"Krishnamurthy, Sibal and Das"
7169557514,706112,2,478.79,957.58,Vitamins,Pharmacy,"Magar, Gara and Garg"
2268306684,812607,2,416.65,833.3,Potatoes,Fruits & Vegetables,Rege Group
6905293278,799952,1,922.64,922.64,Cheese,Dairy & Breakfast,Padmanabhan-Virk
1769493463,709916,3,33.76,101.28,Detergent,Household Care,Varkey LLC
5003387344,67197,3,552.2,1656.6,Butter,Dairy & Breakfast,Shetty-Bora
2064484752,937542,3,97.04,291.12,Wheat Flour,Grocery & Staples,Khurana and Sons
964822979,455755,2,44.09,88.18,Detergent,Household Care,Mangal-Sathe
6037899648,669378,1,212.14,212.14,Potatoes,Fruits & Vegetables,Chadha and Sons
9347571484,112390,2,877.98,1755.96,Toothpaste,Personal Care,"Kibe, Contractor and Randhawa"
3286177534,891833,1,493.19,493.19,Curd,Dairy & Breakfast,Mani PLC
9073572548,60619,1,726.41,726.41,Iced Tea,Cold Drinks & Juices,Bhasin LLC
8395583761,561860,3,874.78,2624.34,Orange Juice,Cold Drinks & Juices,Gupta Ltd
6355378227,993331,1,102.44,102.44,Pulses,Grocery & Staples,"Parmer, Gola and Yogi"
277376321,94225,3,77.11,231.33,Toilet Cleaner,Household Care,"Gulati, Ram and Sarkar"
8559748526,552496,1,508,508,Dish Soap,Household Care,Dhar PLC
1458051433,57405,3,607.67,1823.01,Baby Food,Baby Care,Srinivas PLC
5838302640,240179,3,90.56,271.68,Cough Syrup,Pharmacy,Ram-Suri
1380971977,602241,3,976.55,2929.65,Nuts,Snacks & Munchies,Bahl-Pau
1221099013,131937,1,287.81,287.81,Frozen Pizza,Instant & Frozen Food,"Varkey, Devi and Ganguly"
6771166303,677542,3,212.61,637.83,Toilet Cleaner,Household Care,Thaman-Lanka
7111337755,888807,3,230.58,691.74,Bread,Dairy & Breakfast,Arya Group
5562922993,540618,1,317.05,317.05,Popcorn,Snacks & Munchies,Golla-Luthra
5630957897,876139,2,415.75,831.5,Pulses,Grocery & Staples,Cherian-Dara
1787380558,444361,3,822.63,2467.89,Pain Reliever,Pharmacy,"Prakash, Bawa and Kale"
32613017,451812,1,530.85,530.85,Pain Reliever,Pharmacy,"Batra, Sant and Mandal"
2039041670,287070,1,443.17,443.17,Wheat Flour,Grocery & Staples,"Gala, Magar and Rajagopal"
210693801,432617,3,863.18,2589.54,Baby Wipes,Baby Care,Dora-Pillai
8120002258,131937,1,287.81,287.81,Frozen Pizza,Instant & Frozen Food,"Varkey, Devi and Ganguly"
2177917034,144124,2,162.67,325.34,Detergent,Household Care,Lalla-Srinivasan
4254814926,324809,1,608,608,Bread,Dairy & Breakfast,Sidhu PLC
6074172790,888807,2,230.58,461.16,Bread,Dairy & Breakfast,Arya Group
3381573131,684939,1,727.95,727.95,Lotion,Personal Care,"Sibal, Bhatnagar and Rajan"
3773745777,734789,1,395.82,395.82,Popcorn,Snacks & Munchies,"Chaudhari, Pant and Singh"
9251939156,876139,3,415.75,1247.25,Pulses,Grocery & Staples,Cherian-Dara
3872982303,56589,2,517.77,1035.54,Vitamins,Pharmacy,"Pai, Kashyap and Ramachandran"
2625987757,890232,1,432,432,Mango Drink,Cold Drinks & Juices,Jha Group
3162249401,432617,1,863.18,863.18,Baby Wipes,Baby Care,Dora-Pillai
3108986741,687218,3,317.82,953.46,Mango Drink,Cold Drinks & Juices,"Sankaran, Pall and Gola"
1851474741,970529,3,827.44,2482.32,Diapers,Baby Care,"Kurian, Patla and Sanghvi"
2425099132,604184,2,397.55,795.1,Toilet Cleaner,Household Care,"Gaba, Sodhi and Choudhary"
6706793332,615545,2,448.16,896.32,Soap,Personal Care,Barman Inc
2149289255,567671,3,418.48,1255.44,Biscuits,Snacks & Munchies,Nagar LLC
1971008155,222892,1,869.22,869.22,Tomatoes,Fruits & Vegetables,Ramakrishnan-Ghose
2087093460,34186,2,925.65,1851.3,Mangoes,Fruits & Vegetables,Mandal-Kar
2116712588,891833,1,493.19,493.19,Curd,Dairy & Breakfast,Mani PLC
6054358790,532965,1,307.23,307.23,Frozen Pizza,Instant & Frozen Food,Sachdev Inc
532660797,962054,2,16.86,33.72,Orange Juice,Cold Drinks & Juices,Toor-Nagar
1491991005,33955,1,186.08,186.08,Frozen Pizza,Instant & Frozen Food,Baral Group
4136019599,644847,3,622.81,1868.43,Salt,Grocery & Staples,"Jhaveri, Kata and Kapur"
2122832513,954722,1,616.45,616.45,Ice Cream,Instant & Frozen Food,Mohan-Virk
3717703595,500633,3,154.5,463.5,Cereal,Dairy & Breakfast,Trivedi-Ahluwalia
3194733693,240179,2,90.56,181.12,Cough Syrup,Pharmacy,Ram-Suri
4471162437,820973,1,114.52,114.52,Baby Wipes,Baby Care,Lall LLC
1609331948,490602,3,549.47,1648.41,Sugar,Grocery & Staples,Raghavan Inc
6920030794,256783,2,906.54,1813.08,Pet Treats,Pet Care,"Basu, Thakur and Rege"
5127172657,913428,2,392.22,784.44,Pet Treats,Pet Care,Narayanan-Kumar
8607115856,324809,1,608,608,Bread,Dairy & Breakfast,Sidhu PLC
7154957395,516376,1,877.43,877.43,Onions,Fruits & Vegetables,Agarwal-Dhar
2070762702,566052,3,87.3,261.9,Pain Reliever,Pharmacy,"Apte, Soman and Raju"
3697242439,897083,2,972.69,1945.38,Detergent,Household Care,Dutta-Halder
3063427913,799952,2,922.64,1845.28,Cheese,Dairy & Breakfast,Padmanabhan-Virk
2060061337,690565,1,951.27,951.27,Cookies,Snacks & Munchies,"Roy, Seth and Patla"
4625892678,317242,1,198.15,198.15,Pulses,Grocery & Staples,Rastogi Group
6045698170,965755,3,532.57,1597.71,Bananas,Fruits & Vegetables,"Doshi, Sarraf and Sama"
7876289647,863930,1,242.57,242.57,Shampoo,Personal Care,"Sathe, Agarwal and Dhar"
3434084714,264803,2,995.98,1991.96,Vitamins,Pharmacy,Gole-Doshi
9031695663,697683,1,123.74,123.74,Toilet Cleaner,Household Care,"Murty, Varghese and Saxena"
1955989715,679284,1,877.89,877.89,Cough Syrup,Pharmacy,Pant LLC
3459500455,992178,1,632.43,632.43,Pain Reliever,Pharmacy,Basu and Sons
5953376503,300159,1,44.35,44.35,Cola,Cold Drinks & Juices,"Basu, Rout and Mistry"
121874867,952124,3,127.08,381.24,Onions,Fruits & Vegetables,"Wali, Sood and Bala"
2460545397,925482,1,475.04,475.04,Frozen Biryani,Instant & Frozen Food,Viswanathan-Sha
9690050839,500633,2,154.5,309,Cereal,Dairy & Breakfast,Trivedi-Ahluwalia
2574349065,123983,3,785.67,2357.01,Cough Syrup,Pharmacy,Kurian-Chhabra
2461936988,272170,2,140.8,281.6,Ice Cream,Instant & Frozen Food,Purohit Group
6447596416,70969,1,631.7,631.7,Carrots,Fruits & Vegetables,Mohan Group
7228452275,757274,2,98.32,196.64,Pet Treats,Pet Care,"Minhas, Kapoor and Sethi"
6696750742,14145,2,630.84,1261.68,Spinach,Fruits & Vegetables,"Thakur, Shah and Pingle"
822235931,611575,3,482.06,1446.18,Frozen Pizza,Instant & Frozen Food,"Bhat, Nigam and Hayer"
7678251499,704868,1,193.46,193.46,Detergent,Household Care,"Parikh, Oak and Kara"
2497341976,451933,1,568.94,568.94,Wheat Flour,Grocery & Staples,Nadig Ltd
9107314128,820541,3,576.22,1728.66,Toilet Cleaner,Household Care,"Borde, Peri and Upadhyay"
9855726256,349294,2,934.75,1869.5,Onions,Fruits & Vegetables,Ganesan Ltd
9398719862,615545,2,448.16,896.32,Soap,Personal Care,Barman Inc
379494532,654297,3,13.25,39.75,Potatoes,Fruits & Vegetables,Chandran-Dass
1048784963,451933,2,568.94,1137.88,Wheat Flour,Grocery & Staples,Nadig Ltd
4386246924,613942,2,545,1090,Pet Treats,Pet Care,"Dyal, Saraf and Goel"
2050362692,366066,1,918.58,918.58,Soap,Personal Care,Mandal LLC
4142963293,287070,1,443.17,443.17,Wheat Flour,Grocery & Staples,"Gala, Magar and Rajagopal"
9753528654,137909,1,864.3,864.3,Cough Syrup,Pharmacy,Dalal PLC
8126970833,700048,3,141.28,423.84,Dish Soap,Household Care,Khalsa-Bhavsar
9747814712,256783,2,906.54,1813.08,Pet Treats,Pet Care,"Basu, Thakur and Rege"
6281619403,131136,2,37.8,75.6,Salt,Grocery & Staples,Deshpande-Rama
436184281,15314,3,578.85,1736.55,Cheese,Dairy & Breakfast,Banik-Ratta
9799231260,39154,3,946.86,2840.58,Mangoes,Fruits & Vegetables,"Suresh, Bose and Bajwa"
4071811527,661577,1,720.95,720.95,Cat Food,Pet Care,Majumdar PLC
5645359563,723678,3,675.46,2026.38,Dog Food,Pet Care,"Lall, Datta and Swamy"
9411813703,557908,3,942.37,2827.11,Vitamins,Pharmacy,Sundaram Inc
4270217473,336847,2,936.98,1873.96,Toilet Cleaner,Household Care,"Dayal, Mammen and More"
279851011,34186,3,925.65,2776.95,Mangoes,Fruits & Vegetables,Mandal-Kar
6260524887,94225,2,77.11,154.22,Toilet Cleaner,Household Care,"Gulati, Ram and Sarkar"
5853998391,257719,2,281.73,563.46,Eggs,Dairy & Breakfast,Chaudhuri PLC
9931976872,118820,3,12.32,36.96,Iced Tea,Cold Drinks & Juices,"Warrior, Ravel and Amble"
8432209832,336847,1,936.98,936.98,Toilet Cleaner,Household Care,"Dayal, Mammen and More"
6023721507,327290,1,862.28,862.28,Sugar,Grocery & Staples,Nadkarni Inc
3042338919,679284,3,877.89,2633.67,Cough Syrup,Pharmacy,Pant LLC
233646065,803607,1,949.73,949.73,Soap,Personal Care,"Kadakia, Mohan and Sathe"
9870610018,615545,2,448.16,896.32,Soap,Personal Care,Barman Inc
1398230967,951463,3,787.4,2362.2,Pet Treats,Pet Care,Balakrishnan-Kaur
8615488922,566052,3,87.3,261.9,Pain Reliever,Pharmacy,"Apte, Soman and Raju"
2748841057,552496,2,508,1016,Dish Soap,Household Care,Dhar PLC
1375867721,500633,3,154.5,463.5,Cereal,Dairy & Breakfast,Trivedi-Ahluwalia
8595141097,274207,1,328.51,328.51,Cough Syrup,Pharmacy,"Savant, Batta and Mander"
4673382071,256783,1,906.54,906.54,Pet Treats,Pet Care,"Basu, Thakur and Rege"
2948696008,131937,2,287.81,575.62,Frozen Pizza,Instant & Frozen Food,"Varkey, Devi and Ganguly"
6839692624,67197,2,552.2,1104.4,Butter,Dairy & Breakfast,Shetty-Bora
5770951298,329351,3,310.87,932.61,Cheese,Dairy & Breakfast,"Lala, Kalita and Sathe"
5084771819,154179,2,582.87,1165.74,Pain Reliever,Pharmacy,"Barad, Devi and Andra"
422403644,317242,1,198.15,198.15,Pulses,Grocery & Staples,Rastogi Group
7176758896,492958,2,84.2,168.4,Lotion,Personal Care,Acharya PLC
8252905093,647462,3,326.42,979.26,Lotion,Personal Care,"Balan, Samra and Sekhon"
1488561572,585299,1,799.46,799.46,Pet Treats,Pet Care,"Sharma, Chandra and Prashad"
6212984517,853932,1,941.19,941.19,Baby Wipes,Baby Care,Ranganathan-Peri
6309784337,120532,1,697.53,697.53,Wheat Flour,Grocery & Staples,Nazareth Ltd
4613890018,490602,1,549.47,549.47,Sugar,Grocery & Staples,Raghavan Inc
3429728472,851978,1,715.72,715.72,Vitamins,Pharmacy,Parsa-Bala
267738904,606256,2,369.28,738.56,Frozen Biryani,Instant & Frozen Food,Agate Ltd
3850416839,697683,3,123.74,371.22,Toilet Cleaner,Household Care,"Murty, Varghese and Saxena"
3412702479,444361,3,822.63,2467.89,Pain Reliever,Pharmacy,"Prakash, Bawa and Kale"
2016183232,14145,3,630.84,1892.52,Spinach,Fruits & Vegetables,"Thakur, Shah and Pingle"
3810280204,880510,3,951.43,2854.29,Bread,Dairy & Breakfast,Roy-Char
2416767295,284460,1,505.95,505.95,Potatoes,Fruits & Vegetables,"Ramakrishnan, Anand and Khare"
2283439407,376447,1,724.84,724.84,Butter,Dairy & Breakfast,Gara and Sons
4328802292,378676,2,881.42,1762.84,Orange Juice,Cold Drinks & Juices,Baral-Kamdar
7072715691,863930,2,242.57,485.14,Shampoo,Personal Care,"Sathe, Agarwal and Dhar"
5640741373,89084,2,598.83,1197.66,Milk,Dairy & Breakfast,"Wali, Virk and Iyer"
6931094066,461804,3,310.69,932.07,Sugar,Grocery & Staples,"Ghose, Ben and Divan"
3417088709,366066,3,918.58,2755.74,Soap,Personal Care,Mandal LLC
4424404315,313754,2,136.6,273.2,Biscuits,Snacks & Munchies,"Swaminathan, Mahal and Dara"
2444087306,366066,1,918.58,918.58,Soap,Personal Care,Mandal LLC
486085268,354409,3,325.08,975.24,Pulses,Grocery & Staples,Bose-Pandit
1731312620,589812,1,163.03,163.03,Detergent,Household Care,Bir PLC
6475582506,140489,2,650.2,1300.4,Soap,Personal Care,"Biswas, Kapoor and Patel"
1868581378,552883,3,888.16,2664.48,Potatoes,Fruits & Vegetables,"Balan, Patel and Mall"
8884235937,859361,2,432.39,864.78,Shampoo,Personal Care,Mitter Group
4590662628,131937,2,287.81,575.62,Frozen Pizza,Instant & Frozen Food,"Varkey, Devi and Ganguly"
992302540,993331,2,102.44,204.88,Pulses,Grocery & Staples,"Parmer, Gola and Yogi"
7169974633,153019,2,947.95,1895.9,Onions,Fruits & Vegetables,Aurora LLC
6703651257,954722,1,616.45,616.45,Ice Cream,Instant & Frozen Food,Mohan-Virk
7180810221,659290,3,319.34,958.02,Cheese,Dairy & Breakfast,Kapadia-D’Alia
7875587578,832348,1,831.43,831.43,Biscuits,Snacks & Munchies,Jani-Ram
2578671497,118820,2,12.32,24.64,Iced Tea,Cold Drinks & Juices,"Warrior, Ravel and Amble"
6284350691,112390,2,877.98,1755.96,Toothpaste,Personal Care,"Kibe, Contractor and Randhawa"
5383261788,557908,2,942.37,1884.74,Vitamins,Pharmacy,Sundaram Inc
6590867973,712307,2,264.89,529.78,Orange Juice,Cold Drinks & Juices,Chana LLC
8787105023,398340,1,651.93,651.93,Instant Noodles,Instant & Frozen Food,"Nadig, Zachariah and Soni"
1402916311,516376,2,877.43,1754.86,Onions,Fruits & Vegetables,Agarwal-Dhar
9715205272,440875,2,275.03,550.06,Baby Wipes,Baby Care,Loyal Inc
3946852375,894539,3,445.48,1336.44,Dish Soap,Household Care,"Pall, Sule and Sood"
3367039425,385113,1,816.38,816.38,Lotion,Personal Care,"Sampath, Mane and Mody"
687711388,542300,3,255.35,766.05,Popcorn,Snacks & Munchies,Gulati-Tandon
647012431,18035,2,968.94,1937.88,Dish Soap,Household Care,Ramesh Inc
7143278295,647462,1,326.42,326.42,Lotion,Personal Care,"Balan, Samra and Sekhon"
9736844695,564692,1,215.65,215.65,Cat Food,Pet Care,"Krishna, Bail and Dyal"
5933289680,747801,2,277.76,555.52,Toilet Cleaner,Household Care,Saha-Vora
9494303116,336847,3,936.98,2810.94,Toilet Cleaner,Household Care,"Dayal, Mammen and More"
9337878102,654623,3,422.14,1266.42,Chips,Snacks & Munchies,Pradhan and Sons
6872621077,228286,2,179.08,358.16,Cola,Cold Drinks & Juices,Bhattacharyya PLC
7330237253,677169,1,261.03,261.03,Cough Syrup,Pharmacy,Char-Divan
7942616242,970529,3,827.44,2482.32,Diapers,Baby Care,"Kurian, Patla and Sanghvi"
238520071,537274,2,702.71,1405.42,Pet Treats,Pet Care,Lal-Chauhan
5812379362,833557,1,422.87,422.87,Cereal,Dairy & Breakfast,"Gole, Chand and Dada"
2616623847,853932,3,941.19,2823.57,Baby Wipes,Baby Care,Ranganathan-Peri
2040854480,684939,1,727.95,727.95,Lotion,Personal Care,"Sibal, Bhatnagar and Rajan"
5456484560,324809,1,608,608,Bread,Dairy & Breakfast,Sidhu PLC
883309006,131748,1,81.35,81.35,Dog Food,Pet Care,"Shroff, Wason and Dugar"
6528341992,336847,2,936.98,1873.96,Toilet Cleaner,Household Care,"Dayal, Mammen and More"
3263203775,563740,1,96.33,96.33,Chips,Snacks & Munchies,Mann-Kapadia
3660010934,613942,3,545,1635,Pet Treats,Pet Care,"Dyal, Saraf and Goel"
7944885043,760828,1,563.45,563.45,Pet Treats,Pet Care,"Khurana, Khosla and Yohannan"
2506369831,144124,2,162.67,325.34,Detergent,Household Care,Lalla-Srinivasan
697061213,398340,2,651.93,1303.86,Instant Noodles,Instant & Frozen Food,"Nadig, Zachariah and Soni"
7079057004,714999,2,882.51,1765.02,Bread,Dairy & Breakfast,Kala Group
1556153632,739448,3,755.66,2266.98,Dish Soap,Household Care,Mand-Choudhry
2161235338,704868,3,193.46,580.38,Detergent,Household Care,"Parikh, Oak and Kara"
1247978468,712003,1,671.68,671.68,Cola,Cold Drinks & Juices,"Karan, Bandi and Acharya"
5437627061,679865,1,347.91,347.91,Wheat Flour,Grocery & Staples,Memon-Barad
9091960039,689769,1,46.62,46.62,Frozen Vegetables,Instant & Frozen Food,Kothari-Datta
619198317,194682,1,912.29,912.29,Iced Tea,Cold Drinks & Juices,Sastry-Issac
9833179291,272170,2,140.8,281.6,Ice Cream,Instant & Frozen Food,Purohit Group
4148760273,51036,2,931.61,1863.22,Baby Food,Baby Care,Karnik PLC
7206041763,124290,3,39.65,118.95,Lotion,Personal Care,Sachdev Group
690097648,291238,2,746.03,1492.06,Chocolates,Snacks & Munchies,"Sinha, Pau and Chhabra"
4197061567,621677,3,317.8,953.4,Frozen Biryani,Instant & Frozen Food,Sabharwal-Mital
2009394836,237083,3,577.13,1731.39,Cough Syrup,Pharmacy,Hayer-Banerjee
277502363,667163,1,441.2,441.2,Orange Juice,Cold Drinks & Juices,Palla LLC
4356959622,91670,2,439.24,878.48,Dish Soap,Household Care,Barman-Ahluwalia
174306009,832348,1,831.43,831.43,Biscuits,Snacks & Munchies,Jani-Ram
9582674091,433521,2,321.33,642.66,Diapers,Baby Care,Mahal Group
8675579025,317242,1,198.15,198.15,Pulses,Grocery & Staples,Rastogi Group
5195999941,34186,3,925.65,2776.95,Mangoes,Fruits & Vegetables,Mandal-Kar
5210007923,492958,1,84.2,84.2,Lotion,Personal Care,Acharya PLC
6595771960,949818,3,483.05,1449.15,Biscuits,Snacks & Munchies,Yohannan Inc
4247338382,354409,1,325.08,325.08,Pulses,Grocery & Staples,Bose-Pandit
819143326,891833,2,493.19,986.38,Curd,Dairy & Breakfast,Mani PLC
3830844750,487065,3,374.68,1124.04,Chips,Snacks & Munchies,Kadakia-Yadav
1687314172,378287,2,332.84,665.68,Lemonade,Cold Drinks & Juices,Ramesh-Jain
6756007265,820973,1,114.52,114.52,Baby Wipes,Baby Care,Lall LLC
489762747,349294,2,934.75,1869.5,Onions,Fruits & Vegetables,Ganesan Ltd
7509195875,704868,1,193.46,193.46,Detergent,Household Care,"Parikh, Oak and Kara"
2370917070,500739,1,359.98,359.98,Bread,Dairy & Breakfast,Aggarwal Group
2055388266,107548,1,891.6,891.6,Cola,Cold Drinks & Juices,"Bhandari, Bhasin and Palan"
8969304162,9436,2,88.43,176.86,Toothpaste,Personal Care,Naidu PLC
5412674107,644847,2,622.81,1245.62,Salt,Grocery & Staples,"Jhaveri, Kata and Kapur"
1536516619,313754,3,136.6,409.8,Biscuits,Snacks & Munchies,"Swaminathan, Mahal and Dara"
3858907413,51036,1,931.61,931.61,Baby Food,Baby Care,Karnik PLC
4976389251,4452,1,169.88,169.88,Baby Wipes,Baby Care,Morar-Mistry
2218319201,378287,1,332.84,332.84,Lemonade,Cold Drinks & Juices,Ramesh-Jain
6729422433,552496,2,508,1016,Dish Soap,Household Care,Dhar PLC
1354097448,15314,2,578.85,1157.7,Cheese,Dairy & Breakfast,Banik-Ratta
8952275304,757274,3,98.32,294.96,Pet Treats,Pet Care,"Minhas, Kapoor and Sethi"
436603801,557908,2,942.37,1884.74,Vitamins,Pharmacy,Sundaram Inc
5273875984,859361,1,432.39,432.39,Shampoo,Personal Care,Mitter Group
9290203003,714999,1,882.51,882.51,Bread,Dairy & Breakfast,Kala Group
6240982373,70969,3,631.7,1895.1,Carrots,Fruits & Vegetables,Mohan Group
2718348206,243235,2,109.03,218.06,Cat Food,Pet Care,Batta Inc
4903544026,470449,3,827.77,2483.31,Frozen Biryani,Instant & Frozen Food,Kohli-Sawhney
2827266949,937542,3,97.04,291.12,Wheat Flour,Grocery & Staples,Khurana and Sons
4278423074,880510,2,951.43,1902.86,Bread,Dairy & Breakfast,Roy-Char
645916247,812607,1,416.65,416.65,Potatoes,Fruits & Vegetables,Rege Group
5816647866,432617,2,863.18,1726.36,Baby Wipes,Baby Care,Dora-Pillai
7282397914,600767,1,722.42,722.42,Toothpaste,Personal Care,Balan Group
3260611473,712307,1,264.89,264.89,Orange Juice,Cold Drinks & Juices,Chana LLC
8638163868,832348,1,831.43,831.43,Biscuits,Snacks & Munchies,Jani-Ram
177850987,237083,2,577.13,1154.26,Cough Syrup,Pharmacy,Hayer-Banerjee
9653859166,272170,1,140.8,140.8,Ice Cream,Instant & Frozen Food,Purohit Group
9991338690,26060,1,342.94,342.94,Vitamins,Pharmacy,Shah and Sons
1714593246,613942,3,545,1635,Pet Treats,Pet Care,"Dyal, Saraf and Goel"
9742461226,478531,3,825.46,2476.38,Carrots,Fruits & Vegetables,Uppal Group
3314393477,901144,3,340.36,1021.08,Sugar,Grocery & Staples,Deo-Kamdar
4188317986,951463,1,787.4,787.4,Pet Treats,Pet Care,Balakrishnan-Kaur
1646665366,654297,3,13.25,39.75,Potatoes,Fruits & Vegetables,Chandran-Dass
9558804585,953175,2,225.21,450.42,Baby Food,Baby Care,Sehgal-Nagarajan
9047652469,319388,3,657.8,1973.4,Orange Juice,Cold Drinks & Juices,D’Alia-Dey
2893800377,187399,1,53.49,53.49,Frozen Pizza,Instant & Frozen Food,Chauhan Inc
6139157985,753354,3,423.56,1270.68,Shampoo,Personal Care,Sant-Mahajan
6029394789,803607,1,949.73,949.73,Soap,Personal Care,"Kadakia, Mohan and Sathe"
5874940276,91670,1,439.24,439.24,Dish Soap,Household Care,Barman-Ahluwalia
5205211911,561860,2,874.78,1749.56,Orange Juice,Cold Drinks & Juices,Gupta Ltd
5314758068,552883,3,888.16,2664.48,Potatoes,Fruits & Vegetables,"Balan, Patel and Mall"
484869710,15314,2,578.85,1157.7,Cheese,Dairy & Breakfast,Banik-Ratta
9957728938,455755,2,44.09,88.18,Detergent,Household Care,Mangal-Sathe
3136056666,555121,1,354.91,354.91,Carrots,Fruits & Vegetables,"Subramanian, Chaudhuri and Dora"
4926104391,642612,2,517.03,1034.06,Pet Treats,Pet Care,Pillay-Ahuja
1827844756,681063,1,321.28,321.28,Mango Drink,Cold Drinks & Juices,Dass and Sons
7032037874,491314,3,973.44,2920.32,Ice Cream,Instant & Frozen Food,Banerjee Inc
3779230503,82484,3,914.88,2744.64,Baby Food,Baby Care,Mallick PLC
3473012553,951463,2,787.4,1574.8,Pet Treats,Pet Care,Balakrishnan-Kaur
7988504487,91670,3,439.24,1317.72,Dish Soap,Household Care,Barman-Ahluwalia
7193792738,500633,3,154.5,463.5,Cereal,Dairy & Breakfast,Trivedi-Ahluwalia
1533583386,240179,1,90.56,90.56,Cough Syrup,Pharmacy,Ram-Suri
7750989397,300159,1,44.35,44.35,Cola,Cold Drinks & Juices,"Basu, Rout and Mistry"
4434816229,537274,1,702.71,702.71,Pet Treats,Pet Care,Lal-Chauhan
6896732047,187399,3,53.49,160.47,Frozen Pizza,Instant & Frozen Food,Chauhan Inc
4740837071,833557,3,422.87,1268.61,Cereal,Dairy & Breakfast,"Gole, Chand and Dada"
6649631729,863930,3,242.57,727.71,Shampoo,Personal Care,"Sathe, Agarwal and Dhar"
5351526726,962054,2,16.86,33.72,Orange Juice,Cold Drinks & Juices,Toor-Nagar
1506082041,880510,1,951.43,951.43,Bread,Dairy & Breakfast,Roy-Char
1023260165,470449,1,827.77,827.77,Frozen Biryani,Instant & Frozen Food,Kohli-Sawhney
8257032403,859361,1,432.39,432.39,Shampoo,Personal Care,Mitter Group
7216524192,15314,2,578.85,1157.7,Cheese,Dairy & Breakfast,Banik-Ratta
8619795820,449106,2,48.55,97.1,Soap,Personal Care,"Shere, Thakur and Naik"
6494708839,140154,2,171.2,342.4,Shampoo,Personal Care,Malhotra LLC
9859249765,600767,3,722.42,2167.26,Toothpaste,Personal Care,Balan Group
3528020011,592784,2,280.35,560.7,Biscuits,Snacks & Munchies,"Andra, Mander and Kari"
5937934264,462526,3,449.97,1349.91,Curd,Dairy & Breakfast,Pau and Sons
2976477423,585299,2,799.46,1598.92,Pet Treats,Pet Care,"Sharma, Chandra and Prashad"
1002438039,709916,3,33.76,101.28,Detergent,Household Care,Varkey LLC
2571163022,487931,3,709.08,2127.24,Sugar,Grocery & Staples,"Bahl, Jaggi and Nath"
6850221497,812607,3,416.65,1249.95,Potatoes,Fruits & Vegetables,Rege Group
4706569127,15314,1,578.85,578.85,Cheese,Dairy & Breakfast,Banik-Ratta
8168261752,349294,2,934.75,1869.5,Onions,Fruits & Vegetables,Ganesan Ltd
5828325906,15314,2,578.85,1157.7,Cheese,Dairy & Breakfast,Banik-Ratta
5012271549,67197,1,552.2,552.2,Butter,Dairy & Breakfast,Shetty-Bora
8110316958,451812,3,530.85,1592.55,Pain Reliever,Pharmacy,"Batra, Sant and Mandal"
3190808443,140489,3,650.2,1950.6,Soap,Personal Care,"Biswas, Kapoor and Patel"
7175472728,435929,2,856.89,1713.78,Toilet Cleaner,Household Care,Memon Ltd
6011117738,658389,3,152.55,457.65,Popcorn,Snacks & Munchies,"Chanda, Som and Vohra"
5592928753,992178,2,632.43,1264.86,Pain Reliever,Pharmacy,Basu and Sons
3952040848,927651,2,426.72,853.44,Baby Wipes,Baby Care,Narula Group
7026479520,613942,1,545,545,Pet Treats,Pet Care,"Dyal, Saraf and Goel"
6572695161,70969,1,631.7,631.7,Carrots,Fruits & Vegetables,Mohan Group
9090769419,305754,1,979.99,979.99,Frozen Vegetables,Instant & Frozen Food,Mammen-Hegde
5979489110,853932,1,941.19,941.19,Baby Wipes,Baby Care,Ranganathan-Peri
964698323,257719,3,281.73,845.19,Eggs,Dairy & Breakfast,Chaudhuri PLC
2304242664,516376,3,877.43,2632.29,Onions,Fruits & Vegetables,Agarwal-Dhar
2483843748,812607,3,416.65,1249.95,Potatoes,Fruits & Vegetables,Rege Group
2560588609,186168,1,878.8,878.8,Dog Food,Pet Care,"Parekh, Lad and Kadakia"
9268920928,9436,2,88.43,176.86,Toothpaste,Personal Care,Naidu PLC
9554019312,578097,1,267.61,267.61,Nuts,Snacks & Munchies,Jha Group
3749174258,613942,3,545,1635,Pet Treats,Pet Care,"Dyal, Saraf and Goel"
3947164241,131136,2,37.8,75.6,Salt,Grocery & Staples,Deshpande-Rama
487327038,673058,3,765.76,2297.28,Cough Syrup,Pharmacy,Balan-Madan
8830321199,894539,2,445.48,890.96,Dish Soap,Household Care,"Pall, Sule and Sood"
3811318591,585299,1,799.46,799.46,Pet Treats,Pet Care,"Sharma, Chandra and Prashad"
6795601573,677542,1,212.61,212.61,Toilet Cleaner,Household Care,Thaman-Lanka
2348495717,709916,3,33.76,101.28,Detergent,Household Care,Varkey LLC
9505736584,667163,1,441.2,441.2,Orange Juice,Cold Drinks & Juices,Palla LLC
1857227304,194682,1,912.29,912.29,Iced Tea,Cold Drinks & Juices,Sastry-Issac
5506485302,491521,1,556.35,556.35,Nuts,Snacks & Munchies,Karpe Inc
6074837981,373536,3,494.17,1482.51,Dog Food,Pet Care,Chauhan-Sabharwal
4150569633,820973,2,114.52,229.04,Baby Wipes,Baby Care,Lall LLC
609838437,382511,3,702.54,2107.62,Butter,Dairy & Breakfast,Bora-Thakkar
5229657139,487931,1,709.08,709.08,Sugar,Grocery & Staples,"Bahl, Jaggi and Nath"
2589639350,500739,3,359.98,1079.94,Bread,Dairy & Breakfast,Aggarwal Group
7656948165,901144,3,340.36,1021.08,Sugar,Grocery & Staples,Deo-Kamdar
1806563605,183929,1,738.74,738.74,Bread,Dairy & Breakfast,"Nagi, Sampath and Khurana"
359819834,952168,2,236.95,473.9,Popcorn,Snacks & Munchies,"Krishnamurthy, Sibal and Das"
1908423841,449106,2,48.55,97.1,Soap,Personal Care,"Shere, Thakur and Naik"
299859815,707935,2,820.9,1641.8,Cat Food,Pet Care,"Anne, Mammen and Khatri"
923659418,217710,1,58.59,58.59,Eggs,Dairy & Breakfast,Rout-Sarna
3560625119,679865,3,347.91,1043.73,Wheat Flour,Grocery & Staples,Memon-Barad
7111490680,317242,3,198.15,594.45,Pulses,Grocery & Staples,Rastogi Group
5766981431,53833,2,134.69,269.38,Rice,Grocery & Staples,Tella-Master
8609945311,853932,3,941.19,2823.57,Baby Wipes,Baby Care,Ranganathan-Peri
1691260635,707935,1,820.9,820.9,Cat Food,Pet Care,"Anne, Mammen and Khatri"
8742091504,349294,3,934.75,2804.25,Onions,Fruits & Vegetables,Ganesan Ltd
1997833025,123983,1,785.67,785.67,Cough Syrup,Pharmacy,Kurian-Chhabra
3588296877,757274,2,98.32,196.64,Pet Treats,Pet Care,"Minhas, Kapoor and Sethi"
2404804990,557908,1,942.37,942.37,Vitamins,Pharmacy,Sundaram Inc
8091385479,14145,1,630.84,630.84,Spinach,Fruits & Vegetables,"Thakur, Shah and Pingle"
7133174424,264803,1,995.98,995.98,Vitamins,Pharmacy,Gole-Doshi
6110446321,272170,1,140.8,140.8,Ice Cream,Instant & Frozen Food,Purohit Group
6964586050,378230,1,166.42,166.42,Nuts,Snacks & Munchies,Kala-Vig
2351986014,589812,2,163.03,326.06,Detergent,Household Care,Bir PLC
352569720,757274,1,98.32,98.32,Pet Treats,Pet Care,"Minhas, Kapoor and Sethi"
1235280275,491521,2,556.35,1112.7,Nuts,Snacks & Munchies,Karpe Inc
9399859705,217710,1,58.59,58.59,Eggs,Dairy & Breakfast,Rout-Sarna
7530379037,952168,3,236.95,710.85,Popcorn,Snacks & Munchies,"Krishnamurthy, Sibal and Das"
5952886441,328457,3,858.57,2575.71,Mango Drink,Cold Drinks & Juices,Hayre-Shere
5815833211,373536,2,494.17,988.34,Dog Food,Pet Care,Chauhan-Sabharwal
7307394687,739448,2,755.66,1511.32,Dish Soap,Household Care,Mand-Choudhry
6033014029,587645,1,801.81,801.81,Vitamins,Pharmacy,"Sura, Pillay and Mammen"
1409944718,153019,3,947.95,2843.85,Onions,Fruits & Vegetables,Aurora LLC
1811382200,131748,3,81.35,244.05,Dog Food,Pet Care,"Shroff, Wason and Dugar"
4485391413,863930,3,242.57,727.71,Shampoo,Personal Care,"Sathe, Agarwal and Dhar"
4076279641,684939,3,727.95,2183.85,Lotion,Personal Care,"Sibal, Bhatnagar and Rajan"
2965387566,615545,2,448.16,896.32,Soap,Personal Care,Barman Inc
9397774189,112390,2,877.98,1755.96,Toothpaste,Personal Care,"Kibe, Contractor and Randhawa"
1437159967,803607,3,949.73,2849.19,Soap,Personal Care,"Kadakia, Mohan and Sathe"
8397785448,131136,2,37.8,75.6,Salt,Grocery & Staples,Deshpande-Rama
2778606949,654623,2,422.14,844.28,Chips,Snacks & Munchies,Pradhan and Sons
1774096863,784827,1,274.25,274.25,Baby Wipes,Baby Care,Balakrishnan Ltd
1497256618,853932,1,941.19,941.19,Baby Wipes,Baby Care,Ranganathan-Peri
734095510,313754,1,136.6,136.6,Biscuits,Snacks & Munchies,"Swaminathan, Mahal and Dara"
5755859055,473929,3,440.19,1320.57,Carrots,Fruits & Vegetables,"Bhardwaj, Bhatia and Deshmukh"
5840290569,760828,1,563.45,563.45,Pet Treats,Pet Care,"Khurana, Khosla and Yohannan"
8200985533,555121,2,354.91,709.82,Carrots,Fruits & Vegetables,"Subramanian, Chaudhuri and Dora"
3255590064,709916,1,33.76,33.76,Detergent,Household Care,Varkey LLC
4258404747,272170,1,140.8,140.8,Ice Cream,Instant & Frozen Food,Purohit Group
2455161115,131748,2,81.35,162.7,Dog Food,Pet Care,"Shroff, Wason and Dugar"
4448004569,455083,2,959.01,1918.02,Butter,Dairy & Breakfast,Dutta Inc
5951090793,615545,1,448.16,448.16,Soap,Personal Care,Barman Inc
7402491996,672059,2,672.73,1345.46,Toothpaste,Personal Care,Kaur-Gola
8532411923,77308,3,223.27,669.81,Onions,Fruits & Vegetables,Ratta-Sagar
7130555385,365133,3,915.45,2746.35,Dish Soap,Household Care,Hans Inc
4338197132,107548,3,891.6,2674.8,Cola,Cold Drinks & Juices,"Bhandari, Bhasin and Palan"
8044366071,131937,3,287.81,863.43,Frozen Pizza,Instant & Frozen Food,"Varkey, Devi and Ganguly"
4135251774,114414,2,832.06,1664.12,Vitamins,Pharmacy,Kara-Golla
6331483812,291238,1,746.03,746.03,Chocolates,Snacks & Munchies,"Sinha, Pau and Chhabra"
6705171000,9436,3,88.43,265.29,Toothpaste,Personal Care,Naidu PLC
7850128898,962054,1,16.86,16.86,Orange Juice,Cold Drinks & Juices,Toor-Nagar
3602554049,818522,3,96.09,288.27,Cheese,Dairy & Breakfast,Hora-Roy
1070259187,949818,1,483.05,483.05,Biscuits,Snacks & Munchies,Yohannan Inc
8412338399,187399,2,53.49,106.98,Frozen Pizza,Instant & Frozen Food,Chauhan Inc
1478022303,600767,2,722.42,1444.84,Toothpaste,Personal Care,Balan Group
2376108199,564692,2,215.65,431.3,Cat Food,Pet Care,"Krishna, Bail and Dyal"
5243035202,991434,3,237.62,712.86,Cookies,Snacks & Munchies,Mital-Oza
3687581971,739448,2,755.66,1511.32,Dish Soap,Household Care,Mand-Choudhry
7008586055,839170,1,481.63,481.63,Curd,Dairy & Breakfast,Shetty and Sons
5142069216,734789,2,395.82,791.64,Popcorn,Snacks & Munchies,"Chaudhari, Pant and Singh"
4152441944,712307,2,264.89,529.78,Orange Juice,Cold Drinks & Juices,Chana LLC
5601670348,491521,1,556.35,556.35,Nuts,Snacks & Munchies,Karpe Inc
605105099,542300,1,255.35,255.35,Popcorn,Snacks & Munchies,Gulati-Tandon
4054936140,461804,1,310.69,310.69,Sugar,Grocery & Staples,"Ghose, Ben and Divan"
8741892156,540618,2,317.05,634.1,Popcorn,Snacks & Munchies,Golla-Luthra
9143640828,140489,2,650.2,1300.4,Soap,Personal Care,"Biswas, Kapoor and Patel"
6900876252,367391,2,939.55,1879.1,Baby Wipes,Baby Care,Talwar and Sons
9801174908,837480,1,217.4,217.4,Cough Syrup,Pharmacy,Edwin and Sons
551343632,272170,3,140.8,422.4,Ice Cream,Instant & Frozen Food,Purohit Group
7961173808,131937,3,287.81,863.43,Frozen Pizza,Instant & Frozen Food,"Varkey, Devi and Ganguly"
328909145,681063,3,321.28,963.84,Mango Drink,Cold Drinks & Juices,Dass and Sons
5551173528,762527,2,690.08,1380.16,Biscuits,Snacks & Munchies,"Chad, Yohannan and Chopra"
4461788759,876139,2,415.75,831.5,Pulses,Grocery & Staples,Cherian-Dara
7256212429,217710,3,58.59,175.77,Eggs,Dairy & Breakfast,Rout-Sarna
9104077642,118820,2,12.32,24.64,Iced Tea,Cold Drinks & Juices,"Warrior, Ravel and Amble"
2914056235,930284,3,189.47,568.41,Baby Food,Baby Care,"Garg, Saraf and Dutta"
9127632807,681063,3,321.28,963.84,Mango Drink,Cold Drinks & Juices,Dass and Sons
6070154414,784827,1,274.25,274.25,Baby Wipes,Baby Care,Balakrishnan Ltd
2318969828,123983,1,785.67,785.67,Cough Syrup,Pharmacy,Kurian-Chhabra
3813047994,18035,2,968.94,1937.88,Dish Soap,Household Care,Ramesh Inc
1416102774,56589,2,517.77,1035.54,Vitamins,Pharmacy,"Pai, Kashyap and Ramachandran"
8086834412,566052,2,87.3,174.6,Pain Reliever,Pharmacy,"Apte, Soman and Raju"
6193826826,478531,3,825.46,2476.38,Carrots,Fruits & Vegetables,Uppal Group
8444509148,853932,3,941.19,2823.57,Baby Wipes,Baby Care,Ranganathan-Peri
42332130,365133,1,915.45,915.45,Dish Soap,Household Care,Hans Inc
6009342120,272170,2,140.8,281.6,Ice Cream,Instant & Frozen Food,Purohit Group
4818516411,367391,3,939.55,2818.65,Baby Wipes,Baby Care,Talwar and Sons
1039229544,243235,3,109.03,327.09,Cat Food,Pet Care,Batta Inc
1515943657,760684,3,71.6,214.8,Rice,Grocery & Staples,Kanda-Gupta
9183547951,461804,2,310.69,621.38,Sugar,Grocery & Staples,"Ghose, Ben and Divan"
8478376092,952168,1,236.95,236.95,Popcorn,Snacks & Munchies,"Krishnamurthy, Sibal and Das"
1454073903,34186,3,925.65,2776.95,Mangoes,Fruits & Vegetables,Mandal-Kar
2855402284,451812,2,530.85,1061.7,Pain Reliever,Pharmacy,"Batra, Sant and Mandal"
7245730533,647462,2,326.42,652.84,Lotion,Personal Care,"Balan, Samra and Sekhon"
2272892659,51036,3,931.61,2794.83,Baby Food,Baby Care,Karnik PLC
9087377568,432617,1,863.18,863.18,Baby Wipes,Baby Care,Dora-Pillai
8443685057,525531,1,831.1,831.1,Dog Food,Pet Care,Sandal PLC
1590988730,764014,3,612.04,1836.12,Salt,Grocery & Staples,"Grewal, Swamy and Dayal"
7357811417,692985,2,197.39,394.78,Pulses,Grocery & Staples,"Wable, Sankaran and Hari"
394951937,63769,1,878.07,878.07,Lotion,Personal Care,Dalal-Shan
3967445448,832348,3,831.43,2494.29,Biscuits,Snacks & Munchies,Jani-Ram
6101022928,256783,3,906.54,2719.62,Pet Treats,Pet Care,"Basu, Thakur and Rege"
6322372546,613942,3,545,1635,Pet Treats,Pet Care,"Dyal, Saraf and Goel"
9778782281,818990,3,163.55,490.65,Tomatoes,Fruits & Vegetables,Dugar Group
3867563962,647462,1,326.42,326.42,Lotion,Personal Care,"Balan, Samra and Sekhon"
9277710098,542300,2,255.35,510.7,Popcorn,Snacks & Munchies,Gulati-Tandon
7669322773,77308,2,223.27,446.54,Onions,Fruits & Vegetables,Ratta-Sagar
3917427529,771228,2,83.18,166.36,Pet Treats,Pet Care,Raja and Sons
1934158144,120532,1,697.53,697.53,Wheat Flour,Grocery & Staples,Nazareth Ltd
3157338466,847349,2,781.08,1562.16,Potatoes,Fruits & Vegetables,Chhabra-Agrawal
9640662474,760684,3,71.6,214.8,Rice,Grocery & Staples,Kanda-Gupta
2356272189,604184,3,397.55,1192.65,Toilet Cleaner,Household Care,"Gaba, Sodhi and Choudhary"
1380510406,602241,1,976.55,976.55,Nuts,Snacks & Munchies,Bahl-Pau
8008377895,349294,2,934.75,1869.5,Onions,Fruits & Vegetables,Ganesan Ltd
3680678403,313754,3,136.6,409.8,Biscuits,Snacks & Munchies,"Swaminathan, Mahal and Dara"
2847236502,871592,1,870.29,870.29,Carrots,Fruits & Vegetables,"Shankar, Nadkarni and Kumer"
5212392063,532965,1,307.23,307.23,Frozen Pizza,Instant & Frozen Food,Sachdev Inc
3804024939,57405,2,607.67,1215.34,Baby Food,Baby Care,Srinivas PLC
5395870775,432617,3,863.18,2589.54,Baby Wipes,Baby Care,Dora-Pillai
511736499,4452,1,169.88,169.88,Baby Wipes,Baby Care,Morar-Mistry
2895886759,949818,1,483.05,483.05,Biscuits,Snacks & Munchies,Yohannan Inc
6638513435,306177,3,769.24,2307.72,Frozen Biryani,Instant & Frozen Food,Som Inc
4168083780,187399,1,53.49,53.49,Frozen Pizza,Instant & Frozen Food,Chauhan Inc
2501516144,652118,3,22.04,66.12,Frozen Biryani,Instant & Frozen Food,Agate and Sons
7141387557,349294,3,934.75,2804.25,Onions,Fruits & Vegetables,Ganesan Ltd
2747350024,186168,3,878.8,2636.4,Dog Food,Pet Care,"Parekh, Lad and Kadakia"
9503407492,764014,2,612.04,1224.08,Salt,Grocery & Staples,"Grewal, Swamy and Dayal"
4845607487,513199,1,422.23,422.23,Cola,Cold Drinks & Juices,Rastogi Inc
2051769691,890232,1,432,432,Mango Drink,Cold Drinks & Juices,Jha Group
1092990139,820973,2,114.52,229.04,Baby Wipes,Baby Care,Lall LLC
5527612319,690565,3,951.27,2853.81,Cookies,Snacks & Munchies,"Roy, Seth and Patla"
8852367079,714999,3,882.51,2647.53,Bread,Dairy & Breakfast,Kala Group
1666202264,337168,2,545.49,1090.98,Eggs,Dairy & Breakfast,Dasgupta PLC
8606484804,654297,1,13.25,13.25,Potatoes,Fruits & Vegetables,Chandran-Dass
8905341102,937542,2,97.04,194.08,Wheat Flour,Grocery & Staples,Khurana and Sons
5418735913,606256,1,369.28,369.28,Frozen Biryani,Instant & Frozen Food,Agate Ltd
970377475,734789,2,395.82,791.64,Popcorn,Snacks & Munchies,"Chaudhari, Pant and Singh"
7320527109,291238,2,746.03,1492.06,Chocolates,Snacks & Munchies,"Sinha, Pau and Chhabra"
5120698,187399,1,53.49,53.49,Frozen Pizza,Instant & Frozen Food,Chauhan Inc
3812396179,114414,3,832.06,2496.18,Vitamins,Pharmacy,Kara-Golla
8178951021,18035,3,968.94,2906.82,Dish Soap,Household Care,Ramesh Inc
2479115586,532965,2,307.23,614.46,Frozen Pizza,Instant & Frozen Food,Sachdev Inc
6239453389,880510,2,951.43,1902.86,Bread,Dairy & Breakfast,Roy-Char
3136508414,435929,3,856.89,2570.67,Toilet Cleaner,Household Care,Memon Ltd
5521273487,18035,2,968.94,1937.88,Dish Soap,Household Care,Ramesh Inc
5445047872,723678,3,675.46,2026.38,Dog Food,Pet Care,"Lall, Datta and Swamy"
3678525130,451812,1,530.85,530.85,Pain Reliever,Pharmacy,"Batra, Sant and Mandal"
9328056960,237083,2,577.13,1154.26,Cough Syrup,Pharmacy,Hayer-Banerjee
2109203997,131937,1,287.81,287.81,Frozen Pizza,Instant & Frozen Food,"Varkey, Devi and Ganguly"
556665455,876139,3,415.75,1247.25,Pulses,Grocery & Staples,Cherian-Dara
6573705785,567671,2,418.48,836.96,Biscuits,Snacks & Munchies,Nagar LLC
2609502403,131136,1,37.8,37.8,Salt,Grocery & Staples,Deshpande-Rama
1463293930,689769,1,46.62,46.62,Frozen Vegetables,Instant & Frozen Food,Kothari-Datta
8132887999,433521,2,321.33,642.66,Diapers,Baby Care,Mahal Group
7178789018,112390,1,877.98,877.98,Toothpaste,Personal Care,"Kibe, Contractor and Randhawa"
2295700159,760828,3,563.45,1690.35,Pet Treats,Pet Care,"Khurana, Khosla and Yohannan"
9277089038,837480,2,217.4,434.8,Cough Syrup,Pharmacy,Edwin and Sons
145057465,26060,3,342.94,1028.82,Vitamins,Pharmacy,Shah and Sons
9452353274,34186,1,925.65,925.65,Mangoes,Fruits & Vegetables,Mandal-Kar
5434328922,837480,2,217.4,434.8,Cough Syrup,Pharmacy,Edwin and Sons
3327051807,516376,3,877.43,2632.29,Onions,Fruits & Vegetables,Agarwal-Dhar
1461604569,812607,1,416.65,416.65,Potatoes,Fruits & Vegetables,Rege Group
606518084,60619,1,726.41,726.41,Iced Tea,Cold Drinks & Juices,Bhasin LLC
7637625389,585299,1,799.46,799.46,Pet Treats,Pet Care,"Sharma, Chandra and Prashad"
7311621328,317242,3,198.15,594.45,Pulses,Grocery & Staples,Rastogi Group
8790217194,589812,2,163.03,326.06,Detergent,Household Care,Bir PLC
1772445313,557908,3,942.37,2827.11,Vitamins,Pharmacy,Sundaram Inc
159394992,473929,1,440.19,440.19,Carrots,Fruits & Vegetables,"Bhardwaj, Bhatia and Deshmukh"
7992910755,243235,1,109.03,109.03,Cat Food,Pet Care,Batta Inc
1786931285,679321,1,738.46,738.46,Cola,Cold Drinks & Juices,Khurana-Dewan
2225520858,448752,3,160.07,480.21,Toilet Cleaner,Household Care,Batta-Doctor
5635738740,319388,2,657.8,1315.6,Orange Juice,Cold Drinks & Juices,D’Alia-Dey
2230824358,679284,1,877.89,877.89,Cough Syrup,Pharmacy,Pant LLC
9217211301,681063,2,321.28,642.56,Mango Drink,Cold Drinks & Juices,Dass and Sons
4501870609,839170,2,481.63,963.26,Curd,Dairy & Breakfast,Shetty and Sons
838401679,832348,3,831.43,2494.29,Biscuits,Snacks & Munchies,Jani-Ram
9587315528,623234,3,329.79,989.37,Frozen Biryani,Instant & Frozen Food,Chakrabarti-Batra
3122936945,880510,1,951.43,951.43,Bread,Dairy & Breakfast,Roy-Char
6093390755,337168,1,545.49,545.49,Eggs,Dairy & Breakfast,Dasgupta PLC
2032956677,993331,1,102.44,102.44,Pulses,Grocery & Staples,"Parmer, Gola and Yogi"
1488430001,807452,3,144.19,432.57,Pulses,Grocery & Staples,Naik Ltd
615391848,284460,1,505.95,505.95,Potatoes,Fruits & Vegetables,"Ramakrishnan, Anand and Khare"
8686093533,492958,2,84.2,168.4,Lotion,Personal Care,Acharya PLC
7038758506,51036,2,931.61,1863.22,Baby Food,Baby Care,Karnik PLC
2385966456,451933,3,568.94,1706.82,Wheat Flour,Grocery & Staples,Nadig Ltd
259622674,154179,2,582.87,1165.74,Pain Reliever,Pharmacy,"Barad, Devi and Andra"
2580381935,137909,2,864.3,1728.6,Cough Syrup,Pharmacy,Dalal PLC
5035471587,927651,2,426.72,853.44,Baby Wipes,Baby Care,Narula Group
9421270813,154179,1,582.87,582.87,Pain Reliever,Pharmacy,"Barad, Devi and Andra"
1831516625,264803,3,995.98,2987.94,Vitamins,Pharmacy,Gole-Doshi
1918841793,256051,1,400.92,400.92,Lotion,Personal Care,"Mannan, Naidu and Sama"
1757159071,589812,2,163.03,326.06,Detergent,Household Care,Bir PLC
7589464630,961614,1,227.22,227.22,Chocolates,Snacks & Munchies,Goda Inc
1577085460,723678,3,675.46,2026.38,Dog Food,Pet Care,"Lall, Datta and Swamy"
2279018877,993331,2,102.44,204.88,Pulses,Grocery & Staples,"Parmer, Gola and Yogi"
7431412128,136533,2,826.21,1652.42,Eggs,Dairy & Breakfast,"Raghavan, Magar and Shanker"
8781520615,689769,2,46.62,93.24,Frozen Vegetables,Instant & Frozen Food,Kothari-Datta
1276192882,853932,1,941.19,941.19,Baby Wipes,Baby Care,Ranganathan-Peri
4065794921,120385,3,597.91,1793.73,Pet Treats,Pet Care,Dubey-Sarin
1690800946,589812,1,163.03,163.03,Detergent,Household Care,Bir PLC
877883470,4452,2,169.88,339.76,Baby Wipes,Baby Care,Morar-Mistry
7322044533,382511,3,702.54,2107.62,Butter,Dairy & Breakfast,Bora-Thakkar
5243163885,833557,1,422.87,422.87,Cereal,Dairy & Breakfast,"Gole, Chand and Dada"
4360255357,91670,3,439.24,1317.72,Dish Soap,Household Care,Barman-Ahluwalia
9623306038,365133,2,915.45,1830.9,Dish Soap,Household Care,Hans Inc
6282385286,807452,2,144.19,288.38,Pulses,Grocery & Staples,Naik Ltd
1001900652,217710,2,58.59,117.18,Eggs,Dairy & Breakfast,Rout-Sarna
5161988291,82484,2,914.88,1829.76,Baby Food,Baby Care,Mallick PLC
3597752998,376447,1,724.84,724.84,Butter,Dairy & Breakfast,Gara and Sons
9074325310,11422,2,127.16,254.32,Potatoes,Fruits & Vegetables,Ramaswamy-Tata
8875965392,361361,3,826.21,2478.63,Biscuits,Snacks & Munchies,"Kunda, Dave and Sahni"
971081962,673058,3,765.76,2297.28,Cough Syrup,Pharmacy,Balan-Madan
1948332638,18035,2,968.94,1937.88,Dish Soap,Household Care,Ramesh Inc
1785558780,689769,1,46.62,46.62,Frozen Vegetables,Instant & Frozen Food,Kothari-Datta
7590462053,228286,3,179.08,537.24,Cola,Cold Drinks & Juices,Bhattacharyya PLC
2135743860,647462,1,326.42,326.42,Lotion,Personal Care,"Balan, Samra and Sekhon"
9851365751,222892,3,869.22,2607.66,Tomatoes,Fruits & Vegetables,Ramakrishnan-Ghose
9243090480,385113,3,816.38,2449.14,Lotion,Personal Care,"Sampath, Mane and Mody"
7168596454,563740,2,96.33,192.66,Chips,Snacks & Munchies,Mann-Kapadia
2483565595,52729,1,316.02,316.02,Cat Food,Pet Care,Saini LLC
2484470052,721521,2,417.39,834.78,Rice,Grocery & Staples,"Ramanathan, Agarwal and Baria"
7702588270,305754,2,979.99,1959.98,Frozen Vegetables,Instant & Frozen Food,Mammen-Hegde
5992338333,63769,2,878.07,1756.14,Lotion,Personal Care,Dalal-Shan
9196796718,965755,1,532.57,532.57,Bananas,Fruits & Vegetables,"Doshi, Sarraf and Sama"
3291765954,171602,2,883.44,1766.88,Cola,Cold Drinks & Juices,Pal-Sehgal
652616858,589812,3,163.03,489.09,Detergent,Household Care,Bir PLC
2613508245,123983,3,785.67,2357.01,Cough Syrup,Pharmacy,Kurian-Chhabra
8169361928,818990,2,163.55,327.1,Tomatoes,Fruits & Vegetables,Dugar Group
9395982132,891833,2,493.19,986.38,Curd,Dairy & Breakfast,Mani PLC
1914701538,962591,1,130.01,130.01,Orange Juice,Cold Drinks & Juices,Murthy-Kaul
6236279358,77308,1,223.27,223.27,Onions,Fruits & Vegetables,Ratta-Sagar
2288561509,968887,3,40.7,122.1,Dish Soap,Household Care,Keer-Gill
2010415757,820973,3,114.52,343.56,Baby Wipes,Baby Care,Lall LLC
7164827734,9436,2,88.43,176.86,Toothpaste,Personal Care,Naidu PLC
7971819985,764014,3,612.04,1836.12,Salt,Grocery & Staples,"Grewal, Swamy and Dayal"
8234021674,123983,3,785.67,2357.01,Cough Syrup,Pharmacy,Kurian-Chhabra
4274404843,803607,1,949.73,949.73,Soap,Personal Care,"Kadakia, Mohan and Sathe"
7353519273,927651,1,426.72,426.72,Baby Wipes,Baby Care,Narula Group
8539612501,707935,1,820.9,820.9,Cat Food,Pet Care,"Anne, Mammen and Khatri"
5894327065,953175,3,225.21,675.63,Baby Food,Baby Care,Sehgal-Nagarajan
77053363,883013,3,989.88,2969.64,Eggs,Dairy & Breakfast,Chahal Group
4467084478,833557,2,422.87,845.74,Cereal,Dairy & Breakfast,"Gole, Chand and Dada"
3514036230,107548,2,891.6,1783.2,Cola,Cold Drinks & Juices,"Bhandari, Bhasin and Palan"
4720421794,532965,2,307.23,614.46,Frozen Pizza,Instant & Frozen Food,Sachdev Inc
3202903413,140489,3,650.2,1950.6,Soap,Personal Care,"Biswas, Kapoor and Patel"
6938082428,764014,2,612.04,1224.08,Salt,Grocery & Staples,"Grewal, Swamy and Dayal"
9202941711,144124,2,162.67,325.34,Detergent,Household Care,Lalla-Srinivasan
8963522960,264803,2,995.98,1991.96,Vitamins,Pharmacy,Gole-Doshi
9266835891,243235,2,109.03,218.06,Cat Food,Pet Care,Batta Inc
5265722064,672059,3,672.73,2018.19,Toothpaste,Personal Care,Kaur-Gola
5514326011,677542,1,212.61,212.61,Toilet Cleaner,Household Care,Thaman-Lanka
9578652103,15314,1,578.85,578.85,Cheese,Dairy & Breakfast,Banik-Ratta
3559061334,706112,3,478.79,1436.37,Vitamins,Pharmacy,"Magar, Gara and Garg"
637944734,4452,3,169.88,509.64,Baby Wipes,Baby Care,Morar-Mistry
7454643275,365132,3,229.38,688.14,Instant Noodles,Instant & Frozen Food,Dar-Kumar
4319342350,951463,2,787.4,1574.8,Pet Treats,Pet Care,Balakrishnan-Kaur
7568450733,871592,2,870.29,1740.58,Carrots,Fruits & Vegetables,"Shankar, Nadkarni and Kumer"
734744305,77308,3,223.27,669.81,Onions,Fruits & Vegetables,Ratta-Sagar
5233331050,171602,3,883.44,2650.32,Cola,Cold Drinks & Juices,Pal-Sehgal
8326867788,798639,3,211.25,633.75,Eggs,Dairy & Breakfast,Subramaniam LLC
8368819094,968887,3,40.7,122.1,Dish Soap,Household Care,Keer-Gill
8700151605,820541,2,576.22,1152.44,Toilet Cleaner,Household Care,"Borde, Peri and Upadhyay"
6269179048,700048,3,141.28,423.84,Dish Soap,Household Care,Khalsa-Bhavsar
1265254177,435929,1,856.89,856.89,Toilet Cleaner,Household Care,Memon Ltd
9858963919,140489,3,650.2,1950.6,Soap,Personal Care,"Biswas, Kapoor and Patel"
7279564594,336847,2,936.98,1873.96,Toilet Cleaner,Household Care,"Dayal, Mammen and More"
6983253839,913428,3,392.22,1176.66,Pet Treats,Pet Care,Narayanan-Kumar
9479808024,712307,2,264.89,529.78,Orange Juice,Cold Drinks & Juices,Chana LLC
3583522679,712003,1,671.68,671.68,Cola,Cold Drinks & Juices,"Karan, Bandi and Acharya"
1923226423,365133,2,915.45,1830.9,Dish Soap,Household Care,Hans Inc
664198080,615545,1,448.16,448.16,Soap,Personal Care,Barman Inc
4224700084,305754,1,979.99,979.99,Frozen Vegetables,Instant & Frozen Food,Mammen-Hegde
969621016,540618,3,317.05,951.15,Popcorn,Snacks & Munchies,Golla-Luthra
8178275820,136533,2,826.21,1652.42,Eggs,Dairy & Breakfast,"Raghavan, Magar and Shanker"
4949766982,490602,2,549.47,1098.94,Sugar,Grocery & Staples,Raghavan Inc
5258344385,712307,3,264.89,794.67,Orange Juice,Cold Drinks & Juices,Chana LLC
8101930640,833557,1,422.87,422.87,Cereal,Dairy & Breakfast,"Gole, Chand and Dada"
6703316563,365132,1,229.38,229.38,Instant Noodles,Instant & Frozen Food,Dar-Kumar
7680297690,970529,2,827.44,1654.88,Diapers,Baby Care,"Kurian, Patla and Sanghvi"
7256340388,673058,3,765.76,2297.28,Cough Syrup,Pharmacy,Balan-Madan
2538269668,557908,1,942.37,942.37,Vitamins,Pharmacy,Sundaram Inc
7506762237,700048,1,141.28,141.28,Dish Soap,Household Care,Khalsa-Bhavsar
6585436114,652118,1,22.04,22.04,Frozen Biryani,Instant & Frozen Food,Agate and Sons
9852996866,107548,2,891.6,1783.2,Cola,Cold Drinks & Juices,"Bhandari, Bhasin and Palan"
1991135167,901144,3,340.36,1021.08,Sugar,Grocery & Staples,Deo-Kamdar
7765110772,563740,2,96.33,192.66,Chips,Snacks & Munchies,Mann-Kapadia
3520718052,51036,3,931.61,2794.83,Baby Food,Baby Care,Karnik PLC
5388573375,652118,3,22.04,66.12,Frozen Biryani,Instant & Frozen Food,Agate and Sons
8977771682,63769,2,878.07,1756.14,Lotion,Personal Care,Dalal-Shan
3596900942,537274,2,702.71,1405.42,Pet Treats,Pet Care,Lal-Chauhan
155295996,365133,3,915.45,2746.35,Dish Soap,Household Care,Hans Inc
1945536198,34200,3,319.8,959.4,Lotion,Personal Care,Munshi-Grewal
2550246555,89084,3,598.83,1796.49,Milk,Dairy & Breakfast,"Wali, Virk and Iyer"
4287631655,969851,2,340.66,681.32,Frozen Vegetables,Instant & Frozen Food,"Kara, Sodhi and Bassi"
2033683703,954722,3,616.45,1849.35,Ice Cream,Instant & Frozen Food,Mohan-Virk
9453583714,623234,3,329.79,989.37,Frozen Biryani,Instant & Frozen Food,Chakrabarti-Batra
852886125,679284,3,877.89,2633.67,Cough Syrup,Pharmacy,Pant LLC
5705899665,784673,1,491.39,491.39,Dog Food,Pet Care,Ramanathan Group
5706043483,6405,3,236.51,709.53,Baby Food,Baby Care,Kashyap-Reddy
5190422833,962591,3,130.01,390.03,Orange Juice,Cold Drinks & Juices,Murthy-Kaul
7178188501,712307,2,264.89,529.78,Orange Juice,Cold Drinks & Juices,Chana LLC
2864819888,425341,3,486.28,1458.84,Pet Treats,Pet Care,"Mani, Dhar and Muni"
7107216633,600767,1,722.42,722.42,Toothpaste,Personal Care,Balan Group
1685382357,329351,2,310.87,621.74,Cheese,Dairy & Breakfast,"Lala, Kalita and Sathe"
7562902958,927651,1,426.72,426.72,Baby Wipes,Baby Care,Narula Group
2819953077,762527,3,690.08,2070.24,Biscuits,Snacks & Munchies,"Chad, Yohannan and Chopra"
8453462258,542300,3,255.35,766.05,Popcorn,Snacks & Munchies,Gulati-Tandon
4605056279,473929,1,440.19,440.19,Carrots,Fruits & Vegetables,"Bhardwaj, Bhatia and Deshmukh"
5998035939,642612,1,517.03,517.03,Pet Treats,Pet Care,Pillay-Ahuja
2311501690,144124,2,162.67,325.34,Detergent,Household Care,Lalla-Srinivasan
356495722,807452,2,144.19,288.38,Pulses,Grocery & Staples,Naik Ltd
2695448838,962591,1,130.01,130.01,Orange Juice,Cold Drinks & Juices,Murthy-Kaul
6986791144,500633,1,154.5,154.5,Cereal,Dairy & Breakfast,Trivedi-Ahluwalia
8619571588,820541,3,576.22,1728.66,Toilet Cleaner,Household Care,"Borde, Peri and Upadhyay"
4088553674,606256,2,369.28,738.56,Frozen Biryani,Instant & Frozen Food,Agate Ltd
8177907004,945635,2,778.9,1557.8,Pulses,Grocery & Staples,Balasubramanian PLC
8533749006,490939,1,80.25,80.25,Lotion,Personal Care,"Roy, Barad and De"
8694014791,478531,1,825.46,825.46,Carrots,Fruits & Vegetables,Uppal Group
6311012195,222892,3,869.22,2607.66,Tomatoes,Fruits & Vegetables,Ramakrishnan-Ghose
1312767771,704868,2,193.46,386.92,Detergent,Household Care,"Parikh, Oak and Kara"
214919848,328457,1,858.57,858.57,Mango Drink,Cold Drinks & Juices,Hayre-Shere
5521682945,888807,3,230.58,691.74,Bread,Dairy & Breakfast,Arya Group
5305770811,264803,2,995.98,1991.96,Vitamins,Pharmacy,Gole-Doshi
5842420654,714999,2,882.51,1765.02,Bread,Dairy & Breakfast,Kala Group
4566893863,228286,3,179.08,537.24,Cola,Cold Drinks & Juices,Bhattacharyya PLC
1523729855,647462,2,326.42,652.84,Lotion,Personal Care,"Balan, Samra and Sekhon"
2899786983,336847,1,936.98,936.98,Toilet Cleaner,Household Care,"Dayal, Mammen and More"
9202528884,18035,1,968.94,968.94,Dish Soap,Household Care,Ramesh Inc
4338327693,228286,2,179.08,358.16,Cola,Cold Drinks & Juices,Bhattacharyya PLC
6295686357,942001,1,671.55,671.55,Cat Food,Pet Care,Acharya Ltd
6396194687,89084,1,598.83,598.83,Milk,Dairy & Breakfast,"Wali, Virk and Iyer"
5662786245,563740,1,96.33,96.33,Chips,Snacks & Munchies,Mann-Kapadia
4868150114,564692,3,215.65,646.95,Cat Food,Pet Care,"Krishna, Bail and Dyal"
502764834,112390,2,877.98,1755.96,Toothpaste,Personal Care,"Kibe, Contractor and Randhawa"
5056125341,378287,3,332.84,998.52,Lemonade,Cold Drinks & Juices,Ramesh-Jain
6388618916,41853,1,910.44,910.44,Curd,Dairy & Breakfast,Handa PLC
3508668494,366066,2,918.58,1837.16,Soap,Personal Care,Mandal LLC
5289436093,890623,1,354.52,354.52,Onions,Fruits & Vegetables,"Sangha, Nagar and Varty"
7596333614,481843,2,297.68,595.36,Chocolates,Snacks & Munchies,"Taneja, Kala and Kota"
6284076508,888807,1,230.58,230.58,Bread,Dairy & Breakfast,Arya Group
340050407,880510,1,951.43,951.43,Bread,Dairy & Breakfast,Roy-Char
5927472701,747801,1,277.76,277.76,Toilet Cleaner,Household Care,Saha-Vora
9216536492,219598,1,367.08,367.08,Shampoo,Personal Care,Arora-Magar
3742662928,397973,2,728.73,1457.46,Bananas,Fruits & Vegetables,"Wable, Randhawa and Mutti"
4797768073,34200,1,319.8,319.8,Lotion,Personal Care,Munshi-Grewal
6767935470,690565,1,951.27,951.27,Cookies,Snacks & Munchies,"Roy, Seth and Patla"
1963703928,644847,1,622.81,622.81,Salt,Grocery & Staples,"Jhaveri, Kata and Kapur"
552470423,762527,1,690.08,690.08,Biscuits,Snacks & Munchies,"Chad, Yohannan and Chopra"
739434870,367391,3,939.55,2818.65,Baby Wipes,Baby Care,Talwar and Sons
7930373606,901144,1,340.36,340.36,Sugar,Grocery & Staples,Deo-Kamdar
5374978054,146840,3,786.85,2360.55,Bread,Dairy & Breakfast,"Bains, Deol and Vaidya"
4361797433,739534,2,994.56,1989.12,Toilet Cleaner,Household Care,"Gera, Narang and Karpe"
2002067527,317242,3,198.15,594.45,Pulses,Grocery & Staples,Rastogi Group
4228110436,366066,2,918.58,1837.16,Soap,Personal Care,Mandal LLC
1251118825,953175,3,225.21,675.63,Baby Food,Baby Care,Sehgal-Nagarajan
7165265639,890232,3,432,1296,Mango Drink,Cold Drinks & Juices,Jha Group
1255323701,847349,1,781.08,781.08,Potatoes,Fruits & Vegetables,Chhabra-Agrawal
807934194,256783,1,906.54,906.54,Pet Treats,Pet Care,"Basu, Thakur and Rege"
7968718292,11422,3,127.16,381.48,Potatoes,Fruits & Vegetables,Ramaswamy-Tata
2620531979,336847,2,936.98,1873.96,Toilet Cleaner,Household Care,"Dayal, Mammen and More"
6943430459,871592,1,870.29,870.29,Carrots,Fruits & Vegetables,"Shankar, Nadkarni and Kumer"
5607355353,707935,2,820.9,1641.8,Cat Food,Pet Care,"Anne, Mammen and Khatri"
6696352636,537274,3,702.71,2108.13,Pet Treats,Pet Care,Lal-Chauhan
9325920156,784827,1,274.25,274.25,Baby Wipes,Baby Care,Balakrishnan Ltd
2286477025,949818,2,483.05,966.1,Biscuits,Snacks & Munchies,Yohannan Inc
6704773223,723678,3,675.46,2026.38,Dog Food,Pet Care,"Lall, Datta and Swamy"
1435353007,336847,1,936.98,936.98,Toilet Cleaner,Household Care,"Dayal, Mammen and More"
8080970647,91670,1,439.24,439.24,Dish Soap,Household Care,Barman-Ahluwalia
5881633926,6405,1,236.51,236.51,Baby Food,Baby Care,Kashyap-Reddy
4435459085,291238,1,746.03,746.03,Chocolates,Snacks & Munchies,"Sinha, Pau and Chhabra"
6172529406,327290,2,862.28,1724.56,Sugar,Grocery & Staples,Nadkarni Inc
9127879048,890623,2,354.52,709.04,Onions,Fruits & Vegetables,"Sangha, Nagar and Varty"
3806545110,760828,3,563.45,1690.35,Pet Treats,Pet Care,"Khurana, Khosla and Yohannan"
6919395718,461804,1,310.69,310.69,Sugar,Grocery & Staples,"Ghose, Ben and Divan"
5277462976,654297,3,13.25,39.75,Potatoes,Fruits & Vegetables,Chandran-Dass
3606274277,992178,2,632.43,1264.86,Pain Reliever,Pharmacy,Basu and Sons
2065203676,228286,1,179.08,179.08,Cola,Cold Drinks & Juices,Bhattacharyya PLC
4042066387,961614,3,227.22,681.66,Chocolates,Snacks & Munchies,Goda Inc
3604982656,968887,2,40.7,81.4,Dish Soap,Household Care,Keer-Gill
1149676745,94225,3,77.11,231.33,Toilet Cleaner,Household Care,"Gulati, Ram and Sarkar"
3895011687,349294,1,934.75,934.75,Onions,Fruits & Vegetables,Ganesan Ltd
772505056,313754,2,136.6,273.2,Biscuits,Snacks & Munchies,"Swaminathan, Mahal and Dara"
5574765914,51036,3,931.61,2794.83,Baby Food,Baby Care,Karnik PLC
8812616740,673058,2,765.76,1531.52,Cough Syrup,Pharmacy,Balan-Madan
1486655525,34186,1,925.65,925.65,Mangoes,Fruits & Vegetables,Mandal-Kar
8423025639,365132,3,229.38,688.14,Instant Noodles,Instant & Frozen Food,Dar-Kumar
9020705185,654623,2,422.14,844.28,Chips,Snacks & Munchies,Pradhan and Sons
7719808698,118820,3,12.32,36.96,Iced Tea,Cold Drinks & Juices,"Warrior, Ravel and Amble"
3414036630,767398,2,22.14,44.28,Dish Soap,Household Care,"Arya, Sundaram and Pingle"
4157869967,848226,3,209.59,628.77,Tomatoes,Fruits & Vegetables,Barad and Sons
4873887251,652118,1,22.04,22.04,Frozen Biryani,Instant & Frozen Food,Agate and Sons
8031946454,455083,1,959.01,959.01,Butter,Dairy & Breakfast,Dutta Inc
8168056170,194682,3,912.29,2736.87,Iced Tea,Cold Drinks & Juices,Sastry-Issac
3108512811,993331,2,102.44,204.88,Pulses,Grocery & Staples,"Parmer, Gola and Yogi"
1680591951,131748,1,81.35,81.35,Dog Food,Pet Care,"Shroff, Wason and Dugar"
559245731,461804,1,310.69,310.69,Sugar,Grocery & Staples,"Ghose, Ben and Divan"
8655600303,440875,2,275.03,550.06,Baby Wipes,Baby Care,Loyal Inc
8247327365,704868,3,193.46,580.38,Detergent,Household Care,"Parikh, Oak and Kara"
9153347285,89084,2,598.83,1197.66,Milk,Dairy & Breakfast,"Wali, Virk and Iyer"
1977533409,137909,1,864.3,864.3,Cough Syrup,Pharmacy,Dalal PLC
2433646621,94225,2,77.11,154.22,Toilet Cleaner,Household Care,"Gulati, Ram and Sarkar"
22830983,890232,3,432,1296,Mango Drink,Cold Drinks & Juices,Jha Group
1143763031,961614,3,227.22,681.66,Chocolates,Snacks & Munchies,Goda Inc
8524056436,540618,1,317.05,317.05,Popcorn,Snacks & Munchies,Golla-Luthra
4262338791,557908,3,942.37,2827.11,Vitamins,Pharmacy,Sundaram Inc
187728451,880510,1,951.43,951.43,Bread,Dairy & Breakfast,Roy-Char
6754346312,930284,1,189.47,189.47,Baby Food,Baby Care,"Garg, Saraf and Dutta"
5790622967,137909,3,864.3,2592.9,Cough Syrup,Pharmacy,Dalal PLC
4305348838,927651,1,426.72,426.72,Baby Wipes,Baby Care,Narula Group
2902411553,832348,1,831.43,831.43,Biscuits,Snacks & Munchies,Jani-Ram
3691199770,564692,1,215.65,215.65,Cat Food,Pet Care,"Krishna, Bail and Dyal"
775709102,818990,2,163.55,327.1,Tomatoes,Fruits & Vegetables,Dugar Group
5262508570,689769,2,46.62,93.24,Frozen Vegetables,Instant & Frozen Food,Kothari-Datta
192109127,721521,2,417.39,834.78,Rice,Grocery & Staples,"Ramanathan, Agarwal and Baria"
1108215973,851978,3,715.72,2147.16,Vitamins,Pharmacy,Parsa-Bala
1719134546,473647,3,43.05,129.15,Toothpaste,Personal Care,Ben-Ravi
5280263316,847349,1,781.08,781.08,Potatoes,Fruits & Vegetables,Chhabra-Agrawal
9448306266,487065,1,374.68,374.68,Chips,Snacks & Munchies,Kadakia-Yadav
8023626961,673058,1,765.76,765.76,Cough Syrup,Pharmacy,Balan-Madan
1118405605,287070,3,443.17,1329.51,Wheat Flour,Grocery & Staples,"Gala, Magar and Rajagopal"
8226034341,723678,2,675.46,1350.92,Dog Food,Pet Care,"Lall, Datta and Swamy"
6976835753,563740,3,96.33,288.99,Chips,Snacks & Munchies,Mann-Kapadia
9171564499,807452,2,144.19,288.38,Pulses,Grocery & Staples,Naik Ltd
5393607402,965755,1,532.57,532.57,Bananas,Fruits & Vegetables,"Doshi, Sarraf and Sama"
5670040592,700048,1,141.28,141.28,Dish Soap,Household Care,Khalsa-Bhavsar
6736891890,942001,3,671.55,2014.65,Cat Food,Pet Care,Acharya Ltd
1223255075,820541,1,576.22,576.22,Toilet Cleaner,Household Care,"Borde, Peri and Upadhyay"
8158413630,654623,3,422.14,1266.42,Chips,Snacks & Munchies,Pradhan and Sons
7867573412,741341,3,923.84,2771.52,Eggs,Dairy & Breakfast,Prasad LLC
1624690598,799688,3,309.62,928.86,Lotion,Personal Care,Arora LLC
8968945932,52729,3,316.02,948.06,Cat Food,Pet Care,Saini LLC
1645212433,473929,2,440.19,880.38,Carrots,Fruits & Vegetables,"Bhardwaj, Bhatia and Deshmukh"
9187046038,53833,2,134.69,269.38,Rice,Grocery & Staples,Tella-Master
9305357757,721521,2,417.39,834.78,Rice,Grocery & Staples,"Ramanathan, Agarwal and Baria"
8312320295,654623,3,422.14,1266.42,Chips,Snacks & Munchies,Pradhan and Sons
3256941332,952168,3,236.95,710.85,Popcorn,Snacks & Munchies,"Krishnamurthy, Sibal and Das"
8980502814,256783,3,906.54,2719.62,Pet Treats,Pet Care,"Basu, Thakur and Rege"
9270396838,440875,1,275.03,275.03,Baby Wipes,Baby Care,Loyal Inc
2892588628,820973,3,114.52,343.56,Baby Wipes,Baby Care,Lall LLC
8774158800,492958,2,84.2,168.4,Lotion,Personal Care,Acharya PLC
2056131802,397973,3,728.73,2186.19,Bananas,Fruits & Vegetables,"Wable, Randhawa and Mutti"
3528007192,243235,3,109.03,327.09,Cat Food,Pet Care,Batta Inc
2845333894,313754,3,136.6,409.8,Biscuits,Snacks & Munchies,"Swaminathan, Mahal and Dara"
6602340187,894539,3,445.48,1336.44,Dish Soap,Household Care,"Pall, Sule and Sood"
721004875,677542,2,212.61,425.22,Toilet Cleaner,Household Care,Thaman-Lanka
7435895360,820973,2,114.52,229.04,Baby Wipes,Baby Care,Lall LLC
4217659083,692985,2,197.39,394.78,Pulses,Grocery & Staples,"Wable, Sankaran and Hari"
9710865146,451812,3,530.85,1592.55,Pain Reliever,Pharmacy,"Batra, Sant and Mandal"
5375295409,709916,3,33.76,101.28,Detergent,Household Care,Varkey LLC
6286044248,490939,1,80.25,80.25,Lotion,Personal Care,"Roy, Barad and De"
1708282193,818522,3,96.09,288.27,Cheese,Dairy & Breakfast,Hora-Roy
5746303677,56589,3,517.77,1553.31,Vitamins,Pharmacy,"Pai, Kashyap and Ramachandran"
3271726381,319388,3,657.8,1973.4,Orange Juice,Cold Drinks & Juices,D’Alia-Dey
9802569856,602241,3,976.55,2929.65,Nuts,Snacks & Munchies,Bahl-Pau
662460037,82484,2,914.88,1829.76,Baby Food,Baby Care,Mallick PLC
8664447334,57405,1,607.67,607.67,Baby Food,Baby Care,Srinivas PLC
3886370975,440875,1,275.03,275.03,Baby Wipes,Baby Care,Loyal Inc
3547006553,969851,1,340.66,340.66,Frozen Vegetables,Instant & Frozen Food,"Kara, Sodhi and Bassi"
2575965518,952168,1,236.95,236.95,Popcorn,Snacks & Munchies,"Krishnamurthy, Sibal and Das"
1529363954,853932,3,941.19,2823.57,Baby Wipes,Baby Care,Ranganathan-Peri
8463856241,673058,2,765.76,1531.52,Cough Syrup,Pharmacy,Balan-Madan
2485242479,34186,3,925.65,2776.95,Mangoes,Fruits & Vegetables,Mandal-Kar
9850673433,552883,3,888.16,2664.48,Potatoes,Fruits & Vegetables,"Balan, Patel and Mall"
2558680592,771228,1,83.18,83.18,Pet Treats,Pet Care,Raja and Sons
2859167116,60619,1,726.41,726.41,Iced Tea,Cold Drinks & Juices,Bhasin LLC
1222236371,491314,3,973.44,2920.32,Ice Cream,Instant & Frozen Food,Banerjee Inc
344177904,970529,1,827.44,827.44,Diapers,Baby Care,"Kurian, Patla and Sanghvi"
6126334783,425341,3,486.28,1458.84,Pet Treats,Pet Care,"Mani, Dhar and Muni"
3742575364,240179,3,90.56,271.68,Cough Syrup,Pharmacy,Ram-Suri
9272166174,367391,2,939.55,1879.1,Baby Wipes,Baby Care,Talwar and Sons
9416522701,217710,1,58.59,58.59,Eggs,Dairy & Breakfast,Rout-Sarna
7305871805,853932,3,941.19,2823.57,Baby Wipes,Baby Care,Ranganathan-Peri
80296810,33955,2,186.08,372.16,Frozen Pizza,Instant & Frozen Food,Baral Group
2806868282,661577,3,720.95,2162.85,Cat Food,Pet Care,Majumdar PLC
707033578,820973,1,114.52,114.52,Baby Wipes,Baby Care,Lall LLC
9026783092,432617,2,863.18,1726.36,Baby Wipes,Baby Care,Dora-Pillai
6229466619,449106,2,48.55,97.1,Soap,Personal Care,"Shere, Thakur and Naik"
408720270,721521,3,417.39,1252.17,Rice,Grocery & Staples,"Ramanathan, Agarwal and Baria"
8870165072,186168,1,878.8,878.8,Dog Food,Pet Care,"Parekh, Lad and Kadakia"
1979319490,243235,1,109.03,109.03,Cat Food,Pet Care,Batta Inc
840761323,883013,3,989.88,2969.64,Eggs,Dairy & Breakfast,Chahal Group
744721438,604184,2,397.55,795.1,Toilet Cleaner,Household Care,"Gaba, Sodhi and Choudhary"
7421707488,721521,2,417.39,834.78,Rice,Grocery & Staples,"Ramanathan, Agarwal and Baria"
1212718824,324809,2,608,1216,Bread,Dairy & Breakfast,Sidhu PLC
9603256001,832348,2,831.43,1662.86,Biscuits,Snacks & Munchies,Jani-Ram
5626888972,681063,1,321.28,321.28,Mango Drink,Cold Drinks & Juices,Dass and Sons
2300753276,764014,1,612.04,612.04,Salt,Grocery & Staples,"Grewal, Swamy and Dayal"
869629562,237083,2,577.13,1154.26,Cough Syrup,Pharmacy,Hayer-Banerjee
3429137520,993331,1,102.44,102.44,Pulses,Grocery & Staples,"Parmer, Gola and Yogi"
9957927297,449106,3,48.55,145.65,Soap,Personal Care,"Shere, Thakur and Naik"
202466684,642612,1,517.03,517.03,Pet Treats,Pet Care,Pillay-Ahuja
8465721207,33955,2,186.08,372.16,Frozen Pizza,Instant & Frozen Food,Baral Group
6194827199,555121,2,354.91,709.82,Carrots,Fruits & Vegetables,"Subramanian, Chaudhuri and Dora"
3942174431,764014,2,612.04,1224.08,Salt,Grocery & Staples,"Grewal, Swamy and Dayal"
3189863462,567671,2,418.48,836.96,Biscuits,Snacks & Munchies,Nagar LLC
5923573134,623234,2,329.79,659.58,Frozen Biryani,Instant & Frozen Food,Chakrabarti-Batra
6659747528,366066,3,918.58,2755.74,Soap,Personal Care,Mandal LLC
6037541687,306177,3,769.24,2307.72,Frozen Biryani,Instant & Frozen Food,Som Inc
2585438297,14145,3,630.84,1892.52,Spinach,Fruits & Vegetables,"Thakur, Shah and Pingle"
8065774615,954722,3,616.45,1849.35,Ice Cream,Instant & Frozen Food,Mohan-Virk
1816814476,667163,2,441.2,882.4,Orange Juice,Cold Drinks & Juices,Palla LLC
5278014717,658389,1,152.55,152.55,Popcorn,Snacks & Munchies,"Chanda, Som and Vohra"
4265447949,784827,3,274.25,822.75,Baby Wipes,Baby Care,Balakrishnan Ltd
6752221435,760684,1,71.6,71.6,Rice,Grocery & Staples,Kanda-Gupta
8943989258,578097,1,267.61,267.61,Nuts,Snacks & Munchies,Jha Group
4068367936,525531,2,831.1,1662.2,Dog Food,Pet Care,Sandal PLC
5735156904,552496,1,508,508,Dish Soap,Household Care,Dhar PLC
2405929115,937542,3,97.04,291.12,Wheat Flour,Grocery & Staples,Khurana and Sons
7913167260,123983,1,785.67,785.67,Cough Syrup,Pharmacy,Kurian-Chhabra
1989751369,837480,3,217.4,652.2,Cough Syrup,Pharmacy,Edwin and Sons
7338050095,257719,3,281.73,845.19,Eggs,Dairy & Breakfast,Chaudhuri PLC
9950986048,753354,1,423.56,423.56,Shampoo,Personal Care,Sant-Mahajan
5098703807,726958,3,887.48,2662.44,Cat Food,Pet Care,Doctor-Patla
6937485392,561860,1,874.78,874.78,Orange Juice,Cold Drinks & Juices,Gupta Ltd
1266440097,949818,2,483.05,966.1,Biscuits,Snacks & Munchies,Yohannan Inc
7415490509,365133,3,915.45,2746.35,Dish Soap,Household Care,Hans Inc
7284991749,961614,2,227.22,454.44,Chocolates,Snacks & Munchies,Goda Inc
4645792703,734789,2,395.82,791.64,Popcorn,Snacks & Munchies,"Chaudhari, Pant and Singh"
3174938939,365132,3,229.38,688.14,Instant Noodles,Instant & Frozen Food,Dar-Kumar
1752712049,440875,1,275.03,275.03,Baby Wipes,Baby Care,Loyal Inc
8187201830,925482,3,475.04,1425.12,Frozen Biryani,Instant & Frozen Food,Viswanathan-Sha
6900896329,557908,2,942.37,1884.74,Vitamins,Pharmacy,Sundaram Inc
3793977529,256051,3,400.92,1202.76,Lotion,Personal Care,"Mannan, Naidu and Sama"
194459698,760684,1,71.6,71.6,Rice,Grocery & Staples,Kanda-Gupta
9330447952,376447,1,724.84,724.84,Butter,Dairy & Breakfast,Gara and Sons
2097372277,757274,2,98.32,196.64,Pet Treats,Pet Care,"Minhas, Kapoor and Sethi"
7060954153,903336,3,551.88,1655.64,Pulses,Grocery & Staples,"Vaidya, Amble and Palla"
2921310646,63769,1,878.07,878.07,Lotion,Personal Care,Dalal-Shan
3983082555,94225,3,77.11,231.33,Toilet Cleaner,Household Care,"Gulati, Ram and Sarkar"
4867298468,82484,3,914.88,2744.64,Baby Food,Baby Care,Mallick PLC
3402631472,91670,2,439.24,878.48,Dish Soap,Household Care,Barman-Ahluwalia
1648146562,398340,1,651.93,651.93,Instant Noodles,Instant & Frozen Food,"Nadig, Zachariah and Soni"
5907766010,114414,2,832.06,1664.12,Vitamins,Pharmacy,Kara-Golla
9233577456,131136,2,37.8,75.6,Salt,Grocery & Staples,Deshpande-Rama
4084808075,324809,3,608,1824,Bread,Dairy & Breakfast,Sidhu PLC
7217049550,552496,3,508,1524,Dish Soap,Household Care,Dhar PLC
1831943568,799459,3,852.02,2556.06,Vitamins,Pharmacy,"Garg, Kari and Kapur"
8707473624,990993,3,263.7,791.1,Chocolates,Snacks & Munchies,Guha-Subramaniam
7075868285,336847,1,936.98,936.98,Toilet Cleaner,Household Care,"Dayal, Mammen and More"
5164162918,784827,3,274.25,822.75,Baby Wipes,Baby Care,Balakrishnan Ltd
2175298644,970529,1,827.44,827.44,Diapers,Baby Care,"Kurian, Patla and Sanghvi"
5882568464,623234,2,329.79,659.58,Frozen Biryani,Instant & Frozen Food,Chakrabarti-Batra
7847708619,837480,2,217.4,434.8,Cough Syrup,Pharmacy,Edwin and Sons
6366048116,679321,3,738.46,2215.38,Cola,Cold Drinks & Juices,Khurana-Dewan
4926287333,747801,1,277.76,277.76,Toilet Cleaner,Household Care,Saha-Vora
5532838325,264803,3,995.98,2987.94,Vitamins,Pharmacy,Gole-Doshi
2567996236,714999,3,882.51,2647.53,Bread,Dairy & Breakfast,Kala Group
2655613624,131748,2,81.35,162.7,Dog Food,Pet Care,"Shroff, Wason and Dugar"
7706089549,990993,1,263.7,263.7,Chocolates,Snacks & Munchies,Guha-Subramaniam
8257370396,451933,1,568.94,568.94,Wheat Flour,Grocery & Staples,Nadig Ltd
8623808984,462526,2,449.97,899.94,Curd,Dairy & Breakfast,Pau and Sons
7579506101,487065,2,374.68,749.36,Chips,Snacks & Munchies,Kadakia-Yadav
8861024199,329351,2,310.87,621.74,Cheese,Dairy & Breakfast,"Lala, Kalita and Sathe"
7666131311,39154,1,946.86,946.86,Mangoes,Fruits & Vegetables,"Suresh, Bose and Bajwa"
103589925,542300,3,255.35,766.05,Popcorn,Snacks & Munchies,Gulati-Tandon
7346858138,552496,3,508,1524,Dish Soap,Household Care,Dhar PLC
4963962664,820541,1,576.22,576.22,Toilet Cleaner,Household Care,"Borde, Peri and Upadhyay"
9069936094,991434,3,237.62,712.86,Cookies,Snacks & Munchies,Mital-Oza
4665363191,187399,3,53.49,160.47,Frozen Pizza,Instant & Frozen Food,Chauhan Inc
888510905,256051,2,400.92,801.84,Lotion,Personal Care,"Mannan, Naidu and Sama"
6876091286,903336,3,551.88,1655.64,Pulses,Grocery & Staples,"Vaidya, Amble and Palla"
2592923105,925482,3,475.04,1425.12,Frozen Biryani,Instant & Frozen Food,Viswanathan-Sha
2468550508,473647,2,43.05,86.1,Toothpaste,Personal Care,Ben-Ravi
5302956276,56589,3,517.77,1553.31,Vitamins,Pharmacy,"Pai, Kashyap and Ramachandran"
9409714182,658389,1,152.55,152.55,Popcorn,Snacks & Munchies,"Chanda, Som and Vohra"
1446221570,952168,2,236.95,473.9,Popcorn,Snacks & Munchies,"Krishnamurthy, Sibal and Das"
8250036360,256051,3,400.92,1202.76,Lotion,Personal Care,"Mannan, Naidu and Sama"
447464341,378230,2,166.42,332.84,Nuts,Snacks & Munchies,Kala-Vig
15642223,937542,3,97.04,291.12,Wheat Flour,Grocery & Staples,Khurana and Sons
3285378238,291238,2,746.03,1492.06,Chocolates,Snacks & Munchies,"Sinha, Pau and Chhabra"
2356483296,382511,1,702.54,702.54,Butter,Dairy & Breakfast,Bora-Thakkar
3382911339,697683,1,123.74,123.74,Toilet Cleaner,Household Care,"Murty, Varghese and Saxena"
3690872026,951463,3,787.4,2362.2,Pet Treats,Pet Care,Balakrishnan-Kaur
6755367585,561860,1,874.78,874.78,Orange Juice,Cold Drinks & Juices,Gupta Ltd
6835850079,880510,3,951.43,2854.29,Bread,Dairy & Breakfast,Roy-Char
9345418784,771228,3,83.18,249.54,Pet Treats,Pet Care,Raja and Sons
7185243614,552883,3,888.16,2664.48,Potatoes,Fruits & Vegetables,"Balan, Patel and Mall"
2319044818,615545,1,448.16,448.16,Soap,Personal Care,Barman Inc
931834374,41853,3,910.44,2731.32,Curd,Dairy & Breakfast,Handa PLC
8485398781,33955,2,186.08,372.16,Frozen Pizza,Instant & Frozen Food,Baral Group
9806464912,133542,3,68.49,205.47,Detergent,Household Care,Edwin-Lall
8214365128,542300,2,255.35,510.7,Popcorn,Snacks & Munchies,Gulati-Tandon
137089318,39154,2,946.86,1893.72,Mangoes,Fruits & Vegetables,"Suresh, Bose and Bajwa"
7615602420,714999,3,882.51,2647.53,Bread,Dairy & Breakfast,Kala Group
3995348964,697683,3,123.74,371.22,Toilet Cleaner,Household Care,"Murty, Varghese and Saxena"
3816542830,942001,3,671.55,2014.65,Cat Food,Pet Care,Acharya Ltd
9665004924,349294,3,934.75,2804.25,Onions,Fruits & Vegetables,Ganesan Ltd
1728547597,798639,2,211.25,422.5,Eggs,Dairy & Breakfast,Subramaniam LLC
5311190131,965755,2,532.57,1065.14,Bananas,Fruits & Vegetables,"Doshi, Sarraf and Sama"
9581592141,4452,3,169.88,509.64,Baby Wipes,Baby Care,Morar-Mistry
4848863693,876139,1,415.75,415.75,Pulses,Grocery & Staples,Cherian-Dara
6374883107,473929,1,440.19,440.19,Carrots,Fruits & Vegetables,"Bhardwaj, Bhatia and Deshmukh"
3270131216,820973,3,114.52,343.56,Baby Wipes,Baby Care,Lall LLC
2643382562,563740,3,96.33,288.99,Chips,Snacks & Munchies,Mann-Kapadia
5212524996,784827,1,274.25,274.25,Baby Wipes,Baby Care,Balakrishnan Ltd
9594095277,925482,1,475.04,475.04,Frozen Biryani,Instant & Frozen Food,Viswanathan-Sha
8375863419,962591,1,130.01,130.01,Orange Juice,Cold Drinks & Juices,Murthy-Kaul
7523880783,880510,3,951.43,2854.29,Bread,Dairy & Breakfast,Roy-Char
9670158103,647462,2,326.42,652.84,Lotion,Personal Care,"Balan, Samra and Sekhon"
4344108631,880510,3,951.43,2854.29,Bread,Dairy & Breakfast,Roy-Char
2237858,585299,1,799.46,799.46,Pet Treats,Pet Care,"Sharma, Chandra and Prashad"
3217791988,890623,1,354.52,354.52,Onions,Fruits & Vegetables,"Sangha, Nagar and Varty"
3355718103,478531,2,825.46,1650.92,Carrots,Fruits & Vegetables,Uppal Group
9590518103,140154,2,171.2,342.4,Shampoo,Personal Care,Malhotra LLC
6610120274,552496,2,508,1016,Dish Soap,Household Care,Dhar PLC
1180899898,274207,1,328.51,328.51,Cough Syrup,Pharmacy,"Savant, Batta and Mander"
8758992688,891833,1,493.19,493.19,Curd,Dairy & Breakfast,Mani PLC
6965716176,970529,3,827.44,2482.32,Diapers,Baby Care,"Kurian, Patla and Sanghvi"
5527742274,712003,2,671.68,1343.36,Cola,Cold Drinks & Juices,"Karan, Bandi and Acharya"
826610039,589812,3,163.03,489.09,Detergent,Household Care,Bir PLC
3303891913,313754,2,136.6,273.2,Biscuits,Snacks & Munchies,"Swaminathan, Mahal and Dara"
2489292878,969851,2,340.66,681.32,Frozen Vegetables,Instant & Frozen Food,"Kara, Sodhi and Bassi"
8589851630,687218,2,317.82,635.64,Mango Drink,Cold Drinks & Juices,"Sankaran, Pall and Gola"
4598897781,709916,3,33.76,101.28,Detergent,Household Care,Varkey LLC
6932356214,131748,2,81.35,162.7,Dog Food,Pet Care,"Shroff, Wason and Dugar"
3499004322,34200,1,319.8,319.8,Lotion,Personal Care,Munshi-Grewal
7517620171,687218,2,317.82,635.64,Mango Drink,Cold Drinks & Juices,"Sankaran, Pall and Gola"
172987148,901144,3,340.36,1021.08,Sugar,Grocery & Staples,Deo-Kamdar
8347207794,890623,1,354.52,354.52,Onions,Fruits & Vegetables,"Sangha, Nagar and Varty"
9472355181,962054,1,16.86,16.86,Orange Juice,Cold Drinks & Juices,Toor-Nagar
1315064289,883013,2,989.88,1979.76,Eggs,Dairy & Breakfast,Chahal Group
9371869941,712307,2,264.89,529.78,Orange Juice,Cold Drinks & Juices,Chana LLC
5184568404,704868,2,193.46,386.92,Detergent,Household Care,"Parikh, Oak and Kara"
5891002534,361361,2,826.21,1652.42,Biscuits,Snacks & Munchies,"Kunda, Dave and Sahni"
1479730711,123983,3,785.67,2357.01,Cough Syrup,Pharmacy,Kurian-Chhabra
7651037338,274207,2,328.51,657.02,Cough Syrup,Pharmacy,"Savant, Batta and Mander"
8763754537,723678,3,675.46,2026.38,Dog Food,Pet Care,"Lall, Datta and Swamy"
7683813608,658389,2,152.55,305.1,Popcorn,Snacks & Munchies,"Chanda, Som and Vohra"
6722955128,949818,1,483.05,483.05,Biscuits,Snacks & Munchies,Yohannan Inc
8259274680,256783,3,906.54,2719.62,Pet Treats,Pet Care,"Basu, Thakur and Rege"
4620484274,9436,2,88.43,176.86,Toothpaste,Personal Care,Naidu PLC
8260569466,144124,3,162.67,488.01,Detergent,Household Care,Lalla-Srinivasan
8498916204,537274,3,702.71,2108.13,Pet Treats,Pet Care,Lal-Chauhan
3209538967,82484,1,914.88,914.88,Baby Food,Baby Care,Mallick PLC
2570640420,542300,1,255.35,255.35,Popcorn,Snacks & Munchies,Gulati-Tandon
2066843639,764014,3,612.04,1836.12,Salt,Grocery & Staples,"Grewal, Swamy and Dayal"
7402125753,319388,2,657.8,1315.6,Orange Juice,Cold Drinks & Juices,D’Alia-Dey
9171089443,274207,3,328.51,985.53,Cough Syrup,Pharmacy,"Savant, Batta and Mander"
3272079644,741341,1,923.84,923.84,Eggs,Dairy & Breakfast,Prasad LLC
438111050,171602,1,883.44,883.44,Cola,Cold Drinks & Juices,Pal-Sehgal
7416160835,222892,1,869.22,869.22,Tomatoes,Fruits & Vegetables,Ramakrishnan-Ghose
4075074492,140154,1,171.2,171.2,Shampoo,Personal Care,Malhotra LLC
5536024334,600767,3,722.42,2167.26,Toothpaste,Personal Care,Balan Group
2013140214,962054,3,16.86,50.58,Orange Juice,Cold Drinks & Juices,Toor-Nagar
1113582397,757274,2,98.32,196.64,Pet Treats,Pet Care,"Minhas, Kapoor and Sethi"
1083928258,264803,1,995.98,995.98,Vitamins,Pharmacy,Gole-Doshi
4906957374,818990,3,163.55,490.65,Tomatoes,Fruits & Vegetables,Dugar Group
1876614122,366066,2,918.58,1837.16,Soap,Personal Care,Mandal LLC
6556180328,839170,1,481.63,481.63,Curd,Dairy & Breakfast,Shetty and Sons
7960553477,585299,3,799.46,2398.38,Pet Treats,Pet Care,"Sharma, Chandra and Prashad"
6335972517,949818,2,483.05,966.1,Biscuits,Snacks & Munchies,Yohannan Inc
6254948159,726958,3,887.48,2662.44,Cat Food,Pet Care,Doctor-Patla
7527936057,107548,3,891.6,2674.8,Cola,Cold Drinks & Juices,"Bhandari, Bhasin and Palan"
6257851675,677169,2,261.03,522.06,Cough Syrup,Pharmacy,Char-Divan
6832610950,9436,3,88.43,265.29,Toothpaste,Personal Care,Naidu PLC
5085005195,697683,3,123.74,371.22,Toilet Cleaner,Household Care,"Murty, Varghese and Saxena"
2177207547,448752,1,160.07,160.07,Toilet Cleaner,Household Care,Batta-Doctor
3043364543,186168,1,878.8,878.8,Dog Food,Pet Care,"Parekh, Lad and Kadakia"
2823404098,891833,3,493.19,1479.57,Curd,Dairy & Breakfast,Mani PLC
646676955,77308,2,223.27,446.54,Onions,Fruits & Vegetables,Ratta-Sagar
5756607486,613942,3,545,1635,Pet Treats,Pet Care,"Dyal, Saraf and Goel"
9373691795,880510,1,951.43,951.43,Bread,Dairy & Breakfast,Roy-Char
2611601543,661577,1,720.95,720.95,Cat Food,Pet Care,Majumdar PLC
1491360686,621677,2,317.8,635.6,Frozen Biryani,Instant & Frozen Food,Sabharwal-Mital
1824533423,949818,2,483.05,966.1,Biscuits,Snacks & Munchies,Yohannan Inc
2913841018,799688,1,309.62,309.62,Lotion,Personal Care,Arora LLC
3141803761,4452,3,169.88,509.64,Baby Wipes,Baby Care,Morar-Mistry
6184484468,240179,2,90.56,181.12,Cough Syrup,Pharmacy,Ram-Suri
4599327740,613942,3,545,1635,Pet Treats,Pet Care,"Dyal, Saraf and Goel"
7479207574,60619,3,726.41,2179.23,Iced Tea,Cold Drinks & Juices,Bhasin LLC
2996133401,903336,2,551.88,1103.76,Pulses,Grocery & Staples,"Vaidya, Amble and Palla"
5972410040,968887,3,40.7,122.1,Dish Soap,Household Care,Keer-Gill
4007593324,305754,3,979.99,2939.97,Frozen Vegetables,Instant & Frozen Food,Mammen-Hegde
3428454405,432617,2,863.18,1726.36,Baby Wipes,Baby Care,Dora-Pillai
1160646195,876139,1,415.75,415.75,Pulses,Grocery & Staples,Cherian-Dara
4376524554,812607,2,416.65,833.3,Potatoes,Fruits & Vegetables,Rege Group
1519072771,925482,2,475.04,950.08,Frozen Biryani,Instant & Frozen Food,Viswanathan-Sha
8203685394,615545,3,448.16,1344.48,Soap,Personal Care,Barman Inc
7906789850,491521,2,556.35,1112.7,Nuts,Snacks & Munchies,Karpe Inc
8073770046,661577,1,720.95,720.95,Cat Food,Pet Care,Majumdar PLC
5190202949,992178,1,632.43,632.43,Pain Reliever,Pharmacy,Basu and Sons
8542325207,373536,2,494.17,988.34,Dog Food,Pet Care,Chauhan-Sabharwal
7566730050,552496,3,508,1524,Dish Soap,Household Care,Dhar PLC
176509722,883013,1,989.88,989.88,Eggs,Dairy & Breakfast,Chahal Group
1894603222,839170,1,481.63,481.63,Curd,Dairy & Breakfast,Shetty and Sons
2694800415,891833,2,493.19,986.38,Curd,Dairy & Breakfast,Mani PLC
5879390688,687218,1,317.82,317.82,Mango Drink,Cold Drinks & Juices,"Sankaran, Pall and Gola"
1197715978,945635,3,778.9,2336.7,Pulses,Grocery & Staples,Balasubramanian PLC
7790696031,602241,1,976.55,976.55,Nuts,Snacks & Munchies,Bahl-Pau
2189360099,6405,1,236.51,236.51,Baby Food,Baby Care,Kashyap-Reddy
3542041943,313754,1,136.6,136.6,Biscuits,Snacks & Munchies,"Swaminathan, Mahal and Dara"
9202469009,563740,1,96.33,96.33,Chips,Snacks & Munchies,Mann-Kapadia
3985829990,578097,1,267.61,267.61,Nuts,Snacks & Munchies,Jha Group
4341872315,930284,3,189.47,568.41,Baby Food,Baby Care,"Garg, Saraf and Dutta"
4748123248,673058,3,765.76,2297.28,Cough Syrup,Pharmacy,Balan-Madan
99905061,492958,1,84.2,84.2,Lotion,Personal Care,Acharya PLC
9118004489,473647,1,43.05,43.05,Toothpaste,Personal Care,Ben-Ravi
1696936610,490939,1,80.25,80.25,Lotion,Personal Care,"Roy, Barad and De"
155669553,714999,1,882.51,882.51,Bread,Dairy & Breakfast,Kala Group
2885541999,337168,3,545.49,1636.47,Eggs,Dairy & Breakfast,Dasgupta PLC
2846340681,287070,2,443.17,886.34,Wheat Flour,Grocery & Staples,"Gala, Magar and Rajagopal"
963715332,771228,1,83.18,83.18,Pet Treats,Pet Care,Raja and Sons
2807634451,481843,3,297.68,893.04,Chocolates,Snacks & Munchies,"Taneja, Kala and Kota"
3046341241,690565,1,951.27,951.27,Cookies,Snacks & Munchies,"Roy, Seth and Patla"
485687952,992178,3,632.43,1897.29,Pain Reliever,Pharmacy,Basu and Sons
7660904370,478531,1,825.46,825.46,Carrots,Fruits & Vegetables,Uppal Group
9753033954,667163,1,441.2,441.2,Orange Juice,Cold Drinks & Juices,Palla LLC
9509887699,700048,2,141.28,282.56,Dish Soap,Household Care,Khalsa-Bhavsar
1054122071,473929,1,440.19,440.19,Carrots,Fruits & Vegetables,"Bhardwaj, Bhatia and Deshmukh"
9135272808,952124,2,127.08,254.16,Onions,Fruits & Vegetables,"Wali, Sood and Bala"
597447215,848226,1,209.59,209.59,Tomatoes,Fruits & Vegetables,Barad and Sons
5562099656,440875,2,275.03,550.06,Baby Wipes,Baby Care,Loyal Inc
4122736828,500633,1,154.5,154.5,Cereal,Dairy & Breakfast,Trivedi-Ahluwalia
7238138072,679284,3,877.89,2633.67,Cough Syrup,Pharmacy,Pant LLC
6244736404,613942,1,545,545,Pet Treats,Pet Care,"Dyal, Saraf and Goel"
1297341963,564692,1,215.65,215.65,Cat Food,Pet Care,"Krishna, Bail and Dyal"
3842442278,567671,1,418.48,418.48,Biscuits,Snacks & Munchies,Nagar LLC
9576684860,587645,2,801.81,1603.62,Vitamins,Pharmacy,"Sura, Pillay and Mammen"
1592757566,124290,2,39.65,79.3,Lotion,Personal Care,Sachdev Group
5060677329,264803,3,995.98,2987.94,Vitamins,Pharmacy,Gole-Doshi
2241930006,26060,3,342.94,1028.82,Vitamins,Pharmacy,Shah and Sons
3246505078,677169,1,261.03,261.03,Cough Syrup,Pharmacy,Char-Divan
5870152806,659290,1,319.34,319.34,Cheese,Dairy & Breakfast,Kapadia-D’Alia
8919999754,564692,3,215.65,646.95,Cat Food,Pet Care,"Krishna, Bail and Dyal"
1080338783,433521,2,321.33,642.66,Diapers,Baby Care,Mahal Group
4641905606,112390,3,877.98,2633.94,Toothpaste,Personal Care,"Kibe, Contractor and Randhawa"
9456413999,839170,2,481.63,963.26,Curd,Dairy & Breakfast,Shetty and Sons
4764056827,767398,2,22.14,44.28,Dish Soap,Household Care,"Arya, Sundaram and Pingle"
5168057633,272170,2,140.8,281.6,Ice Cream,Instant & Frozen Food,Purohit Group
1442559656,240179,2,90.56,181.12,Cough Syrup,Pharmacy,Ram-Suri
6590257283,435929,3,856.89,2570.67,Toilet Cleaner,Household Care,Memon Ltd
3429671763,473929,1,440.19,440.19,Carrots,Fruits & Vegetables,"Bhardwaj, Bhatia and Deshmukh"
4750086089,563740,1,96.33,96.33,Chips,Snacks & Munchies,Mann-Kapadia
3204128006,41853,3,910.44,2731.32,Curd,Dairy & Breakfast,Handa PLC
3171917027,56589,3,517.77,1553.31,Vitamins,Pharmacy,"Pai, Kashyap and Ramachandran"
8814047085,764014,2,612.04,1224.08,Salt,Grocery & Staples,"Grewal, Swamy and Dayal"
1889723479,317242,1,198.15,198.15,Pulses,Grocery & Staples,Rastogi Group
942025494,888807,3,230.58,691.74,Bread,Dairy & Breakfast,Arya Group
4104444500,807452,1,144.19,144.19,Pulses,Grocery & Staples,Naik Ltd
7562260313,217710,2,58.59,117.18,Eggs,Dairy & Breakfast,Rout-Sarna
7140244766,942001,1,671.55,671.55,Cat Food,Pet Care,Acharya Ltd
7967974077,448752,3,160.07,480.21,Toilet Cleaner,Household Care,Batta-Doctor
7456822422,962054,2,16.86,33.72,Orange Juice,Cold Drinks & Juices,Toor-Nagar
4813468096,516376,3,877.43,2632.29,Onions,Fruits & Vegetables,Agarwal-Dhar
8618576020,382511,1,702.54,702.54,Butter,Dairy & Breakfast,Bora-Thakkar
3727646442,913428,3,392.22,1176.66,Pet Treats,Pet Care,Narayanan-Kumar
9208156337,319388,3,657.8,1973.4,Orange Juice,Cold Drinks & Juices,D’Alia-Dey
8328118787,500633,3,154.5,463.5,Cereal,Dairy & Breakfast,Trivedi-Ahluwalia
580528836,11422,3,127.16,381.48,Potatoes,Fruits & Vegetables,Ramaswamy-Tata
3350662630,927651,1,426.72,426.72,Baby Wipes,Baby Care,Narula Group
6716381725,328457,1,858.57,858.57,Mango Drink,Cold Drinks & Juices,Hayre-Shere
2249567137,897083,3,972.69,2918.07,Detergent,Household Care,Dutta-Halder
7484465509,706112,3,478.79,1436.37,Vitamins,Pharmacy,"Magar, Gara and Garg"
2577208156,615545,1,448.16,448.16,Soap,Personal Care,Barman Inc
3321905621,820541,3,576.22,1728.66,Toilet Cleaner,Household Care,"Borde, Peri and Upadhyay"
6686839282,726958,2,887.48,1774.96,Cat Food,Pet Care,Doctor-Patla
5095558661,970529,3,827.44,2482.32,Diapers,Baby Care,"Kurian, Patla and Sanghvi"
112658009,604184,1,397.55,397.55,Toilet Cleaner,Household Care,"Gaba, Sodhi and Choudhary"
1343610513,925482,2,475.04,950.08,Frozen Biryani,Instant & Frozen Food,Viswanathan-Sha
7190610535,990993,3,263.7,791.1,Chocolates,Snacks & Munchies,Guha-Subramaniam
5069426001,41853,1,910.44,910.44,Curd,Dairy & Breakfast,Handa PLC
5655369002,6405,2,236.51,473.02,Baby Food,Baby Care,Kashyap-Reddy
5761530160,349294,1,934.75,934.75,Onions,Fruits & Vegetables,Ganesan Ltd
4772519706,257719,1,281.73,281.73,Eggs,Dairy & Breakfast,Chaudhuri PLC
8209051735,336847,3,936.98,2810.94,Toilet Cleaner,Household Care,"Dayal, Mammen and More"
4870391666,324809,1,608,608,Bread,Dairy & Breakfast,Sidhu PLC
7777975083,684939,1,727.95,727.95,Lotion,Personal Care,"Sibal, Bhatnagar and Rajan"
8713948756,837480,2,217.4,434.8,Cough Syrup,Pharmacy,Edwin and Sons
6191050157,365133,3,915.45,2746.35,Dish Soap,Household Care,Hans Inc
4060449266,953175,1,225.21,225.21,Baby Food,Baby Care,Sehgal-Nagarajan
5657605506,451933,3,568.94,1706.82,Wheat Flour,Grocery & Staples,Nadig Ltd
8851743592,385113,1,816.38,816.38,Lotion,Personal Care,"Sampath, Mane and Mody"
4689717606,473929,1,440.19,440.19,Carrots,Fruits & Vegetables,"Bhardwaj, Bhatia and Deshmukh"
2860246948,859361,1,432.39,432.39,Shampoo,Personal Care,Mitter Group
2875550803,366066,3,918.58,2755.74,Soap,Personal Care,Mandal LLC
5340575011,6405,2,236.51,473.02,Baby Food,Baby Care,Kashyap-Reddy
7717156533,820973,1,114.52,114.52,Baby Wipes,Baby Care,Lall LLC
8297255359,354409,1,325.08,325.08,Pulses,Grocery & Staples,Bose-Pandit
7873234939,367391,1,939.55,939.55,Baby Wipes,Baby Care,Talwar and Sons
3668515922,328457,3,858.57,2575.71,Mango Drink,Cold Drinks & Juices,Hayre-Shere
8356690330,566052,2,87.3,174.6,Pain Reliever,Pharmacy,"Apte, Soman and Raju"
3508620293,991434,1,237.62,237.62,Cookies,Snacks & Munchies,Mital-Oza
9998297778,709916,3,33.76,101.28,Detergent,Household Care,Varkey LLC
3898421710,187399,2,53.49,106.98,Frozen Pizza,Instant & Frozen Food,Chauhan Inc
3960980694,927651,1,426.72,426.72,Baby Wipes,Baby Care,Narula Group
5008395294,131136,3,37.8,113.4,Salt,Grocery & Staples,Deshpande-Rama
3722869004,337168,3,545.49,1636.47,Eggs,Dairy & Breakfast,Dasgupta PLC
8391555591,644847,1,622.81,622.81,Salt,Grocery & Staples,"Jhaveri, Kata and Kapur"
8063730776,196719,3,217.5,652.5,Bananas,Fruits & Vegetables,Yogi Group
9052752169,114414,2,832.06,1664.12,Vitamins,Pharmacy,Kara-Golla
7471416647,927651,2,426.72,853.44,Baby Wipes,Baby Care,Narula Group
848332407,555121,2,354.91,709.82,Carrots,Fruits & Vegetables,"Subramanian, Chaudhuri and Dora"
4062701987,194682,1,912.29,912.29,Iced Tea,Cold Drinks & Juices,Sastry-Issac
8723912832,455755,3,44.09,132.27,Detergent,Household Care,Mangal-Sathe
9099298435,89084,3,598.83,1796.49,Milk,Dairy & Breakfast,"Wali, Virk and Iyer"
5645691241,77308,2,223.27,446.54,Onions,Fruits & Vegetables,Ratta-Sagar
8258019846,734789,1,395.82,395.82,Popcorn,Snacks & Munchies,"Chaudhari, Pant and Singh"
2732162016,305754,3,979.99,2939.97,Frozen Vegetables,Instant & Frozen Food,Mammen-Hegde
1561902412,679321,1,738.46,738.46,Cola,Cold Drinks & Juices,Khurana-Dewan
8979476889,256051,3,400.92,1202.76,Lotion,Personal Care,"Mannan, Naidu and Sama"
8373953053,679284,3,877.89,2633.67,Cough Syrup,Pharmacy,Pant LLC
7021309133,992178,3,632.43,1897.29,Pain Reliever,Pharmacy,Basu and Sons
3447085029,337168,2,545.49,1090.98,Eggs,Dairy & Breakfast,Dasgupta PLC
9284767341,470449,1,827.77,827.77,Frozen Biryani,Instant & Frozen Food,Kohli-Sawhney
9770431940,679321,2,738.46,1476.92,Cola,Cold Drinks & Juices,Khurana-Dewan
9650124390,123983,2,785.67,1571.34,Cough Syrup,Pharmacy,Kurian-Chhabra
9826894858,319388,2,657.8,1315.6,Orange Juice,Cold Drinks & Juices,D’Alia-Dey
4466839873,77308,1,223.27,223.27,Onions,Fruits & Vegetables,Ratta-Sagar
4331471900,762527,2,690.08,1380.16,Biscuits,Snacks & Munchies,"Chad, Yohannan and Chopra"
5777824005,945635,2,778.9,1557.8,Pulses,Grocery & Staples,Balasubramanian PLC
8795242622,33797,3,888.12,2664.36,Pain Reliever,Pharmacy,Gaba LLC
8561878376,555121,3,354.91,1064.73,Carrots,Fruits & Vegetables,"Subramanian, Chaudhuri and Dora"
2113243643,644847,3,622.81,1868.43,Salt,Grocery & Staples,"Jhaveri, Kata and Kapur"
8497820340,327290,2,862.28,1724.56,Sugar,Grocery & Staples,Nadkarni Inc
3167184563,798639,1,211.25,211.25,Eggs,Dairy & Breakfast,Subramaniam LLC
9997121955,739534,2,994.56,1989.12,Toilet Cleaner,Household Care,"Gera, Narang and Karpe"
2954397481,272170,1,140.8,140.8,Ice Cream,Instant & Frozen Food,Purohit Group
8125884987,764014,3,612.04,1836.12,Salt,Grocery & Staples,"Grewal, Swamy and Dayal"
3765873352,365132,3,229.38,688.14,Instant Noodles,Instant & Frozen Food,Dar-Kumar
7733310993,820541,1,576.22,576.22,Toilet Cleaner,Household Care,"Borde, Peri and Upadhyay"
738093341,257719,2,281.73,563.46,Eggs,Dairy & Breakfast,Chaudhuri PLC
1837574319,851978,3,715.72,2147.16,Vitamins,Pharmacy,Parsa-Bala
2468420564,365133,2,915.45,1830.9,Dish Soap,Household Care,Hans Inc
5368005763,237083,2,577.13,1154.26,Cough Syrup,Pharmacy,Hayer-Banerjee
3823949592,39154,2,946.86,1893.72,Mangoes,Fruits & Vegetables,"Suresh, Bose and Bajwa"
6298008063,585299,3,799.46,2398.38,Pet Treats,Pet Care,"Sharma, Chandra and Prashad"
2499190829,679284,2,877.89,1755.78,Cough Syrup,Pharmacy,Pant LLC
491116137,237083,2,577.13,1154.26,Cough Syrup,Pharmacy,Hayer-Banerjee
2206269404,642612,1,517.03,517.03,Pet Treats,Pet Care,Pillay-Ahuja
1330806043,760684,3,71.6,214.8,Rice,Grocery & Staples,Kanda-Gupta
6770858376,654297,2,13.25,26.5,Potatoes,Fruits & Vegetables,Chandran-Dass
4466716432,799459,3,852.02,2556.06,Vitamins,Pharmacy,"Garg, Kari and Kapur"
8292554686,478531,2,825.46,1650.92,Carrots,Fruits & Vegetables,Uppal Group
4204069161,34200,2,319.8,639.6,Lotion,Personal Care,Munshi-Grewal
2163079658,661577,3,720.95,2162.85,Cat Food,Pet Care,Majumdar PLC
6971561757,578097,3,267.61,802.83,Nuts,Snacks & Munchies,Jha Group
7965253060,739534,3,994.56,2983.68,Toilet Cleaner,Household Care,"Gera, Narang and Karpe"
8939040193,36412,3,397.68,1193.04,Dish Soap,Household Care,Muni-Shankar
8322028211,451812,2,530.85,1061.7,Pain Reliever,Pharmacy,"Batra, Sant and Mandal"
6865922682,914071,2,296.94,593.88,Chips,Snacks & Munchies,Datta Ltd
5912729079,871592,1,870.29,870.29,Carrots,Fruits & Vegetables,"Shankar, Nadkarni and Kumer"
8764776130,82484,1,914.88,914.88,Baby Food,Baby Care,Mallick PLC
7769965629,747801,2,277.76,555.52,Toilet Cleaner,Household Care,Saha-Vora
2166463032,851978,1,715.72,715.72,Vitamins,Pharmacy,Parsa-Bala
7035343259,853932,1,941.19,941.19,Baby Wipes,Baby Care,Ranganathan-Peri
8914775994,91670,3,439.24,1317.72,Dish Soap,Household Care,Barman-Ahluwalia
7565647347,726958,2,887.48,1774.96,Cat Food,Pet Care,Doctor-Patla
6172215120,714999,3,882.51,2647.53,Bread,Dairy & Breakfast,Kala Group
4043585691,760684,3,71.6,214.8,Rice,Grocery & Staples,Kanda-Gupta
3735186180,120532,1,697.53,697.53,Wheat Flour,Grocery & Staples,Nazareth Ltd
5281459433,194682,1,912.29,912.29,Iced Tea,Cold Drinks & Juices,Sastry-Issac
424087401,51036,1,931.61,931.61,Baby Food,Baby Care,Karnik PLC
884327245,679321,2,738.46,1476.92,Cola,Cold Drinks & Juices,Khurana-Dewan
6318008970,952124,3,127.08,381.24,Onions,Fruits & Vegetables,"Wali, Sood and Bala"
3792751421,914071,2,296.94,593.88,Chips,Snacks & Munchies,Datta Ltd
5471255539,578097,1,267.61,267.61,Nuts,Snacks & Munchies,Jha Group
9917290378,991434,2,237.62,475.24,Cookies,Snacks & Munchies,Mital-Oza
208989475,432617,2,863.18,1726.36,Baby Wipes,Baby Care,Dora-Pillai
7672827556,903336,1,551.88,551.88,Pulses,Grocery & Staples,"Vaidya, Amble and Palla"
3792912325,36412,3,397.68,1193.04,Dish Soap,Household Care,Muni-Shankar
2478533601,349294,2,934.75,1869.5,Onions,Fruits & Vegetables,Ganesan Ltd
2255745327,764014,1,612.04,612.04,Salt,Grocery & Staples,"Grewal, Swamy and Dayal"
8612261848,672059,1,672.73,672.73,Toothpaste,Personal Care,Kaur-Gola
6949810049,63769,2,878.07,1756.14,Lotion,Personal Care,Dalal-Shan
2399456941,812607,2,416.65,833.3,Potatoes,Fruits & Vegetables,Rege Group
6292969164,222892,3,869.22,2607.66,Tomatoes,Fruits & Vegetables,Ramakrishnan-Ghose
2929485756,365132,1,229.38,229.38,Instant Noodles,Instant & Frozen Food,Dar-Kumar
8757869416,435929,1,856.89,856.89,Toilet Cleaner,Household Care,Memon Ltd
2653966619,706112,2,478.79,957.58,Vitamins,Pharmacy,"Magar, Gara and Garg"
336103625,500633,3,154.5,463.5,Cereal,Dairy & Breakfast,Trivedi-Ahluwalia
3727289407,564692,3,215.65,646.95,Cat Food,Pet Care,"Krishna, Bail and Dyal"
701250513,243235,2,109.03,218.06,Cat Food,Pet Care,Batta Inc
101816977,677169,2,261.03,522.06,Cough Syrup,Pharmacy,Char-Divan
7838223552,952124,1,127.08,127.08,Onions,Fruits & Vegetables,"Wali, Sood and Bala"
4123140013,807452,2,144.19,288.38,Pulses,Grocery & Staples,Naik Ltd
9821008306,131748,3,81.35,244.05,Dog Food,Pet Care,"Shroff, Wason and Dugar"
5414882934,990993,1,263.7,263.7,Chocolates,Snacks & Munchies,Guha-Subramaniam
9257313140,925482,3,475.04,1425.12,Frozen Biryani,Instant & Frozen Food,Viswanathan-Sha
3857021231,561860,2,874.78,1749.56,Orange Juice,Cold Drinks & Juices,Gupta Ltd
1606381345,784673,1,491.39,491.39,Dog Food,Pet Care,Ramanathan Group
239830094,317242,3,198.15,594.45,Pulses,Grocery & Staples,Rastogi Group
580582858,274207,1,328.51,328.51,Cough Syrup,Pharmacy,"Savant, Batta and Mander"
4191340899,642612,3,517.03,1551.09,Pet Treats,Pet Care,Pillay-Ahuja
1013630716,9436,2,88.43,176.86,Toothpaste,Personal Care,Naidu PLC
8220017366,894539,3,445.48,1336.44,Dish Soap,Household Care,"Pall, Sule and Sood"
4353485612,324809,1,608,608,Bread,Dairy & Breakfast,Sidhu PLC
8682172393,891833,1,493.19,493.19,Curd,Dairy & Breakfast,Mani PLC
4085089017,925482,1,475.04,475.04,Frozen Biryani,Instant & Frozen Food,Viswanathan-Sha
1287686307,563740,1,96.33,96.33,Chips,Snacks & Munchies,Mann-Kapadia
4425450216,365132,2,229.38,458.76,Instant Noodles,Instant & Frozen Food,Dar-Kumar
7799346570,540618,2,317.05,634.1,Popcorn,Snacks & Munchies,Golla-Luthra
5917975686,927651,1,426.72,426.72,Baby Wipes,Baby Care,Narula Group
9588500388,712003,2,671.68,1343.36,Cola,Cold Drinks & Juices,"Karan, Bandi and Acharya"
3963207709,274207,1,328.51,328.51,Cough Syrup,Pharmacy,"Savant, Batta and Mander"
2217466286,992178,1,632.43,632.43,Pain Reliever,Pharmacy,Basu and Sons
7130088913,712003,3,671.68,2015.04,Cola,Cold Drinks & Juices,"Karan, Bandi and Acharya"
9064682961,799688,3,309.62,928.86,Lotion,Personal Care,Arora LLC
6060156146,930284,1,189.47,189.47,Baby Food,Baby Care,"Garg, Saraf and Dutta"
3106610673,444361,2,822.63,1645.26,Pain Reliever,Pharmacy,"Prakash, Bawa and Kale"
442408751,661577,1,720.95,720.95,Cat Food,Pet Care,Majumdar PLC
353571238,552496,3,508,1524,Dish Soap,Household Care,Dhar PLC
4670530333,120385,1,597.91,597.91,Pet Treats,Pet Care,Dubey-Sarin
4961370923,832348,2,831.43,1662.86,Biscuits,Snacks & Munchies,Jani-Ram
8946821991,462526,1,449.97,449.97,Curd,Dairy & Breakfast,Pau and Sons
5720622852,264803,2,995.98,1991.96,Vitamins,Pharmacy,Gole-Doshi
7305353953,798639,3,211.25,633.75,Eggs,Dairy & Breakfast,Subramaniam LLC
1402723627,60619,3,726.41,2179.23,Iced Tea,Cold Drinks & Juices,Bhasin LLC
9820620357,240179,3,90.56,271.68,Cough Syrup,Pharmacy,Ram-Suri
1930286155,953175,2,225.21,450.42,Baby Food,Baby Care,Sehgal-Nagarajan
6759029950,712003,1,671.68,671.68,Cola,Cold Drinks & Juices,"Karan, Bandi and Acharya"
9032188284,52729,3,316.02,948.06,Cat Food,Pet Care,Saini LLC
9490161602,679321,3,738.46,2215.38,Cola,Cold Drinks & Juices,Khurana-Dewan
8565257085,762527,3,690.08,2070.24,Biscuits,Snacks & Munchies,"Chad, Yohannan and Chopra"
4884845960,34186,3,925.65,2776.95,Mangoes,Fruits & Vegetables,Mandal-Kar
6181604084,15314,2,578.85,1157.7,Cheese,Dairy & Breakfast,Banik-Ratta
2718508408,91670,1,439.24,439.24,Dish Soap,Household Care,Barman-Ahluwalia
8354866000,679865,1,347.91,347.91,Wheat Flour,Grocery & Staples,Memon-Barad
8025728977,952124,1,127.08,127.08,Onions,Fruits & Vegetables,"Wali, Sood and Bala"
6531356394,487931,3,709.08,2127.24,Sugar,Grocery & Staples,"Bahl, Jaggi and Nath"
5489184758,927651,1,426.72,426.72,Baby Wipes,Baby Care,Narula Group
1377599881,492958,2,84.2,168.4,Lotion,Personal Care,Acharya PLC
227162938,991434,2,237.62,475.24,Cookies,Snacks & Munchies,Mital-Oza
3449083612,284460,2,505.95,1011.9,Potatoes,Fruits & Vegetables,"Ramakrishnan, Anand and Khare"
5662514948,240179,1,90.56,90.56,Cough Syrup,Pharmacy,Ram-Suri
2034571482,327290,3,862.28,2586.84,Sugar,Grocery & Staples,Nadkarni Inc
348782569,644847,1,622.81,622.81,Salt,Grocery & Staples,"Jhaveri, Kata and Kapur"
8697396531,658389,3,152.55,457.65,Popcorn,Snacks & Munchies,"Chanda, Som and Vohra"
3538455450,799688,3,309.62,928.86,Lotion,Personal Care,Arora LLC
7513290139,954722,1,616.45,616.45,Ice Cream,Instant & Frozen Food,Mohan-Virk
8320461939,432617,2,863.18,1726.36,Baby Wipes,Baby Care,Dora-Pillai
8217899522,107548,3,891.6,2674.8,Cola,Cold Drinks & Juices,"Bhandari, Bhasin and Palan"
4217056877,131748,3,81.35,244.05,Dog Food,Pet Care,"Shroff, Wason and Dugar"
3684167813,354409,1,325.08,325.08,Pulses,Grocery & Staples,Bose-Pandit
5351904164,82484,1,914.88,914.88,Baby Food,Baby Care,Mallick PLC
2731829604,672059,2,672.73,1345.46,Toothpaste,Personal Care,Kaur-Gola
7162485958,120532,3,697.53,2092.59,Wheat Flour,Grocery & Staples,Nazareth Ltd
4830502113,848226,2,209.59,419.18,Tomatoes,Fruits & Vegetables,Barad and Sons
9797013595,39154,2,946.86,1893.72,Mangoes,Fruits & Vegetables,"Suresh, Bose and Bajwa"
9487843345,587420,2,357.42,714.84,Cookies,Snacks & Munchies,Raj and Sons
2148242015,219598,3,367.08,1101.24,Shampoo,Personal Care,Arora-Magar
7465258008,615545,1,448.16,448.16,Soap,Personal Care,Barman Inc
8875274470,807452,3,144.19,432.57,Pulses,Grocery & Staples,Naik Ltd
7049717910,82484,2,914.88,1829.76,Baby Food,Baby Care,Mallick PLC
4829897426,697683,2,123.74,247.48,Toilet Cleaner,Household Care,"Murty, Varghese and Saxena"
3532186218,481843,3,297.68,893.04,Chocolates,Snacks & Munchies,"Taneja, Kala and Kota"
6897674900,237083,1,577.13,577.13,Cough Syrup,Pharmacy,Hayer-Banerjee
163895717,654623,2,422.14,844.28,Chips,Snacks & Munchies,Pradhan and Sons
9857592403,661577,1,720.95,720.95,Cat Food,Pet Care,Majumdar PLC
2521197661,585299,1,799.46,799.46,Pet Treats,Pet Care,"Sharma, Chandra and Prashad"
488314125,839170,2,481.63,963.26,Curd,Dairy & Breakfast,Shetty and Sons
5073549838,385113,3,816.38,2449.14,Lotion,Personal Care,"Sampath, Mane and Mody"
6399568661,965755,3,532.57,1597.71,Bananas,Fruits & Vegetables,"Doshi, Sarraf and Sama"
3672658084,194682,3,912.29,2736.87,Iced Tea,Cold Drinks & Juices,Sastry-Issac
8273236145,366066,3,918.58,2755.74,Soap,Personal Care,Mandal LLC
3411233779,500633,1,154.5,154.5,Cereal,Dairy & Breakfast,Trivedi-Ahluwalia
8024667539,354409,3,325.08,975.24,Pulses,Grocery & Staples,Bose-Pandit
6112199794,397973,1,728.73,728.73,Bananas,Fruits & Vegetables,"Wable, Randhawa and Mutti"
9484473160,137909,1,864.3,864.3,Cough Syrup,Pharmacy,Dalal PLC
9729709418,784673,2,491.39,982.78,Dog Food,Pet Care,Ramanathan Group
7900224799,327290,2,862.28,1724.56,Sugar,Grocery & Staples,Nadkarni Inc
1821414490,124290,2,39.65,79.3,Lotion,Personal Care,Sachdev Group
5813507399,500739,1,359.98,359.98,Bread,Dairy & Breakfast,Aggarwal Group
3928003125,274207,3,328.51,985.53,Cough Syrup,Pharmacy,"Savant, Batta and Mander"
5271866987,681063,3,321.28,963.84,Mango Drink,Cold Drinks & Juices,Dass and Sons
9794537731,114414,1,832.06,832.06,Vitamins,Pharmacy,Kara-Golla
4852718488,131937,3,287.81,863.43,Frozen Pizza,Instant & Frozen Food,"Varkey, Devi and Ganguly"
8300546273,677169,3,261.03,783.09,Cough Syrup,Pharmacy,Char-Divan
976104194,557908,3,942.37,2827.11,Vitamins,Pharmacy,Sundaram Inc
5373961125,433521,3,321.33,963.99,Diapers,Baby Care,Mahal Group
6056126973,256783,2,906.54,1813.08,Pet Treats,Pet Care,"Basu, Thakur and Rege"
6352881332,726958,3,887.48,2662.44,Cat Food,Pet Care,Doctor-Patla
1643234106,557908,3,942.37,2827.11,Vitamins,Pharmacy,Sundaram Inc
8697966993,60619,3,726.41,2179.23,Iced Tea,Cold Drinks & Juices,Bhasin LLC
2276061263,687218,1,317.82,317.82,Mango Drink,Cold Drinks & Juices,"Sankaran, Pall and Gola"
4045613782,600767,3,722.42,2167.26,Toothpaste,Personal Care,Balan Group
2959828441,34186,1,925.65,925.65,Mangoes,Fruits & Vegetables,Mandal-Kar
3514589876,669378,3,212.14,636.42,Potatoes,Fruits & Vegetables,Chadha and Sons
9444081952,532965,1,307.23,307.23,Frozen Pizza,Instant & Frozen Food,Sachdev Inc
8183959589,94225,3,77.11,231.33,Toilet Cleaner,Household Care,"Gulati, Ram and Sarkar"
1712832927,425341,3,486.28,1458.84,Pet Treats,Pet Care,"Mani, Dhar and Muni"
8162867215,112390,1,877.98,877.98,Toothpaste,Personal Care,"Kibe, Contractor and Randhawa"
4160230443,820973,1,114.52,114.52,Baby Wipes,Baby Care,Lall LLC
9787535949,240179,1,90.56,90.56,Cough Syrup,Pharmacy,Ram-Suri
3423995261,747801,2,277.76,555.52,Toilet Cleaner,Household Care,Saha-Vora
1523343168,298985,3,183.76,551.28,Vitamins,Pharmacy,"Ramanathan, Joshi and Srinivasan"
1948066291,644847,1,622.81,622.81,Salt,Grocery & Staples,"Jhaveri, Kata and Kapur"
2021361582,41853,3,910.44,2731.32,Curd,Dairy & Breakfast,Handa PLC
7491420331,470449,2,827.77,1655.54,Frozen Biryani,Instant & Frozen Food,Kohli-Sawhney
994840771,112390,2,877.98,1755.96,Toothpaste,Personal Care,"Kibe, Contractor and Randhawa"
6277344634,131136,2,37.8,75.6,Salt,Grocery & Staples,Deshpande-Rama
4092653338,317242,3,198.15,594.45,Pulses,Grocery & Staples,Rastogi Group
7213712604,500633,1,154.5,154.5,Cereal,Dairy & Breakfast,Trivedi-Ahluwalia
7326709115,883013,3,989.88,2969.64,Eggs,Dairy & Breakfast,Chahal Group
9419789569,171602,3,883.44,2650.32,Cola,Cold Drinks & Juices,Pal-Sehgal
5388191488,153019,3,947.95,2843.85,Onions,Fruits & Vegetables,Aurora LLC
9065873433,930284,3,189.47,568.41,Baby Food,Baby Care,"Garg, Saraf and Dutta"
4627342297,67197,3,552.2,1656.6,Butter,Dairy & Breakfast,Shetty-Bora
4286971111,114414,2,832.06,1664.12,Vitamins,Pharmacy,Kara-Golla
645282074,697683,2,123.74,247.48,Toilet Cleaner,Household Care,"Murty, Varghese and Saxena"
7260939789,604184,2,397.55,795.1,Toilet Cleaner,Household Care,"Gaba, Sodhi and Choudhary"
1716322448,700048,2,141.28,282.56,Dish Soap,Household Care,Khalsa-Bhavsar
4293959647,361361,3,826.21,2478.63,Biscuits,Snacks & Munchies,"Kunda, Dave and Sahni"
3331935300,435929,2,856.89,1713.78,Toilet Cleaner,Household Care,Memon Ltd
1775389576,961614,3,227.22,681.66,Chocolates,Snacks & Munchies,Goda Inc
8194774262,490602,3,549.47,1648.41,Sugar,Grocery & Staples,Raghavan Inc
3615279775,51036,1,931.61,931.61,Baby Food,Baby Care,Karnik PLC
11467999,747801,3,277.76,833.28,Toilet Cleaner,Household Care,Saha-Vora
3971267196,171602,2,883.44,1766.88,Cola,Cold Drinks & Juices,Pal-Sehgal
1584863963,455755,3,44.09,132.27,Detergent,Household Care,Mangal-Sathe
1557893814,70969,1,631.7,631.7,Carrots,Fruits & Vegetables,Mohan Group
8172695964,697683,1,123.74,123.74,Toilet Cleaner,Household Care,"Murty, Varghese and Saxena"
7462800868,747801,2,277.76,555.52,Toilet Cleaner,Household Care,Saha-Vora
5438961669,425341,2,486.28,972.56,Pet Treats,Pet Care,"Mani, Dhar and Muni"
4904849001,913428,2,392.22,784.44,Pet Treats,Pet Care,Narayanan-Kumar
4816980820,63769,3,878.07,2634.21,Lotion,Personal Care,Dalal-Shan
9004078716,760828,3,563.45,1690.35,Pet Treats,Pet Care,"Khurana, Khosla and Yohannan"
8350353728,481843,2,297.68,595.36,Chocolates,Snacks & Munchies,"Taneja, Kala and Kota"
1204084245,690565,2,951.27,1902.54,Cookies,Snacks & Munchies,"Roy, Seth and Patla"
4142209897,440875,3,275.03,825.09,Baby Wipes,Baby Care,Loyal Inc
125551624,669378,2,212.14,424.28,Potatoes,Fruits & Vegetables,Chadha and Sons
9970545044,962591,3,130.01,390.03,Orange Juice,Cold Drinks & Juices,Murthy-Kaul
7976032064,621677,3,317.8,953.4,Frozen Biryani,Instant & Frozen Food,Sabharwal-Mital
8691567542,969851,3,340.66,1021.98,Frozen Vegetables,Instant & Frozen Food,"Kara, Sodhi and Bassi"
3592747590,34200,1,319.8,319.8,Lotion,Personal Care,Munshi-Grewal
7495753437,644847,1,622.81,622.81,Salt,Grocery & Staples,"Jhaveri, Kata and Kapur"
3965847120,654623,2,422.14,844.28,Chips,Snacks & Munchies,Pradhan and Sons
9365984533,470449,1,827.77,827.77,Frozen Biryani,Instant & Frozen Food,Kohli-Sawhney
2948242102,587645,3,801.81,2405.43,Vitamins,Pharmacy,"Sura, Pillay and Mammen"
6161193691,187399,2,53.49,106.98,Frozen Pizza,Instant & Frozen Food,Chauhan Inc
5964122835,144124,3,162.67,488.01,Detergent,Household Care,Lalla-Srinivasan
8879377902,883013,2,989.88,1979.76,Eggs,Dairy & Breakfast,Chahal Group
8158068874,692985,1,197.39,197.39,Pulses,Grocery & Staples,"Wable, Sankaran and Hari"
7039570964,240179,3,90.56,271.68,Cough Syrup,Pharmacy,Ram-Suri
5482913265,880510,2,951.43,1902.86,Bread,Dairy & Breakfast,Roy-Char
1018255782,264803,2,995.98,1991.96,Vitamins,Pharmacy,Gole-Doshi
8441505853,153019,3,947.95,2843.85,Onions,Fruits & Vegetables,Aurora LLC
3850018395,77308,2,223.27,446.54,Onions,Fruits & Vegetables,Ratta-Sagar
4884197611,692985,1,197.39,197.39,Pulses,Grocery & Staples,"Wable, Sankaran and Hari"
5321849748,914071,3,296.94,890.82,Chips,Snacks & Munchies,Datta Ltd
9808738347,589812,1,163.03,163.03,Detergent,Household Care,Bir PLC
8727249149,555121,2,354.91,709.82,Carrots,Fruits & Vegetables,"Subramanian, Chaudhuri and Dora"
2772154780,962591,1,130.01,130.01,Orange Juice,Cold Drinks & Juices,Murthy-Kaul
9128056381,930284,3,189.47,568.41,Baby Food,Baby Care,"Garg, Saraf and Dutta"
4461463308,798639,3,211.25,633.75,Eggs,Dairy & Breakfast,Subramaniam LLC
5636483988,256783,2,906.54,1813.08,Pet Treats,Pet Care,"Basu, Thakur and Rege"
1532065529,762527,1,690.08,690.08,Biscuits,Snacks & Munchies,"Chad, Yohannan and Chopra"
9933994647,897083,1,972.69,972.69,Detergent,Household Care,Dutta-Halder
4823026749,851978,1,715.72,715.72,Vitamins,Pharmacy,Parsa-Bala
7453442245,760828,1,563.45,563.45,Pet Treats,Pet Care,"Khurana, Khosla and Yohannan"
6519941559,697683,3,123.74,371.22,Toilet Cleaner,Household Care,"Murty, Varghese and Saxena"
3798769654,324809,1,608,608,Bread,Dairy & Breakfast,Sidhu PLC
5034289521,187399,3,53.49,160.47,Frozen Pizza,Instant & Frozen Food,Chauhan Inc
6971088688,700048,1,141.28,141.28,Dish Soap,Household Care,Khalsa-Bhavsar
5650184107,894539,2,445.48,890.96,Dish Soap,Household Care,"Pall, Sule and Sood"
5770410311,764014,2,612.04,1224.08,Salt,Grocery & Staples,"Grewal, Swamy and Dayal"
274530126,851978,3,715.72,2147.16,Vitamins,Pharmacy,Parsa-Bala
4819831152,432617,3,863.18,2589.54,Baby Wipes,Baby Care,Dora-Pillai
6977688323,171602,3,883.44,2650.32,Cola,Cold Drinks & Juices,Pal-Sehgal
2035952734,525531,2,831.1,1662.2,Dog Food,Pet Care,Sandal PLC
3665334102,435929,3,856.89,2570.67,Toilet Cleaner,Household Care,Memon Ltd
1862413314,490939,1,80.25,80.25,Lotion,Personal Care,"Roy, Barad and De"
4466643926,9436,3,88.43,265.29,Toothpaste,Personal Care,Naidu PLC
4470717835,644847,2,622.81,1245.62,Salt,Grocery & Staples,"Jhaveri, Kata and Kapur"
3018086191,217710,2,58.59,117.18,Eggs,Dairy & Breakfast,Rout-Sarna
2447983559,451933,1,568.94,568.94,Wheat Flour,Grocery & Staples,Nadig Ltd
5116322704,991434,3,237.62,712.86,Cookies,Snacks & Munchies,Mital-Oza
8941550852,36412,3,397.68,1193.04,Dish Soap,Household Care,Muni-Shankar
8026773850,812607,3,416.65,1249.95,Potatoes,Fruits & Vegetables,Rege Group
2102402075,965755,1,532.57,532.57,Bananas,Fruits & Vegetables,"Doshi, Sarraf and Sama"
989844439,298985,3,183.76,551.28,Vitamins,Pharmacy,"Ramanathan, Joshi and Srinivasan"
8426805628,897083,3,972.69,2918.07,Detergent,Household Care,Dutta-Halder
7662188403,240179,3,90.56,271.68,Cough Syrup,Pharmacy,Ram-Suri
9141654140,532965,2,307.23,614.46,Frozen Pizza,Instant & Frozen Food,Sachdev Inc
5696947751,555121,2,354.91,709.82,Carrots,Fruits & Vegetables,"Subramanian, Chaudhuri and Dora"
8953871540,144124,2,162.67,325.34,Detergent,Household Care,Lalla-Srinivasan
1767778760,516376,2,877.43,1754.86,Onions,Fruits & Vegetables,Agarwal-Dhar
5516201271,600767,1,722.42,722.42,Toothpaste,Personal Care,Balan Group
9358248664,513199,3,422.23,1266.69,Cola,Cold Drinks & Juices,Rastogi Inc
1530424665,760684,1,71.6,71.6,Rice,Grocery & Staples,Kanda-Gupta
7816293360,673058,2,765.76,1531.52,Cough Syrup,Pharmacy,Balan-Madan
1602396548,365132,2,229.38,458.76,Instant Noodles,Instant & Frozen Food,Dar-Kumar
7938126128,256783,1,906.54,906.54,Pet Treats,Pet Care,"Basu, Thakur and Rege"
271744331,153019,3,947.95,2843.85,Onions,Fruits & Vegetables,Aurora LLC
387311360,903336,1,551.88,551.88,Pulses,Grocery & Staples,"Vaidya, Amble and Palla"
1286123100,647462,1,326.42,326.42,Lotion,Personal Care,"Balan, Samra and Sekhon"
4832392771,432617,1,863.18,863.18,Baby Wipes,Baby Care,Dora-Pillai
4800106448,707935,1,820.9,820.9,Cat Food,Pet Care,"Anne, Mammen and Khatri"
5500008514,378287,2,332.84,665.68,Lemonade,Cold Drinks & Juices,Ramesh-Jain
7879575037,487931,3,709.08,2127.24,Sugar,Grocery & Staples,"Bahl, Jaggi and Nath"
50845914,478531,3,825.46,2476.38,Carrots,Fruits & Vegetables,Uppal Group
9766990467,361361,2,826.21,1652.42,Biscuits,Snacks & Munchies,"Kunda, Dave and Sahni"
4215602937,820973,3,114.52,343.56,Baby Wipes,Baby Care,Lall LLC
238484255,354409,3,325.08,975.24,Pulses,Grocery & Staples,Bose-Pandit
3293988248,272170,2,140.8,281.6,Ice Cream,Instant & Frozen Food,Purohit Group
5296157775,760684,3,71.6,214.8,Rice,Grocery & Staples,Kanda-Gupta
1143489067,4452,2,169.88,339.76,Baby Wipes,Baby Care,Morar-Mistry
8524452029,487931,1,709.08,709.08,Sugar,Grocery & Staples,"Bahl, Jaggi and Nath"
4256779885,440875,1,275.03,275.03,Baby Wipes,Baby Care,Loyal Inc
7744686996,585299,1,799.46,799.46,Pet Treats,Pet Care,"Sharma, Chandra and Prashad"
5427462399,257719,2,281.73,563.46,Eggs,Dairy & Breakfast,Chaudhuri PLC
8596751747,863930,1,242.57,242.57,Shampoo,Personal Care,"Sathe, Agarwal and Dhar"
4746468643,679865,3,347.91,1043.73,Wheat Flour,Grocery & Staples,Memon-Barad
3010047327,555121,3,354.91,1064.73,Carrots,Fruits & Vegetables,"Subramanian, Chaudhuri and Dora"
1236959246,440875,1,275.03,275.03,Baby Wipes,Baby Care,Loyal Inc
6600422315,287070,3,443.17,1329.51,Wheat Flour,Grocery & Staples,"Gala, Magar and Rajagopal"
3227252410,291238,3,746.03,2238.09,Chocolates,Snacks & Munchies,"Sinha, Pau and Chhabra"
6972292408,747801,1,277.76,277.76,Toilet Cleaner,Household Care,Saha-Vora
7562754470,82484,2,914.88,1829.76,Baby Food,Baby Care,Mallick PLC
7361971676,397973,1,728.73,728.73,Bananas,Fruits & Vegetables,"Wable, Randhawa and Mutti"
8875605037,876139,1,415.75,415.75,Pulses,Grocery & Staples,Cherian-Dara
8508253527,440875,1,275.03,275.03,Baby Wipes,Baby Care,Loyal Inc
6798775600,324809,2,608,1216,Bread,Dairy & Breakfast,Sidhu PLC
3624810422,818522,1,96.09,96.09,Cheese,Dairy & Breakfast,Hora-Roy
4740213452,726958,2,887.48,1774.96,Cat Food,Pet Care,Doctor-Patla
3825468344,425341,3,486.28,1458.84,Pet Treats,Pet Care,"Mani, Dhar and Muni"
902245665,298985,3,183.76,551.28,Vitamins,Pharmacy,"Ramanathan, Joshi and Srinivasan"
6874299189,561860,2,874.78,1749.56,Orange Juice,Cold Drinks & Juices,Gupta Ltd
1127125313,140154,2,171.2,342.4,Shampoo,Personal Care,Malhotra LLC
3606548818,448752,3,160.07,480.21,Toilet Cleaner,Household Care,Batta-Doctor
5750044154,930284,2,189.47,378.94,Baby Food,Baby Care,"Garg, Saraf and Dutta"
3872847781,652118,3,22.04,66.12,Frozen Biryani,Instant & Frozen Food,Agate and Sons
5939554684,606256,1,369.28,369.28,Frozen Biryani,Instant & Frozen Food,Agate Ltd
676412814,818990,1,163.55,163.55,Tomatoes,Fruits & Vegetables,Dugar Group
4248390724,721521,2,417.39,834.78,Rice,Grocery & Staples,"Ramanathan, Agarwal and Baria"
8938687150,319388,3,657.8,1973.4,Orange Juice,Cold Drinks & Juices,D’Alia-Dey
7898867047,767398,3,22.14,66.42,Dish Soap,Household Care,"Arya, Sundaram and Pingle"
2142065357,968887,1,40.7,40.7,Dish Soap,Household Care,Keer-Gill
9024719693,659290,3,319.34,958.02,Cheese,Dairy & Breakfast,Kapadia-D’Alia
8976616698,120385,2,597.91,1195.82,Pet Treats,Pet Care,Dubey-Sarin
8792586840,937542,3,97.04,291.12,Wheat Flour,Grocery & Staples,Khurana and Sons
5375387413,378230,3,166.42,499.26,Nuts,Snacks & Munchies,Kala-Vig
4252164097,952124,1,127.08,127.08,Onions,Fruits & Vegetables,"Wali, Sood and Bala"
8423273411,876139,3,415.75,1247.25,Pulses,Grocery & Staples,Cherian-Dara
2551179741,707935,3,820.9,2462.7,Cat Food,Pet Care,"Anne, Mammen and Khatri"
227511348,513199,1,422.23,422.23,Cola,Cold Drinks & Juices,Rastogi Inc
4434464045,153019,1,947.95,947.95,Onions,Fruits & Vegetables,Aurora LLC
7041011843,883013,2,989.88,1979.76,Eggs,Dairy & Breakfast,Chahal Group
6510283268,136533,3,826.21,2478.63,Eggs,Dairy & Breakfast,"Raghavan, Magar and Shanker"
6853654698,131748,1,81.35,81.35,Dog Food,Pet Care,"Shroff, Wason and Dugar"
9338996795,34186,2,925.65,1851.3,Mangoes,Fruits & Vegetables,Mandal-Kar
7346145952,449106,1,48.55,48.55,Soap,Personal Care,"Shere, Thakur and Naik"
6497069610,329351,3,310.87,932.61,Cheese,Dairy & Breakfast,"Lala, Kalita and Sathe"
1741402363,611575,1,482.06,482.06,Frozen Pizza,Instant & Frozen Food,"Bhat, Nigam and Hayer"
4825878367,26060,2,342.94,685.88,Vitamins,Pharmacy,Shah and Sons
7019011442,552496,2,508,1016,Dish Soap,Household Care,Dhar PLC
1674463798,67197,1,552.2,552.2,Butter,Dairy & Breakfast,Shetty-Bora
305684588,709916,3,33.76,101.28,Detergent,Household Care,Varkey LLC
5967495442,516376,2,877.43,1754.86,Onions,Fruits & Vegetables,Agarwal-Dhar
2571047526,760828,2,563.45,1126.9,Pet Treats,Pet Care,"Khurana, Khosla and Yohannan"
7784811086,689769,2,46.62,93.24,Frozen Vegetables,Instant & Frozen Food,Kothari-Datta
7942005230,714999,2,882.51,1765.02,Bread,Dairy & Breakfast,Kala Group
6653543195,287070,3,443.17,1329.51,Wheat Flour,Grocery & Staples,"Gala, Magar and Rajagopal"
397928918,991434,2,237.62,475.24,Cookies,Snacks & Munchies,Mital-Oza
776120140,131937,2,287.81,575.62,Frozen Pizza,Instant & Frozen Food,"Varkey, Devi and Ganguly"
8293188779,953175,1,225.21,225.21,Baby Food,Baby Care,Sehgal-Nagarajan
178737268,942001,3,671.55,2014.65,Cat Food,Pet Care,Acharya Ltd
5246598523,272170,2,140.8,281.6,Ice Cream,Instant & Frozen Food,Purohit Group
1172544737,602241,2,976.55,1953.1,Nuts,Snacks & Munchies,Bahl-Pau
6419533291,124290,1,39.65,39.65,Lotion,Personal Care,Sachdev Group
882083749,398340,1,651.93,651.93,Instant Noodles,Instant & Frozen Food,"Nadig, Zachariah and Soni"
3185510401,136533,1,826.21,826.21,Eggs,Dairy & Breakfast,"Raghavan, Magar and Shanker"
7760767006,667163,2,441.2,882.4,Orange Juice,Cold Drinks & Juices,Palla LLC
3833878150,140154,1,171.2,171.2,Shampoo,Personal Care,Malhotra LLC
369899578,525531,1,831.1,831.1,Dog Food,Pet Care,Sandal PLC
1944466212,990993,1,263.7,263.7,Chocolates,Snacks & Munchies,Guha-Subramaniam
4064447117,284460,1,505.95,505.95,Potatoes,Fruits & Vegetables,"Ramakrishnan, Anand and Khare"
1553685597,647462,3,326.42,979.26,Lotion,Personal Care,"Balan, Samra and Sekhon"
3682284811,848226,1,209.59,209.59,Tomatoes,Fruits & Vegetables,Barad and Sons
291439357,615545,2,448.16,896.32,Soap,Personal Care,Barman Inc
8285784194,799952,1,922.64,922.64,Cheese,Dairy & Breakfast,Padmanabhan-Virk
5058742647,679865,2,347.91,695.82,Wheat Flour,Grocery & Staples,Memon-Barad
6917020296,747801,1,277.76,277.76,Toilet Cleaner,Household Care,Saha-Vora
6671181961,461804,3,310.69,932.07,Sugar,Grocery & Staples,"Ghose, Ben and Divan"
5123439997,89084,2,598.83,1197.66,Milk,Dairy & Breakfast,"Wali, Virk and Iyer"
8510183245,587420,3,357.42,1072.26,Cookies,Snacks & Munchies,Raj and Sons
6081384585,942001,1,671.55,671.55,Cat Food,Pet Care,Acharya Ltd
4423613746,969851,3,340.66,1021.98,Frozen Vegetables,Instant & Frozen Food,"Kara, Sodhi and Bassi"
1530472691,611575,1,482.06,482.06,Frozen Pizza,Instant & Frozen Food,"Bhat, Nigam and Hayer"
7009303199,600767,3,722.42,2167.26,Toothpaste,Personal Care,Balan Group
5386652055,329351,3,310.87,932.61,Cheese,Dairy & Breakfast,"Lala, Kalita and Sathe"
4413239746,131937,1,287.81,287.81,Frozen Pizza,Instant & Frozen Food,"Varkey, Devi and Ganguly"
4988875078,53833,1,134.69,134.69,Rice,Grocery & Staples,Tella-Master
1617565217,726958,1,887.48,887.48,Cat Food,Pet Care,Doctor-Patla
392038758,863930,3,242.57,727.71,Shampoo,Personal Care,"Sathe, Agarwal and Dhar"
1828727552,820973,3,114.52,343.56,Baby Wipes,Baby Care,Lall LLC
7119397338,124290,2,39.65,79.3,Lotion,Personal Care,Sachdev Group
2611271708,798639,3,211.25,633.75,Eggs,Dairy & Breakfast,Subramaniam LLC
7162509481,606256,3,369.28,1107.84,Frozen Biryani,Instant & Frozen Food,Agate Ltd
131913576,871592,3,870.29,2610.87,Carrots,Fruits & Vegetables,"Shankar, Nadkarni and Kumer"
6627201490,812607,1,416.65,416.65,Potatoes,Fruits & Vegetables,Rege Group
4644950813,153019,3,947.95,2843.85,Onions,Fruits & Vegetables,Aurora LLC
9434934993,397973,1,728.73,728.73,Bananas,Fruits & Vegetables,"Wable, Randhawa and Mutti"
2556317798,679284,3,877.89,2633.67,Cough Syrup,Pharmacy,Pant LLC
2826150539,859361,3,432.39,1297.17,Shampoo,Personal Care,Mitter Group
4283803308,942001,1,671.55,671.55,Cat Food,Pet Care,Acharya Ltd
6873424093,34186,3,925.65,2776.95,Mangoes,Fruits & Vegetables,Mandal-Kar
4741294126,604184,3,397.55,1192.65,Toilet Cleaner,Household Care,"Gaba, Sodhi and Choudhary"
4967241271,587645,2,801.81,1603.62,Vitamins,Pharmacy,"Sura, Pillay and Mammen"
9554079946,561860,1,874.78,874.78,Orange Juice,Cold Drinks & Juices,Gupta Ltd
4601205399,673058,2,765.76,1531.52,Cough Syrup,Pharmacy,Balan-Madan
5633967304,704868,2,193.46,386.92,Detergent,Household Care,"Parikh, Oak and Kara"
4168163237,592784,1,280.35,280.35,Biscuits,Snacks & Munchies,"Andra, Mander and Kari"
5924297360,654623,3,422.14,1266.42,Chips,Snacks & Munchies,Pradhan and Sons
2120299901,767398,2,22.14,44.28,Dish Soap,Household Care,"Arya, Sundaram and Pingle"
1070876534,712307,2,264.89,529.78,Orange Juice,Cold Drinks & Juices,Chana LLC
7032280048,274207,2,328.51,657.02,Cough Syrup,Pharmacy,"Savant, Batta and Mander"
156346853,490602,1,549.47,549.47,Sugar,Grocery & Staples,Raghavan Inc
6873267326,319388,1,657.8,657.8,Orange Juice,Cold Drinks & Juices,D’Alia-Dey
1370661468,187399,3,53.49,160.47,Frozen Pizza,Instant & Frozen Food,Chauhan Inc
3612128358,4452,1,169.88,169.88,Baby Wipes,Baby Care,Morar-Mistry
1736953222,146840,2,786.85,1573.7,Bread,Dairy & Breakfast,"Bains, Deol and Vaidya"
9107923488,4452,1,169.88,169.88,Baby Wipes,Baby Care,Morar-Mistry
4378877600,952168,2,236.95,473.9,Popcorn,Snacks & Munchies,"Krishnamurthy, Sibal and Das"
3232762361,124290,3,39.65,118.95,Lotion,Personal Care,Sachdev Group
1831641377,219598,3,367.08,1101.24,Shampoo,Personal Care,Arora-Magar
562428866,432617,3,863.18,2589.54,Baby Wipes,Baby Care,Dora-Pillai
4607715908,555121,2,354.91,709.82,Carrots,Fruits & Vegetables,"Subramanian, Chaudhuri and Dora"
4804575203,587420,3,357.42,1072.26,Cookies,Snacks & Munchies,Raj and Sons
8287234948,953175,1,225.21,225.21,Baby Food,Baby Care,Sehgal-Nagarajan
6074452586,965755,1,532.57,532.57,Bananas,Fruits & Vegetables,"Doshi, Sarraf and Sama"
6821790656,487931,2,709.08,1418.16,Sugar,Grocery & Staples,"Bahl, Jaggi and Nath"
7821942520,490939,1,80.25,80.25,Lotion,Personal Care,"Roy, Barad and De"
3012496270,848226,2,209.59,419.18,Tomatoes,Fruits & Vegetables,Barad and Sons
8980370750,56589,1,517.77,517.77,Vitamins,Pharmacy,"Pai, Kashyap and Ramachandran"
6535672015,798639,3,211.25,633.75,Eggs,Dairy & Breakfast,Subramaniam LLC
6999060704,137909,2,864.3,1728.6,Cough Syrup,Pharmacy,Dalal PLC
9403732731,131748,2,81.35,162.7,Dog Food,Pet Care,"Shroff, Wason and Dugar"
5649255352,449106,3,48.55,145.65,Soap,Personal Care,"Shere, Thakur and Naik"
5034409841,700048,1,141.28,141.28,Dish Soap,Household Care,Khalsa-Bhavsar
9072111617,112390,1,877.98,877.98,Toothpaste,Personal Care,"Kibe, Contractor and Randhawa"
9556880451,621677,3,317.8,953.4,Frozen Biryani,Instant & Frozen Food,Sabharwal-Mital
4602796463,859361,3,432.39,1297.17,Shampoo,Personal Care,Mitter Group
6061353924,291238,1,746.03,746.03,Chocolates,Snacks & Munchies,"Sinha, Pau and Chhabra"
4366519080,764014,2,612.04,1224.08,Salt,Grocery & Staples,"Grewal, Swamy and Dayal"
1324817141,739448,1,755.66,755.66,Dish Soap,Household Care,Mand-Choudhry
5419080144,89084,2,598.83,1197.66,Milk,Dairy & Breakfast,"Wali, Virk and Iyer"
8813470284,77308,1,223.27,223.27,Onions,Fruits & Vegetables,Ratta-Sagar
3182992799,449106,2,48.55,97.1,Soap,Personal Care,"Shere, Thakur and Naik"
7792996715,961614,3,227.22,681.66,Chocolates,Snacks & Munchies,Goda Inc
6962624734,491314,3,973.44,2920.32,Ice Cream,Instant & Frozen Food,Banerjee Inc
5948662456,848226,1,209.59,209.59,Tomatoes,Fruits & Vegetables,Barad and Sons
3395675979,300159,1,44.35,44.35,Cola,Cold Drinks & Juices,"Basu, Rout and Mistry"
7550368787,237083,2,577.13,1154.26,Cough Syrup,Pharmacy,Hayer-Banerjee
8357671697,677169,3,261.03,783.09,Cough Syrup,Pharmacy,Char-Divan
9600704922,833557,3,422.87,1268.61,Cereal,Dairy & Breakfast,"Gole, Chand and Dada"
9915229426,112390,2,877.98,1755.96,Toothpaste,Personal Care,"Kibe, Contractor and Randhawa"
9927474026,567671,1,418.48,418.48,Biscuits,Snacks & Munchies,Nagar LLC
6310535397,968887,1,40.7,40.7,Dish Soap,Household Care,Keer-Gill
8045941430,723678,2,675.46,1350.92,Dog Food,Pet Care,"Lall, Datta and Swamy"
4390394582,171602,2,883.44,1766.88,Cola,Cold Drinks & Juices,Pal-Sehgal
5062545226,673058,2,765.76,1531.52,Cough Syrup,Pharmacy,Balan-Madan
2836701831,837480,3,217.4,652.2,Cough Syrup,Pharmacy,Edwin and Sons
4115492281,435929,1,856.89,856.89,Toilet Cleaner,Household Care,Memon Ltd
3554645781,53833,3,134.69,404.07,Rice,Grocery & Staples,Tella-Master
3983605701,264803,3,995.98,2987.94,Vitamins,Pharmacy,Gole-Doshi
8581516385,500633,1,154.5,154.5,Cereal,Dairy & Breakfast,Trivedi-Ahluwalia
8290229112,473647,1,43.05,43.05,Toothpaste,Personal Care,Ben-Ravi
1195560119,606256,1,369.28,369.28,Frozen Biryani,Instant & Frozen Food,Agate Ltd
5077327994,700048,1,141.28,141.28,Dish Soap,Household Care,Khalsa-Bhavsar
2945185661,903336,3,551.88,1655.64,Pulses,Grocery & Staples,"Vaidya, Amble and Palla"
3951005873,587420,3,357.42,1072.26,Cookies,Snacks & Munchies,Raj and Sons
3490816523,880510,3,951.43,2854.29,Bread,Dairy & Breakfast,Roy-Char
6739114301,33955,1,186.08,186.08,Frozen Pizza,Instant & Frozen Food,Baral Group
5728818155,243235,3,109.03,327.09,Cat Food,Pet Care,Batta Inc
7713651693,891833,1,493.19,493.19,Curd,Dairy & Breakfast,Mani PLC
5452048621,706112,2,478.79,957.58,Vitamins,Pharmacy,"Magar, Gara and Garg"
2297027645,897083,1,972.69,972.69,Detergent,Household Care,Dutta-Halder
2438302298,954722,2,616.45,1232.9,Ice Cream,Instant & Frozen Food,Mohan-Virk
578811216,563740,1,96.33,96.33,Chips,Snacks & Munchies,Mann-Kapadia
8684710720,621677,3,317.8,953.4,Frozen Biryani,Instant & Frozen Food,Sabharwal-Mital
1249797614,327290,1,862.28,862.28,Sugar,Grocery & Staples,Nadkarni Inc
8013026217,672059,1,672.73,672.73,Toothpaste,Personal Care,Kaur-Gola
5421697986,606256,2,369.28,738.56,Frozen Biryani,Instant & Frozen Food,Agate Ltd
8922741261,863930,3,242.57,727.71,Shampoo,Personal Care,"Sathe, Agarwal and Dhar"
3441102335,516376,3,877.43,2632.29,Onions,Fruits & Vegetables,Agarwal-Dhar
6065607924,63769,2,878.07,1756.14,Lotion,Personal Care,Dalal-Shan
5153395650,478531,1,825.46,825.46,Carrots,Fruits & Vegetables,Uppal Group
2215235447,298985,1,183.76,183.76,Vitamins,Pharmacy,"Ramanathan, Joshi and Srinivasan"
5678676134,319388,1,657.8,657.8,Orange Juice,Cold Drinks & Juices,D’Alia-Dey
5045588926,60619,1,726.41,726.41,Iced Tea,Cold Drinks & Juices,Bhasin LLC
1677502866,969851,1,340.66,340.66,Frozen Vegetables,Instant & Frozen Food,"Kara, Sodhi and Bassi"
4777610024,433521,3,321.33,963.99,Diapers,Baby Care,Mahal Group
477350788,762527,2,690.08,1380.16,Biscuits,Snacks & Munchies,"Chad, Yohannan and Chopra"
4616699342,818990,2,163.55,327.1,Tomatoes,Fruits & Vegetables,Dugar Group
8849914077,154179,3,582.87,1748.61,Pain Reliever,Pharmacy,"Barad, Devi and Andra"
9183435457,107548,1,891.6,891.6,Cola,Cold Drinks & Juices,"Bhandari, Bhasin and Palan"
6922646336,799952,3,922.64,2767.92,Cheese,Dairy & Breakfast,Padmanabhan-Virk
3228806806,679865,2,347.91,695.82,Wheat Flour,Grocery & Staples,Memon-Barad
4893095476,444361,2,822.63,1645.26,Pain Reliever,Pharmacy,"Prakash, Bawa and Kale"
7773468233,462526,2,449.97,899.94,Curd,Dairy & Breakfast,Pau and Sons
5928657526,473929,2,440.19,880.38,Carrots,Fruits & Vegetables,"Bhardwaj, Bhatia and Deshmukh"
4435936422,837480,2,217.4,434.8,Cough Syrup,Pharmacy,Edwin and Sons
6031122324,298985,1,183.76,183.76,Vitamins,Pharmacy,"Ramanathan, Joshi and Srinivasan"
7286969496,366066,3,918.58,2755.74,Soap,Personal Care,Mandal LLC
4665508413,433521,2,321.33,642.66,Diapers,Baby Care,Mahal Group
9224598372,962054,1,16.86,16.86,Orange Juice,Cold Drinks & Juices,Toor-Nagar
842020543,927651,1,426.72,426.72,Baby Wipes,Baby Care,Narula Group
7237143327,820973,1,114.52,114.52,Baby Wipes,Baby Care,Lall LLC
5095141954,133542,1,68.49,68.49,Detergent,Household Care,Edwin-Lall
6229535077,739534,2,994.56,1989.12,Toilet Cleaner,Household Care,"Gera, Narang and Karpe"
2984879441,557908,1,942.37,942.37,Vitamins,Pharmacy,Sundaram Inc
785895477,771228,2,83.18,166.36,Pet Treats,Pet Care,Raja and Sons
6220343481,525531,3,831.1,2493.3,Dog Food,Pet Care,Sandal PLC
5897343054,991434,1,237.62,237.62,Cookies,Snacks & Munchies,Mital-Oza
60465,361361,2,826.21,1652.42,Biscuits,Snacks & Munchies,"Kunda, Dave and Sahni"
2245476104,327290,3,862.28,2586.84,Sugar,Grocery & Staples,Nadkarni Inc
6347292505,658389,1,152.55,152.55,Popcorn,Snacks & Munchies,"Chanda, Som and Vohra"
8321900643,611575,2,482.06,964.12,Frozen Pizza,Instant & Frozen Food,"Bhat, Nigam and Hayer"
9639033064,949818,1,483.05,483.05,Biscuits,Snacks & Munchies,Yohannan Inc
2748368258,478531,3,825.46,2476.38,Carrots,Fruits & Vegetables,Uppal Group
1444371693,455083,3,959.01,2877.03,Butter,Dairy & Breakfast,Dutta Inc
7111342746,914071,1,296.94,296.94,Chips,Snacks & Munchies,Datta Ltd
9457576236,52729,3,316.02,948.06,Cat Food,Pet Care,Saini LLC
4167252733,991434,2,237.62,475.24,Cookies,Snacks & Munchies,Mital-Oza
4304875010,425341,1,486.28,486.28,Pet Treats,Pet Care,"Mani, Dhar and Muni"
4870910859,516376,3,877.43,2632.29,Onions,Fruits & Vegetables,Agarwal-Dhar
3674118222,839170,2,481.63,963.26,Curd,Dairy & Breakfast,Shetty and Sons
38408517,378287,2,332.84,665.68,Lemonade,Cold Drinks & Juices,Ramesh-Jain
3081609596,712003,3,671.68,2015.04,Cola,Cold Drinks & Juices,"Karan, Bandi and Acharya"
1390229631,654623,1,422.14,422.14,Chips,Snacks & Munchies,Pradhan and Sons
7498092418,799688,1,309.62,309.62,Lotion,Personal Care,Arora LLC
3334055527,784673,2,491.39,982.78,Dog Food,Pet Care,Ramanathan Group
8729426842,942001,2,671.55,1343.1,Cat Food,Pet Care,Acharya Ltd
1722808791,432617,1,863.18,863.18,Baby Wipes,Baby Care,Dora-Pillai
9775070757,264803,1,995.98,995.98,Vitamins,Pharmacy,Gole-Doshi
4737779056,491521,3,556.35,1669.05,Nuts,Snacks & Munchies,Karpe Inc
2047483376,51036,2,931.61,1863.22,Baby Food,Baby Care,Karnik PLC
4758632331,753354,2,423.56,847.12,Shampoo,Personal Care,Sant-Mahajan
4741574337,851978,2,715.72,1431.44,Vitamins,Pharmacy,Parsa-Bala
5805120939,747801,1,277.76,277.76,Toilet Cleaner,Household Care,Saha-Vora
7550508,140154,2,171.2,342.4,Shampoo,Personal Care,Malhotra LLC
1966056265,305754,1,979.99,979.99,Frozen Vegetables,Instant & Frozen Food,Mammen-Hegde
6363072906,26060,2,342.94,685.88,Vitamins,Pharmacy,Shah and Sons
7389054351,563740,3,96.33,288.99,Chips,Snacks & Munchies,Mann-Kapadia
7146572423,557908,2,942.37,1884.74,Vitamins,Pharmacy,Sundaram Inc
4590810848,516376,3,877.43,2632.29,Onions,Fruits & Vegetables,Agarwal-Dhar
9226364404,876139,3,415.75,1247.25,Pulses,Grocery & Staples,Cherian-Dara
6687792641,914071,2,296.94,593.88,Chips,Snacks & Munchies,Datta Ltd
5183577434,376447,1,724.84,724.84,Butter,Dairy & Breakfast,Gara and Sons
7440785414,397973,1,728.73,728.73,Bananas,Fruits & Vegetables,"Wable, Randhawa and Mutti"
7932057095,26060,2,342.94,685.88,Vitamins,Pharmacy,Shah and Sons
6126906924,602241,1,976.55,976.55,Nuts,Snacks & Munchies,Bahl-Pau
8997788831,146840,2,786.85,1573.7,Bread,Dairy & Breakfast,"Bains, Deol and Vaidya"
3480516243,34186,3,925.65,2776.95,Mangoes,Fruits & Vegetables,Mandal-Kar
1234692850,354409,3,325.08,975.24,Pulses,Grocery & Staples,Bose-Pandit
4954911880,136533,2,826.21,1652.42,Eggs,Dairy & Breakfast,"Raghavan, Magar and Shanker"
504060154,839170,2,481.63,963.26,Curd,Dairy & Breakfast,Shetty and Sons
8723752267,137909,2,864.3,1728.6,Cough Syrup,Pharmacy,Dalal PLC
5724116944,366066,1,918.58,918.58,Soap,Personal Care,Mandal LLC
8161349145,144124,3,162.67,488.01,Detergent,Household Care,Lalla-Srinivasan
2985254380,449106,2,48.55,97.1,Soap,Personal Care,"Shere, Thakur and Naik"
9837170359,739534,3,994.56,2983.68,Toilet Cleaner,Household Care,"Gera, Narang and Karpe"
3915323515,681063,3,321.28,963.84,Mango Drink,Cold Drinks & Juices,Dass and Sons
8829163586,615545,3,448.16,1344.48,Soap,Personal Care,Barman Inc
961526405,516376,1,877.43,877.43,Onions,Fruits & Vegetables,Agarwal-Dhar
5792721465,615545,3,448.16,1344.48,Soap,Personal Care,Barman Inc
8094117960,317242,2,198.15,396.3,Pulses,Grocery & Staples,Rastogi Group
9318325652,606256,2,369.28,738.56,Frozen Biryani,Instant & Frozen Food,Agate Ltd
852676412,679284,1,877.89,877.89,Cough Syrup,Pharmacy,Pant LLC
6487883093,990993,2,263.7,527.4,Chocolates,Snacks & Munchies,Guha-Subramaniam
5398965602,661577,3,720.95,2162.85,Cat Food,Pet Care,Majumdar PLC
6149664144,681063,2,321.28,642.56,Mango Drink,Cold Drinks & Juices,Dass and Sons
6231586256,329351,2,310.87,621.74,Cheese,Dairy & Breakfast,"Lala, Kalita and Sathe"
4598622116,462526,1,449.97,449.97,Curd,Dairy & Breakfast,Pau and Sons
8971796779,952168,3,236.95,710.85,Popcorn,Snacks & Munchies,"Krishnamurthy, Sibal and Das"
2148246883,131136,3,37.8,113.4,Salt,Grocery & Staples,Deshpande-Rama
4357632507,298985,3,183.76,551.28,Vitamins,Pharmacy,"Ramanathan, Joshi and Srinivasan"
3323576462,114414,1,832.06,832.06,Vitamins,Pharmacy,Kara-Golla
4220834107,876139,3,415.75,1247.25,Pulses,Grocery & Staples,Cherian-Dara
4409513224,721521,3,417.39,1252.17,Rice,Grocery & Staples,"Ramanathan, Agarwal and Baria"
5610159677,760684,3,71.6,214.8,Rice,Grocery & Staples,Kanda-Gupta
6259219127,714999,1,882.51,882.51,Bread,Dairy & Breakfast,Kala Group
5628497118,51036,1,931.61,931.61,Baby Food,Baby Care,Karnik PLC
1508576390,602241,2,976.55,1953.1,Nuts,Snacks & Munchies,Bahl-Pau
5922953060,34186,1,925.65,925.65,Mangoes,Fruits & Vegetables,Mandal-Kar
5130838561,771228,1,83.18,83.18,Pet Treats,Pet Care,Raja and Sons
3217749279,327290,3,862.28,2586.84,Sugar,Grocery & Staples,Nadkarni Inc
9279422297,954722,3,616.45,1849.35,Ice Cream,Instant & Frozen Food,Mohan-Virk
222955546,566052,1,87.3,87.3,Pain Reliever,Pharmacy,"Apte, Soman and Raju"
8290493339,602241,3,976.55,2929.65,Nuts,Snacks & Munchies,Bahl-Pau
6418952352,667163,3,441.2,1323.6,Orange Juice,Cold Drinks & Juices,Palla LLC
8978231928,243235,3,109.03,327.09,Cat Food,Pet Care,Batta Inc
3746306403,890623,1,354.52,354.52,Onions,Fruits & Vegetables,"Sangha, Nagar and Varty"
3157198428,927651,1,426.72,426.72,Baby Wipes,Baby Care,Narula Group
981939883,461804,1,310.69,310.69,Sugar,Grocery & Staples,"Ghose, Ben and Divan"
6569836274,913428,2,392.22,784.44,Pet Treats,Pet Care,Narayanan-Kumar
5695124358,317242,3,198.15,594.45,Pulses,Grocery & Staples,Rastogi Group
773335066,833557,1,422.87,422.87,Cereal,Dairy & Breakfast,"Gole, Chand and Dada"
3618712852,970529,3,827.44,2482.32,Diapers,Baby Care,"Kurian, Patla and Sanghvi"
6009732867,94225,1,77.11,77.11,Toilet Cleaner,Household Care,"Gulati, Ram and Sarkar"
7269785858,274207,1,328.51,328.51,Cough Syrup,Pharmacy,"Savant, Batta and Mander"
5798831066,33955,2,186.08,372.16,Frozen Pizza,Instant & Frozen Food,Baral Group
5330654120,969851,1,340.66,340.66,Frozen Vegetables,Instant & Frozen Food,"Kara, Sodhi and Bassi"
462189338,839170,1,481.63,481.63,Curd,Dairy & Breakfast,Shetty and Sons
7536187765,927651,2,426.72,853.44,Baby Wipes,Baby Care,Narula Group
9938820107,51036,3,931.61,2794.83,Baby Food,Baby Care,Karnik PLC
9410751894,652118,1,22.04,22.04,Frozen Biryani,Instant & Frozen Food,Agate and Sons
9172888683,14145,3,630.84,1892.52,Spinach,Fruits & Vegetables,"Thakur, Shah and Pingle"
8018695018,124290,3,39.65,118.95,Lotion,Personal Care,Sachdev Group
7456610316,901144,2,340.36,680.72,Sugar,Grocery & Staples,Deo-Kamdar
5627902734,927651,3,426.72,1280.16,Baby Wipes,Baby Care,Narula Group
5189768940,327290,2,862.28,1724.56,Sugar,Grocery & Staples,Nadkarni Inc
173709007,306177,3,769.24,2307.72,Frozen Biryani,Instant & Frozen Food,Som Inc
1485229334,667163,1,441.2,441.2,Orange Juice,Cold Drinks & Juices,Palla LLC
9334479603,34200,2,319.8,639.6,Lotion,Personal Care,Munshi-Grewal
8674211510,654297,1,13.25,13.25,Potatoes,Fruits & Vegetables,Chandran-Dass
390257855,937542,1,97.04,97.04,Wheat Flour,Grocery & Staples,Khurana and Sons
6642374542,462526,2,449.97,899.94,Curd,Dairy & Breakfast,Pau and Sons
6585999443,444361,1,822.63,822.63,Pain Reliever,Pharmacy,"Prakash, Bawa and Kale"
622705569,337168,2,545.49,1090.98,Eggs,Dairy & Breakfast,Dasgupta PLC
1635083835,681063,2,321.28,642.56,Mango Drink,Cold Drinks & Juices,Dass and Sons
7359512417,606256,3,369.28,1107.84,Frozen Biryani,Instant & Frozen Food,Agate Ltd
9237698013,382511,3,702.54,2107.62,Butter,Dairy & Breakfast,Bora-Thakkar
3492935177,757274,1,98.32,98.32,Pet Treats,Pet Care,"Minhas, Kapoor and Sethi"
4324086468,734789,1,395.82,395.82,Popcorn,Snacks & Munchies,"Chaudhari, Pant and Singh"
9171218505,378230,1,166.42,166.42,Nuts,Snacks & Munchies,Kala-Vig
5068157547,186168,3,878.8,2636.4,Dog Food,Pet Care,"Parekh, Lad and Kadakia"
8558710948,880510,1,951.43,951.43,Bread,Dairy & Breakfast,Roy-Char
3184669775,34200,3,319.8,959.4,Lotion,Personal Care,Munshi-Grewal
7079324691,398340,3,651.93,1955.79,Instant Noodles,Instant & Frozen Food,"Nadig, Zachariah and Soni"
4210311922,120532,2,697.53,1395.06,Wheat Flour,Grocery & Staples,Nazareth Ltd
7660037070,784673,3,491.39,1474.17,Dog Food,Pet Care,Ramanathan Group
9410025634,9436,3,88.43,265.29,Toothpaste,Personal Care,Naidu PLC
6798589010,11422,1,127.16,127.16,Potatoes,Fruits & Vegetables,Ramaswamy-Tata
5401466202,478531,3,825.46,2476.38,Carrots,Fruits & Vegetables,Uppal Group
9102648124,859361,3,432.39,1297.17,Shampoo,Personal Care,Mitter Group
1969956670,848226,1,209.59,209.59,Tomatoes,Fruits & Vegetables,Barad and Sons
1194228460,140489,3,650.2,1950.6,Soap,Personal Care,"Biswas, Kapoor and Patel"
9628463148,566052,3,87.3,261.9,Pain Reliever,Pharmacy,"Apte, Soman and Raju"
7745364283,654623,1,422.14,422.14,Chips,Snacks & Munchies,Pradhan and Sons
9892343037,131748,3,81.35,244.05,Dog Food,Pet Care,"Shroff, Wason and Dugar"
1588828749,53833,3,134.69,404.07,Rice,Grocery & Staples,Tella-Master
4037647778,144124,2,162.67,325.34,Detergent,Household Care,Lalla-Srinivasan
6664301655,367391,1,939.55,939.55,Baby Wipes,Baby Care,Talwar and Sons
7096225581,6405,1,236.51,236.51,Baby Food,Baby Care,Kashyap-Reddy
79029185,820973,3,114.52,343.56,Baby Wipes,Baby Care,Lall LLC
7831967187,993331,3,102.44,307.32,Pulses,Grocery & Staples,"Parmer, Gola and Yogi"
482214790,51036,3,931.61,2794.83,Baby Food,Baby Care,Karnik PLC
5931307224,891833,1,493.19,493.19,Curd,Dairy & Breakfast,Mani PLC
6410432854,894539,3,445.48,1336.44,Dish Soap,Household Care,"Pall, Sule and Sood"
6124624375,644847,2,622.81,1245.62,Salt,Grocery & Staples,"Jhaveri, Kata and Kapur"
8992870838,757274,2,98.32,196.64,Pet Treats,Pet Care,"Minhas, Kapoor and Sethi"
8377146126,291238,3,746.03,2238.09,Chocolates,Snacks & Munchies,"Sinha, Pau and Chhabra"
7852428533,602241,3,976.55,2929.65,Nuts,Snacks & Munchies,Bahl-Pau
9258876870,131748,1,81.35,81.35,Dog Food,Pet Care,"Shroff, Wason and Dugar"
6810940082,606256,3,369.28,1107.84,Frozen Biryani,Instant & Frozen Food,Agate Ltd
3330538479,771228,2,83.18,166.36,Pet Treats,Pet Care,Raja and Sons
7270469981,131748,1,81.35,81.35,Dog Food,Pet Care,"Shroff, Wason and Dugar"
5636241570,306177,1,769.24,769.24,Frozen Biryani,Instant & Frozen Food,Som Inc
4467471002,51036,1,931.61,931.61,Baby Food,Baby Care,Karnik PLC
6201821502,555121,3,354.91,1064.73,Carrots,Fruits & Vegetables,"Subramanian, Chaudhuri and Dora"
6144140039,324809,1,608,608,Bread,Dairy & Breakfast,Sidhu PLC
3310749597,611575,3,482.06,1446.18,Frozen Pizza,Instant & Frozen Food,"Bhat, Nigam and Hayer"
5085488484,56589,1,517.77,517.77,Vitamins,Pharmacy,"Pai, Kashyap and Ramachandran"
587498345,970529,2,827.44,1654.88,Diapers,Baby Care,"Kurian, Patla and Sanghvi"
5136205193,473929,1,440.19,440.19,Carrots,Fruits & Vegetables,"Bhardwaj, Bhatia and Deshmukh"
9321319130,807452,1,144.19,144.19,Pulses,Grocery & Staples,Naik Ltd
9113393578,832348,1,831.43,831.43,Biscuits,Snacks & Munchies,Jani-Ram
3860678807,378287,3,332.84,998.52,Lemonade,Cold Drinks & Juices,Ramesh-Jain
3603683788,478531,1,825.46,825.46,Carrots,Fruits & Vegetables,Uppal Group
4472082279,753354,2,423.56,847.12,Shampoo,Personal Care,Sant-Mahajan
4104732514,927651,1,426.72,426.72,Baby Wipes,Baby Care,Narula Group
9050314096,196719,2,217.5,435,Bananas,Fruits & Vegetables,Yogi Group
9296105870,692985,2,197.39,394.78,Pulses,Grocery & Staples,"Wable, Sankaran and Hari"
4678456188,306177,3,769.24,2307.72,Frozen Biryani,Instant & Frozen Food,Som Inc
812386333,567671,2,418.48,836.96,Biscuits,Snacks & Munchies,Nagar LLC
8100314462,760828,1,563.45,563.45,Pet Treats,Pet Care,"Khurana, Khosla and Yohannan"
781509952,131748,2,81.35,162.7,Dog Food,Pet Care,"Shroff, Wason and Dugar"
1918416669,77308,1,223.27,223.27,Onions,Fruits & Vegetables,Ratta-Sagar
1152165724,687218,3,317.82,953.46,Mango Drink,Cold Drinks & Juices,"Sankaran, Pall and Gola"
9664390656,968887,1,40.7,40.7,Dish Soap,Household Care,Keer-Gill
2686950796,961614,2,227.22,454.44,Chocolates,Snacks & Munchies,Goda Inc
7332801173,118820,1,12.32,12.32,Iced Tea,Cold Drinks & Juices,"Warrior, Ravel and Amble"
3503438244,123983,2,785.67,1571.34,Cough Syrup,Pharmacy,Kurian-Chhabra
4044591373,578097,3,267.61,802.83,Nuts,Snacks & Munchies,Jha Group
7817195618,945635,3,778.9,2336.7,Pulses,Grocery & Staples,Balasubramanian PLC
8974710941,962591,1,130.01,130.01,Orange Juice,Cold Drinks & Juices,Murthy-Kaul
2811268404,433521,2,321.33,642.66,Diapers,Baby Care,Mahal Group
7251548462,114414,3,832.06,2496.18,Vitamins,Pharmacy,Kara-Golla
352037003,992178,3,632.43,1897.29,Pain Reliever,Pharmacy,Basu and Sons
8510312737,313754,1,136.6,136.6,Biscuits,Snacks & Munchies,"Swaminathan, Mahal and Dara"
3242700095,490939,1,80.25,80.25,Lotion,Personal Care,"Roy, Barad and De"
5833898647,851978,2,715.72,1431.44,Vitamins,Pharmacy,Parsa-Bala
7212771842,60619,3,726.41,2179.23,Iced Tea,Cold Drinks & Juices,Bhasin LLC
7799757050,91670,1,439.24,439.24,Dish Soap,Household Care,Barman-Ahluwalia
9593303695,951463,2,787.4,1574.8,Pet Treats,Pet Care,Balakrishnan-Kaur
7709693536,89084,2,598.83,1197.66,Milk,Dairy & Breakfast,"Wali, Virk and Iyer"
5092922964,114414,3,832.06,2496.18,Vitamins,Pharmacy,Kara-Golla
8318806722,196719,2,217.5,435,Bananas,Fruits & Vegetables,Yogi Group
4352870279,153019,2,947.95,1895.9,Onions,Fruits & Vegetables,Aurora LLC
6722040962,945635,1,778.9,778.9,Pulses,Grocery & Staples,Balasubramanian PLC
1690831615,566052,2,87.3,174.6,Pain Reliever,Pharmacy,"Apte, Soman and Raju"
6475689021,397973,1,728.73,728.73,Bananas,Fruits & Vegetables,"Wable, Randhawa and Mutti"
8361280131,954722,2,616.45,1232.9,Ice Cream,Instant & Frozen Food,Mohan-Virk
2664549359,440875,1,275.03,275.03,Baby Wipes,Baby Care,Loyal Inc
9510912773,555121,1,354.91,354.91,Carrots,Fruits & Vegetables,"Subramanian, Chaudhuri and Dora"
3654462337,659290,2,319.34,638.68,Cheese,Dairy & Breakfast,Kapadia-D’Alia
2308652017,566052,3,87.3,261.9,Pain Reliever,Pharmacy,"Apte, Soman and Raju"
8300200841,587420,2,357.42,714.84,Cookies,Snacks & Munchies,Raj and Sons
5027243163,540618,3,317.05,951.15,Popcorn,Snacks & Munchies,Golla-Luthra
713290065,799459,3,852.02,2556.06,Vitamins,Pharmacy,"Garg, Kari and Kapur"
2006434350,136533,1,826.21,826.21,Eggs,Dairy & Breakfast,"Raghavan, Magar and Shanker"
6587221270,120385,1,597.91,597.91,Pet Treats,Pet Care,Dubey-Sarin
969705468,256051,3,400.92,1202.76,Lotion,Personal Care,"Mannan, Naidu and Sama"
4492000627,798639,1,211.25,211.25,Eggs,Dairy & Breakfast,Subramaniam LLC
977290328,942001,2,671.55,1343.1,Cat Food,Pet Care,Acharya Ltd
8735245723,672059,3,672.73,2018.19,Toothpaste,Personal Care,Kaur-Gola
6299539090,784673,3,491.39,1474.17,Dog Food,Pet Care,Ramanathan Group
2177211652,784827,1,274.25,274.25,Baby Wipes,Baby Care,Balakrishnan Ltd
8972569491,51036,3,931.61,2794.83,Baby Food,Baby Care,Karnik PLC
7658414712,349294,3,934.75,2804.25,Onions,Fruits & Vegetables,Ganesan Ltd
2069355540,183929,1,738.74,738.74,Bread,Dairy & Breakfast,"Nagi, Sampath and Khurana"
4084790776,812607,3,416.65,1249.95,Potatoes,Fruits & Vegetables,Rege Group
8716008121,658389,3,152.55,457.65,Popcorn,Snacks & Munchies,"Chanda, Som and Vohra"
9781965606,784827,2,274.25,548.5,Baby Wipes,Baby Care,Balakrishnan Ltd
8380133046,681063,3,321.28,963.84,Mango Drink,Cold Drinks & Juices,Dass and Sons
691827543,621677,1,317.8,317.8,Frozen Biryani,Instant & Frozen Food,Sabharwal-Mital
5750245858,217710,3,58.59,175.77,Eggs,Dairy & Breakfast,Rout-Sarna
1578150657,382511,2,702.54,1405.08,Butter,Dairy & Breakfast,Bora-Thakkar
9069556587,747801,1,277.76,277.76,Toilet Cleaner,Household Care,Saha-Vora
8396347551,913428,1,392.22,392.22,Pet Treats,Pet Care,Narayanan-Kumar
6083487488,820973,3,114.52,343.56,Baby Wipes,Baby Care,Lall LLC
3191281184,853932,3,941.19,2823.57,Baby Wipes,Baby Care,Ranganathan-Peri
6397409024,762527,2,690.08,1380.16,Biscuits,Snacks & Munchies,"Chad, Yohannan and Chopra"
9021529086,107548,3,891.6,2674.8,Cola,Cold Drinks & Juices,"Bhandari, Bhasin and Palan"
8214544415,537274,3,702.71,2108.13,Pet Treats,Pet Care,Lal-Chauhan
8569302709,131937,3,287.81,863.43,Frozen Pizza,Instant & Frozen Food,"Varkey, Devi and Ganguly"
2219192870,799952,3,922.64,2767.92,Cheese,Dairy & Breakfast,Padmanabhan-Virk
8537081061,894539,2,445.48,890.96,Dish Soap,Household Care,"Pall, Sule and Sood"
9284683425,91670,3,439.24,1317.72,Dish Soap,Household Care,Barman-Ahluwalia
9774193601,451933,1,568.94,568.94,Wheat Flour,Grocery & Staples,Nadig Ltd
7496826261,219598,3,367.08,1101.24,Shampoo,Personal Care,Arora-Magar
1058749075,677169,1,261.03,261.03,Cough Syrup,Pharmacy,Char-Divan
7128038799,961614,1,227.22,227.22,Chocolates,Snacks & Munchies,Goda Inc
3596318350,700048,2,141.28,282.56,Dish Soap,Household Care,Khalsa-Bhavsar
3187042843,378230,2,166.42,332.84,Nuts,Snacks & Munchies,Kala-Vig
4673500573,70969,1,631.7,631.7,Carrots,Fruits & Vegetables,Mohan Group
881900445,328457,3,858.57,2575.71,Mango Drink,Cold Drinks & Juices,Hayre-Shere
9874112459,739448,2,755.66,1511.32,Dish Soap,Household Care,Mand-Choudhry
4531430634,952168,1,236.95,236.95,Popcorn,Snacks & Munchies,"Krishnamurthy, Sibal and Das"
6715699166,107548,2,891.6,1783.2,Cola,Cold Drinks & Juices,"Bhandari, Bhasin and Palan"
4171748538,652118,3,22.04,66.12,Frozen Biryani,Instant & Frozen Food,Agate and Sons
4093115982,444361,3,822.63,2467.89,Pain Reliever,Pharmacy,"Prakash, Bawa and Kale"
2515279840,461804,1,310.69,310.69,Sugar,Grocery & Staples,"Ghose, Ben and Divan"
4981424948,679865,1,347.91,347.91,Wheat Flour,Grocery & Staples,Memon-Barad
1911064507,500633,2,154.5,309,Cereal,Dairy & Breakfast,Trivedi-Ahluwalia
6438392384,654623,1,422.14,422.14,Chips,Snacks & Munchies,Pradhan and Sons
5859840400,552883,3,888.16,2664.48,Potatoes,Fruits & Vegetables,"Balan, Patel and Mall"
7640576778,305754,3,979.99,2939.97,Frozen Vegetables,Instant & Frozen Food,Mammen-Hegde
5453475937,131748,1,81.35,81.35,Dog Food,Pet Care,"Shroff, Wason and Dugar"
653610300,684939,1,727.95,727.95,Lotion,Personal Care,"Sibal, Bhatnagar and Rajan"
730299055,679321,1,738.46,738.46,Cola,Cold Drinks & Juices,Khurana-Dewan
8396250231,721521,2,417.39,834.78,Rice,Grocery & Staples,"Ramanathan, Agarwal and Baria"
8556969682,532965,1,307.23,307.23,Frozen Pizza,Instant & Frozen Food,Sachdev Inc
7159670875,684939,3,727.95,2183.85,Lotion,Personal Care,"Sibal, Bhatnagar and Rajan"
4922278509,644847,2,622.81,1245.62,Salt,Grocery & Staples,"Jhaveri, Kata and Kapur"
8151274002,34186,2,925.65,1851.3,Mangoes,Fruits & Vegetables,Mandal-Kar
5373978100,433521,3,321.33,963.99,Diapers,Baby Care,Mahal Group
6210207010,859361,1,432.39,432.39,Shampoo,Personal Care,Mitter Group
1837403174,14145,3,630.84,1892.52,Spinach,Fruits & Vegetables,"Thakur, Shah and Pingle"
1148265823,542300,3,255.35,766.05,Popcorn,Snacks & Munchies,Gulati-Tandon
8472487149,837480,2,217.4,434.8,Cough Syrup,Pharmacy,Edwin and Sons
9111535172,784673,1,491.39,491.39,Dog Food,Pet Care,Ramanathan Group
6558001978,478531,3,825.46,2476.38,Carrots,Fruits & Vegetables,Uppal Group
2762095386,623234,2,329.79,659.58,Frozen Biryani,Instant & Frozen Food,Chakrabarti-Batra
2406325099,734789,3,395.82,1187.46,Popcorn,Snacks & Munchies,"Chaudhari, Pant and Singh"
4274182127,798639,2,211.25,422.5,Eggs,Dairy & Breakfast,Subramaniam LLC
7271609994,425341,3,486.28,1458.84,Pet Treats,Pet Care,"Mani, Dhar and Muni"
9182539734,557908,3,942.37,2827.11,Vitamins,Pharmacy,Sundaram Inc
7891517071,56589,1,517.77,517.77,Vitamins,Pharmacy,"Pai, Kashyap and Ramachandran"
3666182849,51036,1,931.61,931.61,Baby Food,Baby Care,Karnik PLC
8724590445,741341,1,923.84,923.84,Eggs,Dairy & Breakfast,Prasad LLC
7919863938,945635,3,778.9,2336.7,Pulses,Grocery & Staples,Balasubramanian PLC
3545539999,287070,1,443.17,443.17,Wheat Flour,Grocery & Staples,"Gala, Magar and Rajagopal"
7463392603,812607,3,416.65,1249.95,Potatoes,Fruits & Vegetables,Rege Group
7296733293,615545,3,448.16,1344.48,Soap,Personal Care,Barman Inc
7118924734,552496,2,508,1016,Dish Soap,Household Care,Dhar PLC
2529809156,513199,1,422.23,422.23,Cola,Cold Drinks & Juices,Rastogi Inc
2216699744,807452,2,144.19,288.38,Pulses,Grocery & Staples,Naik Ltd
8257221712,677542,2,212.61,425.22,Toilet Cleaner,Household Care,Thaman-Lanka
1357352531,799952,2,922.64,1845.28,Cheese,Dairy & Breakfast,Padmanabhan-Virk
2108138590,602241,2,976.55,1953.1,Nuts,Snacks & Munchies,Bahl-Pau
5648212121,41853,1,910.44,910.44,Curd,Dairy & Breakfast,Handa PLC
3951878528,949818,1,483.05,483.05,Biscuits,Snacks & Munchies,Yohannan Inc
8310385249,39154,1,946.86,946.86,Mangoes,Fruits & Vegetables,"Suresh, Bose and Bajwa"
7513562596,144124,1,162.67,162.67,Detergent,Household Care,Lalla-Srinivasan
6304586678,679321,3,738.46,2215.38,Cola,Cold Drinks & Juices,Khurana-Dewan
5222812863,451812,1,530.85,530.85,Pain Reliever,Pharmacy,"Batra, Sant and Mandal"
5393039591,378230,1,166.42,166.42,Nuts,Snacks & Munchies,Kala-Vig
6708586922,799952,3,922.64,2767.92,Cheese,Dairy & Breakfast,Padmanabhan-Virk
3177552965,328457,2,858.57,1717.14,Mango Drink,Cold Drinks & Juices,Hayre-Shere
607125614,661577,3,720.95,2162.85,Cat Food,Pet Care,Majumdar PLC
139417019,992178,1,632.43,632.43,Pain Reliever,Pharmacy,Basu and Sons
1893231742,913428,2,392.22,784.44,Pet Treats,Pet Care,Narayanan-Kumar
3580010065,89084,3,598.83,1796.49,Milk,Dairy & Breakfast,"Wali, Virk and Iyer"
962319394,876139,1,415.75,415.75,Pulses,Grocery & Staples,Cherian-Dara
8321726382,970529,2,827.44,1654.88,Diapers,Baby Care,"Kurian, Patla and Sanghvi"
1485682761,70969,3,631.7,1895.1,Carrots,Fruits & Vegetables,Mohan Group
5008756947,36412,1,397.68,397.68,Dish Soap,Household Care,Muni-Shankar
1334996274,771228,3,83.18,249.54,Pet Treats,Pet Care,Raja and Sons
2914506024,274207,1,328.51,328.51,Cough Syrup,Pharmacy,"Savant, Batta and Mander"
8811831663,136533,3,826.21,2478.63,Eggs,Dairy & Breakfast,"Raghavan, Magar and Shanker"
875427533,669378,3,212.14,636.42,Potatoes,Fruits & Vegetables,Chadha and Sons
5865390748,700048,3,141.28,423.84,Dish Soap,Household Care,Khalsa-Bhavsar
4054828941,77308,1,223.27,223.27,Onions,Fruits & Vegetables,Ratta-Sagar
1257568604,839170,1,481.63,481.63,Curd,Dairy & Breakfast,Shetty and Sons
2738862626,34200,1,319.8,319.8,Lotion,Personal Care,Munshi-Grewal
7352532839,313754,3,136.6,409.8,Biscuits,Snacks & Munchies,"Swaminathan, Mahal and Dara"
520221662,57405,1,607.67,607.67,Baby Food,Baby Care,Srinivas PLC
7818925535,848226,1,209.59,209.59,Tomatoes,Fruits & Vegetables,Barad and Sons
3476023750,925482,1,475.04,475.04,Frozen Biryani,Instant & Frozen Food,Viswanathan-Sha
8945838922,114414,3,832.06,2496.18,Vitamins,Pharmacy,Kara-Golla
2233053313,222892,2,869.22,1738.44,Tomatoes,Fruits & Vegetables,Ramakrishnan-Ghose
1844073851,799688,2,309.62,619.24,Lotion,Personal Care,Arora LLC
8348125769,707935,3,820.9,2462.7,Cat Food,Pet Care,"Anne, Mammen and Khatri"
8475818223,721521,2,417.39,834.78,Rice,Grocery & Staples,"Ramanathan, Agarwal and Baria"
4270941188,34200,1,319.8,319.8,Lotion,Personal Care,Munshi-Grewal
2611200126,679865,1,347.91,347.91,Wheat Flour,Grocery & Staples,Memon-Barad
8573833987,654297,3,13.25,39.75,Potatoes,Fruits & Vegetables,Chandran-Dass
2979246068,361361,3,826.21,2478.63,Biscuits,Snacks & Munchies,"Kunda, Dave and Sahni"
6779895105,112390,3,877.98,2633.94,Toothpaste,Personal Care,"Kibe, Contractor and Randhawa"
1731478314,6405,2,236.51,473.02,Baby Food,Baby Care,Kashyap-Reddy
3692405872,661577,3,720.95,2162.85,Cat Food,Pet Care,Majumdar PLC
8853713324,799688,2,309.62,619.24,Lotion,Personal Care,Arora LLC
979766779,784673,3,491.39,1474.17,Dog Food,Pet Care,Ramanathan Group
5709672475,91670,2,439.24,878.48,Dish Soap,Household Care,Barman-Ahluwalia
3855709201,820973,3,114.52,343.56,Baby Wipes,Baby Care,Lall LLC
6861065282,832348,3,831.43,2494.29,Biscuits,Snacks & Munchies,Jani-Ram
7919724613,112390,1,877.98,877.98,Toothpaste,Personal Care,"Kibe, Contractor and Randhawa"
7882742057,365133,1,915.45,915.45,Dish Soap,Household Care,Hans Inc
1929002406,516376,3,877.43,2632.29,Onions,Fruits & Vegetables,Agarwal-Dhar
2458349464,187399,2,53.49,106.98,Frozen Pizza,Instant & Frozen Food,Chauhan Inc
6608328221,313754,1,136.6,136.6,Biscuits,Snacks & Munchies,"Swaminathan, Mahal and Dara"
7736615348,397973,3,728.73,2186.19,Bananas,Fruits & Vegetables,"Wable, Randhawa and Mutti"
2591738507,171602,2,883.44,1766.88,Cola,Cold Drinks & Juices,Pal-Sehgal
6751537971,903336,3,551.88,1655.64,Pulses,Grocery & Staples,"Vaidya, Amble and Palla"
9768154003,11422,2,127.16,254.32,Potatoes,Fruits & Vegetables,Ramaswamy-Tata
5887288860,146840,3,786.85,2360.55,Bread,Dairy & Breakfast,"Bains, Deol and Vaidya"
3559865135,365132,3,229.38,688.14,Instant Noodles,Instant & Frozen Food,Dar-Kumar
209044447,757274,2,98.32,196.64,Pet Treats,Pet Care,"Minhas, Kapoor and Sethi"
9643668734,747801,2,277.76,555.52,Toilet Cleaner,Household Care,Saha-Vora
6115465612,767398,3,22.14,66.42,Dish Soap,Household Care,"Arya, Sundaram and Pingle"
8493723088,803607,1,949.73,949.73,Soap,Personal Care,"Kadakia, Mohan and Sathe"
6392024503,451812,2,530.85,1061.7,Pain Reliever,Pharmacy,"Batra, Sant and Mandal"
9863468109,256051,3,400.92,1202.76,Lotion,Personal Care,"Mannan, Naidu and Sama"
5448628635,837480,3,217.4,652.2,Cough Syrup,Pharmacy,Edwin and Sons
3329455953,34200,2,319.8,639.6,Lotion,Personal Care,Munshi-Grewal
3584190892,26060,3,342.94,1028.82,Vitamins,Pharmacy,Shah and Sons
9097056321,540618,1,317.05,317.05,Popcorn,Snacks & Munchies,Golla-Luthra
525741957,784673,2,491.39,982.78,Dog Food,Pet Care,Ramanathan Group
5387395051,925482,2,475.04,950.08,Frozen Biryani,Instant & Frozen Food,Viswanathan-Sha
6799246060,803607,3,949.73,2849.19,Soap,Personal Care,"Kadakia, Mohan and Sathe"
8986314607,700048,1,141.28,141.28,Dish Soap,Household Care,Khalsa-Bhavsar
1085912198,697683,1,123.74,123.74,Toilet Cleaner,Household Care,"Murty, Varghese and Saxena"
3423328091,679321,2,738.46,1476.92,Cola,Cold Drinks & Juices,Khurana-Dewan
9848366909,365132,2,229.38,458.76,Instant Noodles,Instant & Frozen Food,Dar-Kumar
936021770,107548,3,891.6,2674.8,Cola,Cold Drinks & Juices,"Bhandari, Bhasin and Palan"
8916215165,925482,3,475.04,1425.12,Frozen Biryani,Instant & Frozen Food,Viswanathan-Sha
389558867,555121,3,354.91,1064.73,Carrots,Fruits & Vegetables,"Subramanian, Chaudhuri and Dora"
7616883530,306177,3,769.24,2307.72,Frozen Biryani,Instant & Frozen Food,Som Inc
3851744248,734789,1,395.82,395.82,Popcorn,Snacks & Munchies,"Chaudhari, Pant and Singh"
4953665655,444361,2,822.63,1645.26,Pain Reliever,Pharmacy,"Prakash, Bawa and Kale"
962864152,455083,3,959.01,2877.03,Butter,Dairy & Breakfast,Dutta Inc
923668833,771228,3,83.18,249.54,Pet Treats,Pet Care,Raja and Sons
4022122330,26060,3,342.94,1028.82,Vitamins,Pharmacy,Shah and Sons
4564846800,500739,2,359.98,719.96,Bread,Dairy & Breakfast,Aggarwal Group
690652905,451812,2,530.85,1061.7,Pain Reliever,Pharmacy,"Batra, Sant and Mandal"
716741661,799688,2,309.62,619.24,Lotion,Personal Care,Arora LLC
6575532281,34200,1,319.8,319.8,Lotion,Personal Care,Munshi-Grewal
7486807731,803607,3,949.73,2849.19,Soap,Personal Care,"Kadakia, Mohan and Sathe"
9721870982,272170,1,140.8,140.8,Ice Cream,Instant & Frozen Food,Purohit Group
8105823343,56589,1,517.77,517.77,Vitamins,Pharmacy,"Pai, Kashyap and Ramachandran"
7113554979,53833,1,134.69,134.69,Rice,Grocery & Staples,Tella-Master
507373134,847349,2,781.08,1562.16,Potatoes,Fruits & Vegetables,Chhabra-Agrawal
4674132573,537274,3,702.71,2108.13,Pet Treats,Pet Care,Lal-Chauhan
487395969,561860,1,874.78,874.78,Orange Juice,Cold Drinks & Juices,Gupta Ltd
3962007460,378676,3,881.42,2644.26,Orange Juice,Cold Drinks & Juices,Baral-Kamdar
2272882287,487931,2,709.08,1418.16,Sugar,Grocery & Staples,"Bahl, Jaggi and Nath"
4426246696,382511,2,702.54,1405.08,Butter,Dairy & Breakfast,Bora-Thakkar
1714709914,256783,2,906.54,1813.08,Pet Treats,Pet Care,"Basu, Thakur and Rege"
3159133564,237083,2,577.13,1154.26,Cough Syrup,Pharmacy,Hayer-Banerjee
4531739740,552496,1,508,508,Dish Soap,Household Care,Dhar PLC
3158981349,859361,1,432.39,432.39,Shampoo,Personal Care,Mitter Group
1789010378,500633,3,154.5,463.5,Cereal,Dairy & Breakfast,Trivedi-Ahluwalia
705203916,89084,1,598.83,598.83,Milk,Dairy & Breakfast,"Wali, Virk and Iyer"
7255510932,94225,1,77.11,77.11,Toilet Cleaner,Household Care,"Gulati, Ram and Sarkar"
1991167685,237083,2,577.13,1154.26,Cough Syrup,Pharmacy,Hayer-Banerjee
5103721089,34186,3,925.65,2776.95,Mangoes,Fruits & Vegetables,Mandal-Kar
9674006557,317242,3,198.15,594.45,Pulses,Grocery & Staples,Rastogi Group
1073466441,681063,3,321.28,963.84,Mango Drink,Cold Drinks & Juices,Dass and Sons
5407006470,70969,2,631.7,1263.4,Carrots,Fruits & Vegetables,Mohan Group
747347782,15314,3,578.85,1736.55,Cheese,Dairy & Breakfast,Banik-Ratta
8554063149,684939,3,727.95,2183.85,Lotion,Personal Care,"Sibal, Bhatnagar and Rajan"
4855215470,487065,3,374.68,1124.04,Chips,Snacks & Munchies,Kadakia-Yadav
5008998072,993331,1,102.44,102.44,Pulses,Grocery & Staples,"Parmer, Gola and Yogi"
9696466906,118820,2,12.32,24.64,Iced Tea,Cold Drinks & Juices,"Warrior, Ravel and Amble"
7189534591,951463,1,787.4,787.4,Pet Treats,Pet Care,Balakrishnan-Kaur
9965941354,707935,1,820.9,820.9,Cat Food,Pet Care,"Anne, Mammen and Khatri"
1275232752,747801,1,277.76,277.76,Toilet Cleaner,Household Care,Saha-Vora
343479370,566052,1,87.3,87.3,Pain Reliever,Pharmacy,"Apte, Soman and Raju"
2485933387,890232,1,432,432,Mango Drink,Cold Drinks & Juices,Jha Group
6735843326,992178,1,632.43,632.43,Pain Reliever,Pharmacy,Basu and Sons
6384313098,644847,1,622.81,622.81,Salt,Grocery & Staples,"Jhaveri, Kata and Kapur"
1022032613,903336,1,551.88,551.88,Pulses,Grocery & Staples,"Vaidya, Amble and Palla"
8026892264,487931,3,709.08,2127.24,Sugar,Grocery & Staples,"Bahl, Jaggi and Nath"
7158825499,952124,2,127.08,254.16,Onions,Fruits & Vegetables,"Wali, Sood and Bala"
5327013494,901144,2,340.36,680.72,Sugar,Grocery & Staples,Deo-Kamdar
1002526452,444361,2,822.63,1645.26,Pain Reliever,Pharmacy,"Prakash, Bawa and Kale"
4650525854,317242,2,198.15,396.3,Pulses,Grocery & Staples,Rastogi Group
6260291784,697683,1,123.74,123.74,Toilet Cleaner,Household Care,"Murty, Varghese and Saxena"
1884314278,264803,2,995.98,1991.96,Vitamins,Pharmacy,Gole-Doshi
7074219396,760828,3,563.45,1690.35,Pet Treats,Pet Care,"Khurana, Khosla and Yohannan"
807183459,684939,3,727.95,2183.85,Lotion,Personal Care,"Sibal, Bhatnagar and Rajan"
598539940,876139,1,415.75,415.75,Pulses,Grocery & Staples,Cherian-Dara
427702490,120385,1,597.91,597.91,Pet Treats,Pet Care,Dubey-Sarin
955844536,784673,3,491.39,1474.17,Dog Food,Pet Care,Ramanathan Group
5397640599,89084,1,598.83,598.83,Milk,Dairy & Breakfast,"Wali, Virk and Iyer"
3451246886,451812,2,530.85,1061.7,Pain Reliever,Pharmacy,"Batra, Sant and Mandal"
8487733248,378287,3,332.84,998.52,Lemonade,Cold Drinks & Juices,Ramesh-Jain
2921621434,532965,3,307.23,921.69,Frozen Pizza,Instant & Frozen Food,Sachdev Inc
4757133884,812607,3,416.65,1249.95,Potatoes,Fruits & Vegetables,Rege Group
1793847102,131748,3,81.35,244.05,Dog Food,Pet Care,"Shroff, Wason and Dugar"
6197760573,799952,3,922.64,2767.92,Cheese,Dairy & Breakfast,Padmanabhan-Virk
6818660907,298985,2,183.76,367.52,Vitamins,Pharmacy,"Ramanathan, Joshi and Srinivasan"
7807587130,962591,2,130.01,260.02,Orange Juice,Cold Drinks & Juices,Murthy-Kaul
4540563647,222892,2,869.22,1738.44,Tomatoes,Fruits & Vegetables,Ramakrishnan-Ghose
2480913332,876139,1,415.75,415.75,Pulses,Grocery & Staples,Cherian-Dara
5735481292,945635,3,778.9,2336.7,Pulses,Grocery & Staples,Balasubramanian PLC
7112326373,690565,3,951.27,2853.81,Cookies,Snacks & Munchies,"Roy, Seth and Patla"
614274161,604184,3,397.55,1192.65,Toilet Cleaner,Household Care,"Gaba, Sodhi and Choudhary"
5512258335,687218,2,317.82,635.64,Mango Drink,Cold Drinks & Juices,"Sankaran, Pall and Gola"
1214757247,53833,3,134.69,404.07,Rice,Grocery & Staples,Tella-Master
4211686231,94225,2,77.11,154.22,Toilet Cleaner,Household Care,"Gulati, Ram and Sarkar"
5288088590,951463,2,787.4,1574.8,Pet Treats,Pet Care,Balakrishnan-Kaur
1193525681,186168,1,878.8,878.8,Dog Food,Pet Care,"Parekh, Lad and Kadakia"
5132095929,487931,2,709.08,1418.16,Sugar,Grocery & Staples,"Bahl, Jaggi and Nath"
7703144556,196719,2,217.5,435,Bananas,Fruits & Vegetables,Yogi Group
6786199145,589812,3,163.03,489.09,Detergent,Household Care,Bir PLC
2463627380,623234,3,329.79,989.37,Frozen Biryani,Instant & Frozen Food,Chakrabarti-Batra
6331115638,298985,1,183.76,183.76,Vitamins,Pharmacy,"Ramanathan, Joshi and Srinivasan"
9212312136,952124,3,127.08,381.24,Onions,Fruits & Vegetables,"Wali, Sood and Bala"
6788500162,677169,1,261.03,261.03,Cough Syrup,Pharmacy,Char-Divan
2166421384,41853,1,910.44,910.44,Curd,Dairy & Breakfast,Handa PLC
2744509800,378676,2,881.42,1762.84,Orange Juice,Cold Drinks & Juices,Baral-Kamdar
8806260669,611575,1,482.06,482.06,Frozen Pizza,Instant & Frozen Food,"Bhat, Nigam and Hayer"
7773287963,942001,1,671.55,671.55,Cat Food,Pet Care,Acharya Ltd
8153845667,449106,2,48.55,97.1,Soap,Personal Care,"Shere, Thakur and Naik"
8345887091,667163,2,441.2,882.4,Orange Juice,Cold Drinks & Juices,Palla LLC
6638429050,799688,2,309.62,619.24,Lotion,Personal Care,Arora LLC
4132900691,837480,2,217.4,434.8,Cough Syrup,Pharmacy,Edwin and Sons
2119346062,222892,1,869.22,869.22,Tomatoes,Fruits & Vegetables,Ramakrishnan-Ghose
689310626,952124,2,127.08,254.16,Onions,Fruits & Vegetables,"Wali, Sood and Bala"
9246993674,490602,2,549.47,1098.94,Sugar,Grocery & Staples,Raghavan Inc
2282234185,734789,1,395.82,395.82,Popcorn,Snacks & Munchies,"Chaudhari, Pant and Singh"
9697170386,992178,2,632.43,1264.86,Pain Reliever,Pharmacy,Basu and Sons
6376147802,799952,1,922.64,922.64,Cheese,Dairy & Breakfast,Padmanabhan-Virk
7415158732,433521,1,321.33,321.33,Diapers,Baby Care,Mahal Group
343300311,962591,2,130.01,260.02,Orange Juice,Cold Drinks & Juices,Murthy-Kaul
3922539531,647462,1,326.42,326.42,Lotion,Personal Care,"Balan, Samra and Sekhon"
7634516705,154179,1,582.87,582.87,Pain Reliever,Pharmacy,"Barad, Devi and Andra"
8731122718,847349,3,781.08,2343.24,Potatoes,Fruits & Vegetables,Chhabra-Agrawal
9471236505,669378,3,212.14,636.42,Potatoes,Fruits & Vegetables,Chadha and Sons
9497014025,492958,3,84.2,252.6,Lotion,Personal Care,Acharya PLC
592358946,378676,3,881.42,2644.26,Orange Juice,Cold Drinks & Juices,Baral-Kamdar
9680783354,41853,3,910.44,2731.32,Curd,Dairy & Breakfast,Handa PLC
6109792602,723678,3,675.46,2026.38,Dog Food,Pet Care,"Lall, Datta and Swamy"
2734817654,365132,3,229.38,688.14,Instant Noodles,Instant & Frozen Food,Dar-Kumar
6380542008,961614,2,227.22,454.44,Chocolates,Snacks & Munchies,Goda Inc
4784760589,820973,3,114.52,343.56,Baby Wipes,Baby Care,Lall LLC
1577703194,647462,1,326.42,326.42,Lotion,Personal Care,"Balan, Samra and Sekhon"
6758737749,186168,2,878.8,1757.6,Dog Food,Pet Care,"Parekh, Lad and Kadakia"
4081640450,136533,2,826.21,1652.42,Eggs,Dairy & Breakfast,"Raghavan, Magar and Shanker"
9258266990,492958,1,84.2,84.2,Lotion,Personal Care,Acharya PLC
2109410707,91670,3,439.24,1317.72,Dish Soap,Household Care,Barman-Ahluwalia
576022547,243235,2,109.03,218.06,Cat Food,Pet Care,Batta Inc
2106943908,133542,1,68.49,68.49,Detergent,Household Care,Edwin-Lall
6541281594,26060,1,342.94,342.94,Vitamins,Pharmacy,Shah and Sons
2664220988,183929,3,738.74,2216.22,Bread,Dairy & Breakfast,"Nagi, Sampath and Khurana"
493514666,542300,2,255.35,510.7,Popcorn,Snacks & Munchies,Gulati-Tandon
9658669384,658389,2,152.55,305.1,Popcorn,Snacks & Munchies,"Chanda, Som and Vohra"
8765283513,449106,3,48.55,145.65,Soap,Personal Care,"Shere, Thakur and Naik"
6421427812,51036,2,931.61,1863.22,Baby Food,Baby Care,Karnik PLC
4467093205,739448,3,755.66,2266.98,Dish Soap,Household Care,Mand-Choudhry
7560862152,328457,3,858.57,2575.71,Mango Drink,Cold Drinks & Juices,Hayre-Shere
8218080678,365133,1,915.45,915.45,Dish Soap,Household Care,Hans Inc
8196173573,481843,3,297.68,893.04,Chocolates,Snacks & Munchies,"Taneja, Kala and Kota"
1174856327,654623,2,422.14,844.28,Chips,Snacks & Munchies,Pradhan and Sons
9754365788,949818,3,483.05,1449.15,Biscuits,Snacks & Munchies,Yohannan Inc
8398774908,256051,1,400.92,400.92,Lotion,Personal Care,"Mannan, Naidu and Sama"
626433439,913428,1,392.22,392.22,Pet Treats,Pet Care,Narayanan-Kumar
3097299525,257719,3,281.73,845.19,Eggs,Dairy & Breakfast,Chaudhuri PLC
5367488413,592784,3,280.35,841.05,Biscuits,Snacks & Munchies,"Andra, Mander and Kari"
3700795655,153019,3,947.95,2843.85,Onions,Fruits & Vegetables,Aurora LLC
3161904185,654623,2,422.14,844.28,Chips,Snacks & Munchies,Pradhan and Sons
8149944548,968887,2,40.7,81.4,Dish Soap,Household Care,Keer-Gill
4961830447,144124,3,162.67,488.01,Detergent,Household Care,Lalla-Srinivasan
613578154,287070,3,443.17,1329.51,Wheat Flour,Grocery & Staples,"Gala, Magar and Rajagopal"
2582466700,444361,2,822.63,1645.26,Pain Reliever,Pharmacy,"Prakash, Bawa and Kale"
3840910839,592784,1,280.35,280.35,Biscuits,Snacks & Munchies,"Andra, Mander and Kari"
399559401,658389,2,152.55,305.1,Popcorn,Snacks & Munchies,"Chanda, Som and Vohra"
4037817241,561860,3,874.78,2624.34,Orange Juice,Cold Drinks & Juices,Gupta Ltd
582598096,689769,2,46.62,93.24,Frozen Vegetables,Instant & Frozen Food,Kothari-Datta
9218060399,949818,3,483.05,1449.15,Biscuits,Snacks & Munchies,Yohannan Inc
6650174202,833557,2,422.87,845.74,Cereal,Dairy & Breakfast,"Gole, Chand and Dada"
2715902884,672059,3,672.73,2018.19,Toothpaste,Personal Care,Kaur-Gola
7957986242,41853,2,910.44,1820.88,Curd,Dairy & Breakfast,Handa PLC
7148568995,397973,3,728.73,2186.19,Bananas,Fruits & Vegetables,"Wable, Randhawa and Mutti"
670358911,124290,2,39.65,79.3,Lotion,Personal Care,Sachdev Group
6098277214,11422,2,127.16,254.32,Potatoes,Fruits & Vegetables,Ramaswamy-Tata
4621664126,491314,3,973.44,2920.32,Ice Cream,Instant & Frozen Food,Banerjee Inc
6336460663,820541,3,576.22,1728.66,Toilet Cleaner,Household Care,"Borde, Peri and Upadhyay"
909027635,444361,3,822.63,2467.89,Pain Reliever,Pharmacy,"Prakash, Bawa and Kale"
2854202683,51036,3,931.61,2794.83,Baby Food,Baby Care,Karnik PLC
7936387697,992178,3,632.43,1897.29,Pain Reliever,Pharmacy,Basu and Sons
8337736091,613942,1,545,545,Pet Treats,Pet Care,"Dyal, Saraf and Goel"
4404350734,298985,2,183.76,367.52,Vitamins,Pharmacy,"Ramanathan, Joshi and Srinivasan"
6565246127,803607,2,949.73,1899.46,Soap,Personal Care,"Kadakia, Mohan and Sathe"
3494650073,642612,2,517.03,1034.06,Pet Treats,Pet Care,Pillay-Ahuja
1920923798,451812,3,530.85,1592.55,Pain Reliever,Pharmacy,"Batra, Sant and Mandal"
5069524975,913428,3,392.22,1176.66,Pet Treats,Pet Care,Narayanan-Kumar
3873368520,812607,2,416.65,833.3,Potatoes,Fruits & Vegetables,Rege Group
3111414152,587645,1,801.81,801.81,Vitamins,Pharmacy,"Sura, Pillay and Mammen"
7104489974,53833,1,134.69,134.69,Rice,Grocery & Staples,Tella-Master
3211566084,621677,1,317.8,317.8,Frozen Biryani,Instant & Frozen Food,Sabharwal-Mital
2416717644,183929,3,738.74,2216.22,Bread,Dairy & Breakfast,"Nagi, Sampath and Khurana"
4535670244,890232,2,432,864,Mango Drink,Cold Drinks & Juices,Jha Group
7309958460,961614,1,227.22,227.22,Chocolates,Snacks & Munchies,Goda Inc
9996182478,592784,3,280.35,841.05,Biscuits,Snacks & Munchies,"Andra, Mander and Kari"
2231942521,659290,2,319.34,638.68,Cheese,Dairy & Breakfast,Kapadia-D’Alia
554028972,734789,2,395.82,791.64,Popcorn,Snacks & Munchies,"Chaudhari, Pant and Singh"
8756001290,726958,1,887.48,887.48,Cat Food,Pet Care,Doctor-Patla
8047899303,684939,2,727.95,1455.9,Lotion,Personal Care,"Sibal, Bhatnagar and Rajan"
9720683332,542300,3,255.35,766.05,Popcorn,Snacks & Munchies,Gulati-Tandon
218670241,131748,1,81.35,81.35,Dog Food,Pet Care,"Shroff, Wason and Dugar"
1382880255,820541,2,576.22,1152.44,Toilet Cleaner,Household Care,"Borde, Peri and Upadhyay"
332975964,490602,1,549.47,549.47,Sugar,Grocery & Staples,Raghavan Inc
2638683222,652118,2,22.04,44.08,Frozen Biryani,Instant & Frozen Food,Agate and Sons
9150146711,734789,2,395.82,791.64,Popcorn,Snacks & Munchies,"Chaudhari, Pant and Singh"
1553626879,602241,3,976.55,2929.65,Nuts,Snacks & Munchies,Bahl-Pau
9271384187,186168,2,878.8,1757.6,Dog Food,Pet Care,"Parekh, Lad and Kadakia"
1409544327,677542,3,212.61,637.83,Toilet Cleaner,Household Care,Thaman-Lanka
637100019,677169,1,261.03,261.03,Cough Syrup,Pharmacy,Char-Divan
186083059,337168,3,545.49,1636.47,Eggs,Dairy & Breakfast,Dasgupta PLC
1804073530,661577,1,720.95,720.95,Cat Food,Pet Care,Majumdar PLC
5291430311,894539,2,445.48,890.96,Dish Soap,Household Care,"Pall, Sule and Sood"
6947225582,34200,3,319.8,959.4,Lotion,Personal Care,Munshi-Grewal
5710643134,712307,3,264.89,794.67,Orange Juice,Cold Drinks & Juices,Chana LLC
8329733630,36412,2,397.68,795.36,Dish Soap,Household Care,Muni-Shankar
6772651293,818522,2,96.09,192.18,Cheese,Dairy & Breakfast,Hora-Roy
581212790,219598,2,367.08,734.16,Shampoo,Personal Care,Arora-Magar
4766571706,131748,3,81.35,244.05,Dog Food,Pet Care,"Shroff, Wason and Dugar"
9961298199,336847,1,936.98,936.98,Toilet Cleaner,Household Care,"Dayal, Mammen and More"
8102675591,679865,1,347.91,347.91,Wheat Flour,Grocery & Staples,Memon-Barad
604050223,818990,1,163.55,163.55,Tomatoes,Fruits & Vegetables,Dugar Group
782327552,52729,2,316.02,632.04,Cat Food,Pet Care,Saini LLC
6156638188,525531,1,831.1,831.1,Dog Food,Pet Care,Sandal PLC
6475299855,567671,1,418.48,418.48,Biscuits,Snacks & Munchies,Nagar LLC
689110145,378676,3,881.42,2644.26,Orange Juice,Cold Drinks & Juices,Baral-Kamdar
2785467351,587645,3,801.81,2405.43,Vitamins,Pharmacy,"Sura, Pillay and Mammen"
7188270379,704868,2,193.46,386.92,Detergent,Household Care,"Parikh, Oak and Kara"
9209192342,799952,3,922.64,2767.92,Cheese,Dairy & Breakfast,Padmanabhan-Virk
3193016310,990993,3,263.7,791.1,Chocolates,Snacks & Munchies,Guha-Subramaniam
9743228131,131748,3,81.35,244.05,Dog Food,Pet Care,"Shroff, Wason and Dugar"
4417542973,131937,2,287.81,575.62,Frozen Pizza,Instant & Frozen Food,"Varkey, Devi and Ganguly"
3065857200,222892,1,869.22,869.22,Tomatoes,Fruits & Vegetables,Ramakrishnan-Ghose
6994732191,94225,2,77.11,154.22,Toilet Cleaner,Household Care,"Gulati, Ram and Sarkar"
7663189769,937542,2,97.04,194.08,Wheat Flour,Grocery & Staples,Khurana and Sons
5012619147,287070,1,443.17,443.17,Wheat Flour,Grocery & Staples,"Gala, Magar and Rajagopal"
7456088789,799952,1,922.64,922.64,Cheese,Dairy & Breakfast,Padmanabhan-Virk
3270559373,382511,1,702.54,702.54,Butter,Dairy & Breakfast,Bora-Thakkar
4703798183,557908,3,942.37,2827.11,Vitamins,Pharmacy,Sundaram Inc
3968840556,818522,3,96.09,288.27,Cheese,Dairy & Breakfast,Hora-Roy
2331647373,832348,1,831.43,831.43,Biscuits,Snacks & Munchies,Jani-Ram
6683347454,847349,2,781.08,1562.16,Potatoes,Fruits & Vegetables,Chhabra-Agrawal
5710259220,222892,1,869.22,869.22,Tomatoes,Fruits & Vegetables,Ramakrishnan-Ghose
9871546057,894539,1,445.48,445.48,Dish Soap,Household Care,"Pall, Sule and Sood"
5459704311,77308,1,223.27,223.27,Onions,Fruits & Vegetables,Ratta-Sagar
3426702134,542300,3,255.35,766.05,Popcorn,Snacks & Munchies,Gulati-Tandon
7671357353,256051,1,400.92,400.92,Lotion,Personal Care,"Mannan, Naidu and Sama"
9656230693,604184,3,397.55,1192.65,Toilet Cleaner,Household Care,"Gaba, Sodhi and Choudhary"
3315369956,33955,3,186.08,558.24,Frozen Pizza,Instant & Frozen Food,Baral Group
1762287720,851978,3,715.72,2147.16,Vitamins,Pharmacy,Parsa-Bala
4816206081,667163,2,441.2,882.4,Orange Juice,Cold Drinks & Juices,Palla LLC
2808133351,94225,1,77.11,77.11,Toilet Cleaner,Household Care,"Gulati, Ram and Sarkar"
3444569396,237083,3,577.13,1731.39,Cough Syrup,Pharmacy,Hayer-Banerjee
9704671447,306177,2,769.24,1538.48,Frozen Biryani,Instant & Frozen Food,Som Inc
6454001692,319388,1,657.8,657.8,Orange Juice,Cold Drinks & Juices,D’Alia-Dey
2624508626,70969,3,631.7,1895.1,Carrots,Fruits & Vegetables,Mohan Group
932273820,513199,3,422.23,1266.69,Cola,Cold Drinks & Juices,Rastogi Inc
7908614088,600767,3,722.42,2167.26,Toothpaste,Personal Care,Balan Group
9730765358,654623,2,422.14,844.28,Chips,Snacks & Munchies,Pradhan and Sons
4748284156,118820,1,12.32,12.32,Iced Tea,Cold Drinks & Juices,"Warrior, Ravel and Amble"
1829286278,6405,2,236.51,473.02,Baby Food,Baby Care,Kashyap-Reddy
3180415318,697683,1,123.74,123.74,Toilet Cleaner,Household Care,"Murty, Varghese and Saxena"
1008158736,721521,1,417.39,417.39,Rice,Grocery & Staples,"Ramanathan, Agarwal and Baria"
5092816701,337168,3,545.49,1636.47,Eggs,Dairy & Breakfast,Dasgupta PLC
4339850858,914071,1,296.94,296.94,Chips,Snacks & Munchies,Datta Ltd
1564040362,217710,1,58.59,58.59,Eggs,Dairy & Breakfast,Rout-Sarna
4856827800,398340,1,651.93,651.93,Instant Noodles,Instant & Frozen Food,"Nadig, Zachariah and Soni"
2465711187,513199,2,422.23,844.46,Cola,Cold Drinks & Juices,Rastogi Inc
7741314063,26060,2,342.94,685.88,Vitamins,Pharmacy,Shah and Sons
6973696848,965755,3,532.57,1597.71,Bananas,Fruits & Vegetables,"Doshi, Sarraf and Sama"
443178123,587645,1,801.81,801.81,Vitamins,Pharmacy,"Sura, Pillay and Mammen"
2155491764,194682,2,912.29,1824.58,Iced Tea,Cold Drinks & Juices,Sastry-Issac
282887897,491521,3,556.35,1669.05,Nuts,Snacks & Munchies,Karpe Inc
1014190951,913428,2,392.22,784.44,Pet Treats,Pet Care,Narayanan-Kumar
4632027192,298985,2,183.76,367.52,Vitamins,Pharmacy,"Ramanathan, Joshi and Srinivasan"
9196809062,222892,2,869.22,1738.44,Tomatoes,Fruits & Vegetables,Ramakrishnan-Ghose
3802671506,876139,2,415.75,831.5,Pulses,Grocery & Staples,Cherian-Dara
931138604,378676,2,881.42,1762.84,Orange Juice,Cold Drinks & Juices,Baral-Kamdar
6507222211,131136,2,37.8,75.6,Salt,Grocery & Staples,Deshpande-Rama
9091185978,552883,2,888.16,1776.32,Potatoes,Fruits & Vegetables,"Balan, Patel and Mall"
6314310505,615545,2,448.16,896.32,Soap,Personal Care,Barman Inc
2711467206,124290,1,39.65,39.65,Lotion,Personal Care,Sachdev Group
1359318731,120532,1,697.53,697.53,Wheat Flour,Grocery & Staples,Nazareth Ltd
4521042050,57405,2,607.67,1215.34,Baby Food,Baby Care,Srinivas PLC
1317016672,818522,3,96.09,288.27,Cheese,Dairy & Breakfast,Hora-Roy
7624598493,661577,1,720.95,720.95,Cat Food,Pet Care,Majumdar PLC
1753431230,222892,2,869.22,1738.44,Tomatoes,Fruits & Vegetables,Ramakrishnan-Ghose
8650539199,194682,1,912.29,912.29,Iced Tea,Cold Drinks & Juices,Sastry-Issac
3276478503,329351,3,310.87,932.61,Cheese,Dairy & Breakfast,"Lala, Kalita and Sathe"
5080943123,15314,1,578.85,578.85,Cheese,Dairy & Breakfast,Banik-Ratta
6158083683,832348,3,831.43,2494.29,Biscuits,Snacks & Munchies,Jani-Ram
9228072842,883013,1,989.88,989.88,Eggs,Dairy & Breakfast,Chahal Group
4028432722,951463,3,787.4,2362.2,Pet Treats,Pet Care,Balakrishnan-Kaur
3679730192,707935,1,820.9,820.9,Cat Food,Pet Care,"Anne, Mammen and Khatri"
71793937,94225,1,77.11,77.11,Toilet Cleaner,Household Care,"Gulati, Ram and Sarkar"
47467466,120385,1,597.91,597.91,Pet Treats,Pet Care,Dubey-Sarin
4538136436,726958,2,887.48,1774.96,Cat Food,Pet Care,Doctor-Patla
8750169461,373536,2,494.17,988.34,Dog Food,Pet Care,Chauhan-Sabharwal
9371021811,753354,3,423.56,1270.68,Shampoo,Personal Care,Sant-Mahajan
679274212,721521,2,417.39,834.78,Rice,Grocery & Staples,"Ramanathan, Agarwal and Baria"
6601671674,500739,2,359.98,719.96,Bread,Dairy & Breakfast,Aggarwal Group
2708441500,14145,1,630.84,630.84,Spinach,Fruits & Vegetables,"Thakur, Shah and Pingle"
9548480220,799688,1,309.62,309.62,Lotion,Personal Care,Arora LLC
5440864021,324809,3,608,1824,Bread,Dairy & Breakfast,Sidhu PLC
5705224767,604184,2,397.55,795.1,Toilet Cleaner,Household Care,"Gaba, Sodhi and Choudhary"
9945458771,63769,3,878.07,2634.21,Lotion,Personal Care,Dalal-Shan
336832815,647462,3,326.42,979.26,Lotion,Personal Care,"Balan, Samra and Sekhon"
9543126726,600767,3,722.42,2167.26,Toothpaste,Personal Care,Balan Group
5134666123,942001,1,671.55,671.55,Cat Food,Pet Care,Acharya Ltd
5663657880,859361,1,432.39,432.39,Shampoo,Personal Care,Mitter Group
5352647396,606256,3,369.28,1107.84,Frozen Biryani,Instant & Frozen Food,Agate Ltd
7995172779,913428,2,392.22,784.44,Pet Treats,Pet Care,Narayanan-Kumar
605779703,888807,1,230.58,230.58,Bread,Dairy & Breakfast,Arya Group
685688121,337168,3,545.49,1636.47,Eggs,Dairy & Breakfast,Dasgupta PLC
5966726971,26060,2,342.94,685.88,Vitamins,Pharmacy,Shah and Sons
6763510083,11422,1,127.16,127.16,Potatoes,Fruits & Vegetables,Ramaswamy-Tata
6735813139,171602,3,883.44,2650.32,Cola,Cold Drinks & Juices,Pal-Sehgal
8361205778,820973,2,114.52,229.04,Baby Wipes,Baby Care,Lall LLC
3640952655,954722,2,616.45,1232.9,Ice Cream,Instant & Frozen Food,Mohan-Virk
6395279829,833557,2,422.87,845.74,Cereal,Dairy & Breakfast,"Gole, Chand and Dada"
339410846,760684,1,71.6,71.6,Rice,Grocery & Staples,Kanda-Gupta
8924056486,820973,2,114.52,229.04,Baby Wipes,Baby Care,Lall LLC
6616322616,927651,1,426.72,426.72,Baby Wipes,Baby Care,Narula Group
4178578583,291238,1,746.03,746.03,Chocolates,Snacks & Munchies,"Sinha, Pau and Chhabra"
7558107764,692985,3,197.39,592.17,Pulses,Grocery & Staples,"Wable, Sankaran and Hari"
7894708851,455755,3,44.09,132.27,Detergent,Household Care,Mangal-Sathe
1916638346,9436,2,88.43,176.86,Toothpaste,Personal Care,Naidu PLC
4973943462,704868,3,193.46,580.38,Detergent,Household Care,"Parikh, Oak and Kara"
6567129123,891833,1,493.19,493.19,Curd,Dairy & Breakfast,Mani PLC
8702642032,107548,1,891.6,891.6,Cola,Cold Drinks & Juices,"Bhandari, Bhasin and Palan"
7857954356,903336,3,551.88,1655.64,Pulses,Grocery & Staples,"Vaidya, Amble and Palla"
5376218500,644847,2,622.81,1245.62,Salt,Grocery & Staples,"Jhaveri, Kata and Kapur"
3452449295,555121,2,354.91,709.82,Carrots,Fruits & Vegetables,"Subramanian, Chaudhuri and Dora"
1694826296,709916,1,33.76,33.76,Detergent,Household Care,Varkey LLC
9449954611,63769,1,878.07,878.07,Lotion,Personal Care,Dalal-Shan
7722059222,888807,1,230.58,230.58,Bread,Dairy & Breakfast,Arya Group
2871448124,798639,2,211.25,422.5,Eggs,Dairy & Breakfast,Subramaniam LLC
4158839033,4452,1,169.88,169.88,Baby Wipes,Baby Care,Morar-Mistry
9936118648,961614,1,227.22,227.22,Chocolates,Snacks & Munchies,Goda Inc
6804747901,848226,2,209.59,419.18,Tomatoes,Fruits & Vegetables,Barad and Sons
7579444448,500633,3,154.5,463.5,Cereal,Dairy & Breakfast,Trivedi-Ahluwalia
4379043082,587420,2,357.42,714.84,Cookies,Snacks & Munchies,Raj and Sons
4212894712,883013,1,989.88,989.88,Eggs,Dairy & Breakfast,Chahal Group
7962511808,687218,1,317.82,317.82,Mango Drink,Cold Drinks & Juices,"Sankaran, Pall and Gola"
6478815087,67197,3,552.2,1656.6,Butter,Dairy & Breakfast,Shetty-Bora
6239166986,679865,3,347.91,1043.73,Wheat Flour,Grocery & Staples,Memon-Barad
9894863460,945635,1,778.9,778.9,Pulses,Grocery & Staples,Balasubramanian PLC
2982638677,706112,2,478.79,957.58,Vitamins,Pharmacy,"Magar, Gara and Garg"
3284797515,925482,3,475.04,1425.12,Frozen Biryani,Instant & Frozen Food,Viswanathan-Sha
8895501673,82484,1,914.88,914.88,Baby Food,Baby Care,Mallick PLC
914992221,194682,3,912.29,2736.87,Iced Tea,Cold Drinks & Juices,Sastry-Issac
2067729457,679321,3,738.46,2215.38,Cola,Cold Drinks & Juices,Khurana-Dewan
5389250154,481843,2,297.68,595.36,Chocolates,Snacks & Munchies,"Taneja, Kala and Kota"
4352973016,883013,3,989.88,2969.64,Eggs,Dairy & Breakfast,Chahal Group
7667555396,365133,1,915.45,915.45,Dish Soap,Household Care,Hans Inc
168804744,925482,1,475.04,475.04,Frozen Biryani,Instant & Frozen Food,Viswanathan-Sha
854218304,863930,2,242.57,485.14,Shampoo,Personal Care,"Sathe, Agarwal and Dhar"
2616618240,171602,3,883.44,2650.32,Cola,Cold Drinks & Juices,Pal-Sehgal
8891144024,492958,1,84.2,84.2,Lotion,Personal Care,Acharya PLC
4606856320,217710,2,58.59,117.18,Eggs,Dairy & Breakfast,Rout-Sarna
1876194333,540618,2,317.05,634.1,Popcorn,Snacks & Munchies,Golla-Luthra
1471186096,455083,2,959.01,1918.02,Butter,Dairy & Breakfast,Dutta Inc
4763556417,18035,3,968.94,2906.82,Dish Soap,Household Care,Ramesh Inc
5961097387,992178,2,632.43,1264.86,Pain Reliever,Pharmacy,Basu and Sons
1509646137,481843,3,297.68,893.04,Chocolates,Snacks & Munchies,"Taneja, Kala and Kota"
7533431274,63769,3,878.07,2634.21,Lotion,Personal Care,Dalal-Shan
3598818329,196719,2,217.5,435,Bananas,Fruits & Vegetables,Yogi Group
2561337790,853932,3,941.19,2823.57,Baby Wipes,Baby Care,Ranganathan-Peri
2359692348,284460,3,505.95,1517.85,Potatoes,Fruits & Vegetables,"Ramakrishnan, Anand and Khare"
3146098826,513199,3,422.23,1266.69,Cola,Cold Drinks & Juices,Rastogi Inc
8638050442,689769,3,46.62,139.86,Frozen Vegetables,Instant & Frozen Food,Kothari-Datta
1833854180,992178,2,632.43,1264.86,Pain Reliever,Pharmacy,Basu and Sons
5687148136,859361,2,432.39,864.78,Shampoo,Personal Care,Mitter Group
7133253616,654297,1,13.25,13.25,Potatoes,Fruits & Vegetables,Chandran-Dass
7899569162,500633,1,154.5,154.5,Cereal,Dairy & Breakfast,Trivedi-Ahluwalia
6119637917,903336,3,551.88,1655.64,Pulses,Grocery & Staples,"Vaidya, Amble and Palla"
4924477011,500633,3,154.5,463.5,Cereal,Dairy & Breakfast,Trivedi-Ahluwalia
577458306,863930,1,242.57,242.57,Shampoo,Personal Care,"Sathe, Agarwal and Dhar"
1605287230,871592,2,870.29,1740.58,Carrots,Fruits & Vegetables,"Shankar, Nadkarni and Kumer"
5743074720,589812,2,163.03,326.06,Detergent,Household Care,Bir PLC
1645477578,473929,3,440.19,1320.57,Carrots,Fruits & Vegetables,"Bhardwaj, Bhatia and Deshmukh"
6231311270,965755,1,532.57,532.57,Bananas,Fruits & Vegetables,"Doshi, Sarraf and Sama"
4629648516,689769,2,46.62,93.24,Frozen Vegetables,Instant & Frozen Food,Kothari-Datta
2706229594,36412,3,397.68,1193.04,Dish Soap,Household Care,Muni-Shankar
6814009039,291238,2,746.03,1492.06,Chocolates,Snacks & Munchies,"Sinha, Pau and Chhabra"
5604135912,757274,2,98.32,196.64,Pet Treats,Pet Care,"Minhas, Kapoor and Sethi"
766789724,709916,1,33.76,33.76,Detergent,Household Care,Varkey LLC
2727595593,739534,1,994.56,994.56,Toilet Cleaner,Household Care,"Gera, Narang and Karpe"
9887978407,968887,2,40.7,81.4,Dish Soap,Household Care,Keer-Gill
6825742544,365132,2,229.38,458.76,Instant Noodles,Instant & Frozen Food,Dar-Kumar
7081192087,847349,2,781.08,1562.16,Potatoes,Fruits & Vegetables,Chhabra-Agrawal
3185620074,305754,1,979.99,979.99,Frozen Vegetables,Instant & Frozen Food,Mammen-Hegde
7162086351,962591,1,130.01,130.01,Orange Juice,Cold Drinks & Juices,Murthy-Kaul
5504768409,39154,3,946.86,2840.58,Mangoes,Fruits & Vegetables,"Suresh, Bose and Bajwa"
6721093047,473929,3,440.19,1320.57,Carrots,Fruits & Vegetables,"Bhardwaj, Bhatia and Deshmukh"
1134990529,704868,2,193.46,386.92,Detergent,Household Care,"Parikh, Oak and Kara"
4632975114,287070,2,443.17,886.34,Wheat Flour,Grocery & Staples,"Gala, Magar and Rajagopal"
1471897083,228286,2,179.08,358.16,Cola,Cold Drinks & Juices,Bhattacharyya PLC
6081974624,621677,1,317.8,317.8,Frozen Biryani,Instant & Frozen Food,Sabharwal-Mital
806680874,739534,2,994.56,1989.12,Toilet Cleaner,Household Care,"Gera, Narang and Karpe"
8213018419,689769,3,46.62,139.86,Frozen Vegetables,Instant & Frozen Food,Kothari-Datta
4610876894,654297,1,13.25,13.25,Potatoes,Fruits & Vegetables,Chandran-Dass
9116180240,890623,1,354.52,354.52,Onions,Fruits & Vegetables,"Sangha, Nagar and Varty"
8916648395,952168,3,236.95,710.85,Popcorn,Snacks & Munchies,"Krishnamurthy, Sibal and Das"
3626990751,171602,2,883.44,1766.88,Cola,Cold Drinks & Juices,Pal-Sehgal
2544173358,487931,3,709.08,2127.24,Sugar,Grocery & Staples,"Bahl, Jaggi and Nath"
3654075570,94225,1,77.11,77.11,Toilet Cleaner,Household Care,"Gulati, Ram and Sarkar"
9846277624,677169,2,261.03,522.06,Cough Syrup,Pharmacy,Char-Divan
8600159148,799459,3,852.02,2556.06,Vitamins,Pharmacy,"Garg, Kari and Kapur"
9184012674,171602,3,883.44,2650.32,Cola,Cold Drinks & Juices,Pal-Sehgal
5842678913,962054,1,16.86,16.86,Orange Juice,Cold Drinks & Juices,Toor-Nagar
6284066457,51036,3,931.61,2794.83,Baby Food,Baby Care,Karnik PLC
957188879,561860,1,874.78,874.78,Orange Juice,Cold Drinks & Juices,Gupta Ltd
2027766693,969851,1,340.66,340.66,Frozen Vegetables,Instant & Frozen Food,"Kara, Sodhi and Bassi"
5201172375,621677,2,317.8,635.6,Frozen Biryani,Instant & Frozen Food,Sabharwal-Mital
5211206337,679865,2,347.91,695.82,Wheat Flour,Grocery & Staples,Memon-Barad
519985157,91670,1,439.24,439.24,Dish Soap,Household Care,Barman-Ahluwalia
2599819074,378230,3,166.42,499.26,Nuts,Snacks & Munchies,Kala-Vig
6564176767,146840,3,786.85,2360.55,Bread,Dairy & Breakfast,"Bains, Deol and Vaidya"
5969684091,771228,2,83.18,166.36,Pet Treats,Pet Care,Raja and Sons
8152246475,478531,1,825.46,825.46,Carrots,Fruits & Vegetables,Uppal Group
1954493018,820973,3,114.52,343.56,Baby Wipes,Baby Care,Lall LLC
3695589383,41853,2,910.44,1820.88,Curd,Dairy & Breakfast,Handa PLC
6340807810,673058,3,765.76,2297.28,Cough Syrup,Pharmacy,Balan-Madan
8029845822,435929,3,856.89,2570.67,Toilet Cleaner,Household Care,Memon Ltd
8208755570,487931,3,709.08,2127.24,Sugar,Grocery & Staples,"Bahl, Jaggi and Nath"
9622488249,837480,1,217.4,217.4,Cough Syrup,Pharmacy,Edwin and Sons
5410788959,853932,3,941.19,2823.57,Baby Wipes,Baby Care,Ranganathan-Peri
7087374685,677542,3,212.61,637.83,Toilet Cleaner,Household Care,Thaman-Lanka
1469556300,951463,3,787.4,2362.2,Pet Treats,Pet Care,Balakrishnan-Kaur
864290652,473647,3,43.05,129.15,Toothpaste,Personal Care,Ben-Ravi
3052167498,659290,2,319.34,638.68,Cheese,Dairy & Breakfast,Kapadia-D’Alia
8370088792,491521,1,556.35,556.35,Nuts,Snacks & Munchies,Karpe Inc
8955500595,925482,1,475.04,475.04,Frozen Biryani,Instant & Frozen Food,Viswanathan-Sha
6946637946,540618,2,317.05,634.1,Popcorn,Snacks & Munchies,Golla-Luthra
5461546808,673058,1,765.76,765.76,Cough Syrup,Pharmacy,Balan-Madan
9921425481,700048,3,141.28,423.84,Dish Soap,Household Care,Khalsa-Bhavsar
3583323379,690565,1,951.27,951.27,Cookies,Snacks & Munchies,"Roy, Seth and Patla"
3427534518,77308,1,223.27,223.27,Onions,Fruits & Vegetables,Ratta-Sagar
9997994965,461804,2,310.69,621.38,Sugar,Grocery & Staples,"Ghose, Ben and Divan"
5015358514,891833,1,493.19,493.19,Curd,Dairy & Breakfast,Mani PLC
5769065545,376447,3,724.84,2174.52,Butter,Dairy & Breakfast,Gara and Sons
4062815570,492958,1,84.2,84.2,Lotion,Personal Care,Acharya PLC
39405769,880510,2,951.43,1902.86,Bread,Dairy & Breakfast,Roy-Char
9553518696,336847,3,936.98,2810.94,Toilet Cleaner,Household Care,"Dayal, Mammen and More"
8023712979,328457,2,858.57,1717.14,Mango Drink,Cold Drinks & Juices,Hayre-Shere
1111747100,677169,1,261.03,261.03,Cough Syrup,Pharmacy,Char-Divan
3598180305,492958,1,84.2,84.2,Lotion,Personal Care,Acharya PLC
8171660349,118820,3,12.32,36.96,Iced Tea,Cold Drinks & Juices,"Warrior, Ravel and Amble"
3644704128,186168,1,878.8,878.8,Dog Food,Pet Care,"Parekh, Lad and Kadakia"
1254907139,183929,1,738.74,738.74,Bread,Dairy & Breakfast,"Nagi, Sampath and Khurana"
9810593187,942001,3,671.55,2014.65,Cat Food,Pet Care,Acharya Ltd
3205629870,552883,1,888.16,888.16,Potatoes,Fruits & Vegetables,"Balan, Patel and Mall"
8608459871,39154,3,946.86,2840.58,Mangoes,Fruits & Vegetables,"Suresh, Bose and Bajwa"
2730458449,425341,1,486.28,486.28,Pet Treats,Pet Care,"Mani, Dhar and Muni"
2807397566,669378,2,212.14,424.28,Potatoes,Fruits & Vegetables,Chadha and Sons
7217535512,954722,3,616.45,1849.35,Ice Cream,Instant & Frozen Food,Mohan-Virk
3321951407,901144,2,340.36,680.72,Sugar,Grocery & Staples,Deo-Kamdar
7189146676,18035,2,968.94,1937.88,Dish Soap,Household Care,Ramesh Inc
5601251774,602241,2,976.55,1953.1,Nuts,Snacks & Munchies,Bahl-Pau
8884350133,851978,1,715.72,715.72,Vitamins,Pharmacy,Parsa-Bala
8168306307,557908,2,942.37,1884.74,Vitamins,Pharmacy,Sundaram Inc
7689275881,564692,1,215.65,215.65,Cat Food,Pet Care,"Krishna, Bail and Dyal"
6593510732,741341,1,923.84,923.84,Eggs,Dairy & Breakfast,Prasad LLC
3066405445,883013,3,989.88,2969.64,Eggs,Dairy & Breakfast,Chahal Group
5319633841,137909,2,864.3,1728.6,Cough Syrup,Pharmacy,Dalal PLC
1113665104,82484,3,914.88,2744.64,Baby Food,Baby Care,Mallick PLC
8436983782,376447,3,724.84,2174.52,Butter,Dairy & Breakfast,Gara and Sons
1958942711,669378,2,212.14,424.28,Potatoes,Fruits & Vegetables,Chadha and Sons
6485627928,257719,2,281.73,563.46,Eggs,Dairy & Breakfast,Chaudhuri PLC
8147959428,712307,2,264.89,529.78,Orange Juice,Cold Drinks & Juices,Chana LLC
3697060283,949818,2,483.05,966.1,Biscuits,Snacks & Munchies,Yohannan Inc
2039437258,992178,2,632.43,1264.86,Pain Reliever,Pharmacy,Basu and Sons
7655293952,337168,1,545.49,545.49,Eggs,Dairy & Breakfast,Dasgupta PLC
39791095,700048,3,141.28,423.84,Dish Soap,Household Care,Khalsa-Bhavsar
8071046067,26060,2,342.94,685.88,Vitamins,Pharmacy,Shah and Sons
2656326203,613942,1,545,545,Pet Treats,Pet Care,"Dyal, Saraf and Goel"
2366866840,52729,1,316.02,316.02,Cat Food,Pet Care,Saini LLC
8227348656,487931,1,709.08,709.08,Sugar,Grocery & Staples,"Bahl, Jaggi and Nath"
3917024194,927651,1,426.72,426.72,Baby Wipes,Baby Care,Narula Group
3101265,300159,1,44.35,44.35,Cola,Cold Drinks & Juices,"Basu, Rout and Mistry"
9907835880,432617,3,863.18,2589.54,Baby Wipes,Baby Care,Dora-Pillai
3396210655,700048,3,141.28,423.84,Dish Soap,Household Care,Khalsa-Bhavsar
3000018472,70969,2,631.7,1263.4,Carrots,Fruits & Vegetables,Mohan Group
7166339556,667163,1,441.2,441.2,Orange Juice,Cold Drinks & Juices,Palla LLC
2194351161,561860,3,874.78,2624.34,Orange Juice,Cold Drinks & Juices,Gupta Ltd
3224986973,876139,3,415.75,1247.25,Pulses,Grocery & Staples,Cherian-Dara
6882280967,305754,2,979.99,1959.98,Frozen Vegetables,Instant & Frozen Food,Mammen-Hegde
8556188247,721521,3,417.39,1252.17,Rice,Grocery & Staples,"Ramanathan, Agarwal and Baria"
5236345617,613942,1,545,545,Pet Treats,Pet Care,"Dyal, Saraf and Goel"
5153146875,677169,1,261.03,261.03,Cough Syrup,Pharmacy,Char-Divan
2011151353,525531,3,831.1,2493.3,Dog Food,Pet Care,Sandal PLC
9880145668,433521,3,321.33,963.99,Diapers,Baby Care,Mahal Group
2724264210,990993,3,263.7,791.1,Chocolates,Snacks & Munchies,Guha-Subramaniam
871734663,4452,1,169.88,169.88,Baby Wipes,Baby Care,Morar-Mistry
3883638432,89084,1,598.83,598.83,Milk,Dairy & Breakfast,"Wali, Virk and Iyer"
1282422181,478531,1,825.46,825.46,Carrots,Fruits & Vegetables,Uppal Group
4500802008,228286,3,179.08,537.24,Cola,Cold Drinks & Juices,Bhattacharyya PLC
8209715885,807452,2,144.19,288.38,Pulses,Grocery & Staples,Naik Ltd
9391482926,490602,3,549.47,1648.41,Sugar,Grocery & Staples,Raghavan Inc
7217765772,672059,1,672.73,672.73,Toothpaste,Personal Care,Kaur-Gola
7848556658,36412,3,397.68,1193.04,Dish Soap,Household Care,Muni-Shankar
9000851345,623234,3,329.79,989.37,Frozen Biryani,Instant & Frozen Food,Chakrabarti-Batra
3019634875,118820,1,12.32,12.32,Iced Tea,Cold Drinks & Juices,"Warrior, Ravel and Amble"
7013612817,237083,2,577.13,1154.26,Cough Syrup,Pharmacy,Hayer-Banerjee
59461109,991434,3,237.62,712.86,Cookies,Snacks & Munchies,Mital-Oza
740245864,901144,2,340.36,680.72,Sugar,Grocery & Staples,Deo-Kamdar
8432648823,26060,2,342.94,685.88,Vitamins,Pharmacy,Shah and Sons
5863164527,433521,1,321.33,321.33,Diapers,Baby Care,Mahal Group
8615999186,6405,2,236.51,473.02,Baby Food,Baby Care,Kashyap-Reddy
1743268828,9436,1,88.43,88.43,Toothpaste,Personal Care,Naidu PLC
5475369740,133542,2,68.49,136.98,Detergent,Household Care,Edwin-Lall
6520584496,820973,3,114.52,343.56,Baby Wipes,Baby Care,Lall LLC
3854394048,300159,2,44.35,88.7,Cola,Cold Drinks & Juices,"Basu, Rout and Mistry"
4105779656,243235,3,109.03,327.09,Cat Food,Pet Care,Batta Inc
5960266785,760684,3,71.6,214.8,Rice,Grocery & Staples,Kanda-Gupta
7380998329,621677,3,317.8,953.4,Frozen Biryani,Instant & Frozen Food,Sabharwal-Mital
460625201,131748,1,81.35,81.35,Dog Food,Pet Care,"Shroff, Wason and Dugar"
5442705208,739534,2,994.56,1989.12,Toilet Cleaner,Household Care,"Gera, Narang and Karpe"
643302284,726958,3,887.48,2662.44,Cat Food,Pet Care,Doctor-Patla
6141016209,451812,2,530.85,1061.7,Pain Reliever,Pharmacy,"Batra, Sant and Mandal"
4058658914,937542,3,97.04,291.12,Wheat Flour,Grocery & Staples,Khurana and Sons
4731454539,140154,3,171.2,513.6,Shampoo,Personal Care,Malhotra LLC
148408710,448752,2,160.07,320.14,Toilet Cleaner,Household Care,Batta-Doctor
3263142674,969851,1,340.66,340.66,Frozen Vegetables,Instant & Frozen Food,"Kara, Sodhi and Bassi"
9591201821,146840,3,786.85,2360.55,Bread,Dairy & Breakfast,"Bains, Deol and Vaidya"
2227944524,914071,1,296.94,296.94,Chips,Snacks & Munchies,Datta Ltd
2307375554,328457,1,858.57,858.57,Mango Drink,Cold Drinks & Juices,Hayre-Shere
8521887524,131937,3,287.81,863.43,Frozen Pizza,Instant & Frozen Food,"Varkey, Devi and Ganguly"
3298709387,604184,1,397.55,397.55,Toilet Cleaner,Household Care,"Gaba, Sodhi and Choudhary"
8608686211,336847,3,936.98,2810.94,Toilet Cleaner,Household Care,"Dayal, Mammen and More"
5125482761,118820,3,12.32,36.96,Iced Tea,Cold Drinks & Juices,"Warrior, Ravel and Amble"
7388146343,721521,2,417.39,834.78,Rice,Grocery & Staples,"Ramanathan, Agarwal and Baria"
7064723322,257719,3,281.73,845.19,Eggs,Dairy & Breakfast,Chaudhuri PLC
1766291529,799459,3,852.02,2556.06,Vitamins,Pharmacy,"Garg, Kari and Kapur"
8183491568,684939,1,727.95,727.95,Lotion,Personal Care,"Sibal, Bhatnagar and Rajan"
6419111681,784673,1,491.39,491.39,Dog Food,Pet Care,Ramanathan Group
9193945481,991434,3,237.62,712.86,Cookies,Snacks & Munchies,Mital-Oza
3937750618,41853,3,910.44,2731.32,Curd,Dairy & Breakfast,Handa PLC
2056682923,654297,1,13.25,13.25,Potatoes,Fruits & Vegetables,Chandran-Dass
7229998672,970529,3,827.44,2482.32,Diapers,Baby Care,"Kurian, Patla and Sanghvi"
7028582657,487931,1,709.08,709.08,Sugar,Grocery & Staples,"Bahl, Jaggi and Nath"
1732091066,851978,1,715.72,715.72,Vitamins,Pharmacy,Parsa-Bala
9389363975,679865,2,347.91,695.82,Wheat Flour,Grocery & Staples,Memon-Barad
9477050930,187399,1,53.49,53.49,Frozen Pizza,Instant & Frozen Food,Chauhan Inc
6808771388,264803,3,995.98,2987.94,Vitamins,Pharmacy,Gole-Doshi
7616458551,67197,1,552.2,552.2,Butter,Dairy & Breakfast,Shetty-Bora
2784959025,962054,3,16.86,50.58,Orange Juice,Cold Drinks & Juices,Toor-Nagar
2716611235,9436,1,88.43,88.43,Toothpaste,Personal Care,Naidu PLC
3797871396,140154,1,171.2,171.2,Shampoo,Personal Care,Malhotra LLC
5895445193,897083,2,972.69,1945.38,Detergent,Household Care,Dutta-Halder
5281640953,611575,3,482.06,1446.18,Frozen Pizza,Instant & Frozen Food,"Bhat, Nigam and Hayer"
9006387145,968887,3,40.7,122.1,Dish Soap,Household Care,Keer-Gill
2015702046,219598,3,367.08,1101.24,Shampoo,Personal Care,Arora-Magar
9260334793,992178,3,632.43,1897.29,Pain Reliever,Pharmacy,Basu and Sons
5912752928,833557,1,422.87,422.87,Cereal,Dairy & Breakfast,"Gole, Chand and Dada"
7691723645,455755,2,44.09,88.18,Detergent,Household Care,Mangal-Sathe
9166904790,194682,3,912.29,2736.87,Iced Tea,Cold Drinks & Juices,Sastry-Issac
1668797251,133542,2,68.49,136.98,Detergent,Household Care,Edwin-Lall
3350348511,726958,2,887.48,1774.96,Cat Food,Pet Care,Doctor-Patla
2475154947,317242,3,198.15,594.45,Pulses,Grocery & Staples,Rastogi Group
1348544692,587420,3,357.42,1072.26,Cookies,Snacks & Munchies,Raj and Sons
6770208707,228286,1,179.08,179.08,Cola,Cold Drinks & Juices,Bhattacharyya PLC
9500356395,284460,1,505.95,505.95,Potatoes,Fruits & Vegetables,"Ramakrishnan, Anand and Khare"
6280233997,118820,2,12.32,24.64,Iced Tea,Cold Drinks & Juices,"Warrior, Ravel and Amble"
935645101,677169,1,261.03,261.03,Cough Syrup,Pharmacy,Char-Divan
3492077995,863930,3,242.57,727.71,Shampoo,Personal Care,"Sathe, Agarwal and Dhar"
6971044672,120532,2,697.53,1395.06,Wheat Flour,Grocery & Staples,Nazareth Ltd
9417710958,70969,1,631.7,631.7,Carrots,Fruits & Vegetables,Mohan Group
114851727,11422,1,127.16,127.16,Potatoes,Fruits & Vegetables,Ramaswamy-Tata
7521503340,642612,2,517.03,1034.06,Pet Treats,Pet Care,Pillay-Ahuja
7709878408,555121,1,354.91,354.91,Carrots,Fruits & Vegetables,"Subramanian, Chaudhuri and Dora"
7941755463,851978,1,715.72,715.72,Vitamins,Pharmacy,Parsa-Bala
4540271027,257719,1,281.73,281.73,Eggs,Dairy & Breakfast,Chaudhuri PLC
8022168472,67197,1,552.2,552.2,Butter,Dairy & Breakfast,Shetty-Bora
3808358945,257719,2,281.73,563.46,Eggs,Dairy & Breakfast,Chaudhuri PLC
5112444865,747801,3,277.76,833.28,Toilet Cleaner,Household Care,Saha-Vora
9965551056,123983,2,785.67,1571.34,Cough Syrup,Pharmacy,Kurian-Chhabra
7695708103,487065,3,374.68,1124.04,Chips,Snacks & Munchies,Kadakia-Yadav
7022728237,455083,1,959.01,959.01,Butter,Dairy & Breakfast,Dutta Inc
2062715135,661577,2,720.95,1441.9,Cat Food,Pet Care,Majumdar PLC
3287815959,34186,1,925.65,925.65,Mangoes,Fruits & Vegetables,Mandal-Kar
9015471552,679865,2,347.91,695.82,Wheat Flour,Grocery & Staples,Memon-Barad
1595123446,137909,2,864.3,1728.6,Cough Syrup,Pharmacy,Dalal PLC
4888577440,697683,2,123.74,247.48,Toilet Cleaner,Household Care,"Murty, Varghese and Saxena"
9039053330,94225,3,77.11,231.33,Toilet Cleaner,Household Care,"Gulati, Ram and Sarkar"
3091360904,799459,1,852.02,852.02,Vitamins,Pharmacy,"Garg, Kari and Kapur"
6821938492,256051,3,400.92,1202.76,Lotion,Personal Care,"Mannan, Naidu and Sama"
4553785640,818990,2,163.55,327.1,Tomatoes,Fruits & Vegetables,Dugar Group
4005611015,613942,3,545,1635,Pet Treats,Pet Care,"Dyal, Saraf and Goel"
8480910658,871592,3,870.29,2610.87,Carrots,Fruits & Vegetables,"Shankar, Nadkarni and Kumer"
1922667245,378287,3,332.84,998.52,Lemonade,Cold Drinks & Juices,Ramesh-Jain
379758677,171602,2,883.44,1766.88,Cola,Cold Drinks & Juices,Pal-Sehgal
4903380842,317242,3,198.15,594.45,Pulses,Grocery & Staples,Rastogi Group
9244122658,26060,3,342.94,1028.82,Vitamins,Pharmacy,Shah and Sons
5054410467,60619,2,726.41,1452.82,Iced Tea,Cold Drinks & Juices,Bhasin LLC
9877212995,739534,3,994.56,2983.68,Toilet Cleaner,Household Care,"Gera, Narang and Karpe"
8375236356,890232,1,432,432,Mango Drink,Cold Drinks & Juices,Jha Group
2652063230,604184,3,397.55,1192.65,Toilet Cleaner,Household Care,"Gaba, Sodhi and Choudhary"
7258243894,473929,3,440.19,1320.57,Carrots,Fruits & Vegetables,"Bhardwaj, Bhatia and Deshmukh"
5980648426,373536,2,494.17,988.34,Dog Food,Pet Care,Chauhan-Sabharwal
365104159,771228,2,83.18,166.36,Pet Treats,Pet Care,Raja and Sons
7038005775,284460,1,505.95,505.95,Potatoes,Fruits & Vegetables,"Ramakrishnan, Anand and Khare"
1456792223,33797,2,888.12,1776.24,Pain Reliever,Pharmacy,Gaba LLC
6673964264,133542,1,68.49,68.49,Detergent,Household Care,Edwin-Lall
5780280518,883013,1,989.88,989.88,Eggs,Dairy & Breakfast,Chahal Group
6220137166,11422,1,127.16,127.16,Potatoes,Fruits & Vegetables,Ramaswamy-Tata
2615887425,784827,3,274.25,822.75,Baby Wipes,Baby Care,Balakrishnan Ltd
5610987488,611575,2,482.06,964.12,Frozen Pizza,Instant & Frozen Food,"Bhat, Nigam and Hayer"
6038240765,51036,2,931.61,1863.22,Baby Food,Baby Care,Karnik PLC
5004974422,567671,1,418.48,418.48,Biscuits,Snacks & Munchies,Nagar LLC
2349863203,726958,3,887.48,2662.44,Cat Food,Pet Care,Doctor-Patla
9487956261,4452,1,169.88,169.88,Baby Wipes,Baby Care,Morar-Mistry
7169945062,376447,3,724.84,2174.52,Butter,Dairy & Breakfast,Gara and Sons
5393866026,256051,2,400.92,801.84,Lotion,Personal Care,"Mannan, Naidu and Sama"
7266772806,137909,1,864.3,864.3,Cough Syrup,Pharmacy,Dalal PLC
2411227007,337168,1,545.49,545.49,Eggs,Dairy & Breakfast,Dasgupta PLC
960728650,187399,3,53.49,160.47,Frozen Pizza,Instant & Frozen Food,Chauhan Inc
2326500581,123983,2,785.67,1571.34,Cough Syrup,Pharmacy,Kurian-Chhabra
9489310879,891833,3,493.19,1479.57,Curd,Dairy & Breakfast,Mani PLC
2341242955,171602,1,883.44,883.44,Cola,Cold Drinks & Juices,Pal-Sehgal
1023485121,94225,3,77.11,231.33,Toilet Cleaner,Household Care,"Gulati, Ram and Sarkar"
9742218709,891833,2,493.19,986.38,Curd,Dairy & Breakfast,Mani PLC
9039933820,317242,3,198.15,594.45,Pulses,Grocery & Staples,Rastogi Group
1391881327,123983,3,785.67,2357.01,Cough Syrup,Pharmacy,Kurian-Chhabra
3360648053,131136,1,37.8,37.8,Salt,Grocery & Staples,Deshpande-Rama
9758418980,949818,2,483.05,966.1,Biscuits,Snacks & Munchies,Yohannan Inc
9859459525,667163,2,441.2,882.4,Orange Juice,Cold Drinks & Juices,Palla LLC
6924226309,604184,2,397.55,795.1,Toilet Cleaner,Household Care,"Gaba, Sodhi and Choudhary"
7672052920,228286,3,179.08,537.24,Cola,Cold Drinks & Juices,Bhattacharyya PLC
4597359399,552496,3,508,1524,Dish Soap,Household Care,Dhar PLC
665402174,894539,2,445.48,890.96,Dish Soap,Household Care,"Pall, Sule and Sood"
3986082657,604184,1,397.55,397.55,Toilet Cleaner,Household Care,"Gaba, Sodhi and Choudhary"
4275746826,120532,3,697.53,2092.59,Wheat Flour,Grocery & Staples,Nazareth Ltd
525864604,6405,3,236.51,709.53,Baby Food,Baby Care,Kashyap-Reddy
4473658819,432617,2,863.18,1726.36,Baby Wipes,Baby Care,Dora-Pillai
8824559505,578097,3,267.61,802.83,Nuts,Snacks & Munchies,Jha Group
1824646473,378287,3,332.84,998.52,Lemonade,Cold Drinks & Juices,Ramesh-Jain
776389097,243235,1,109.03,109.03,Cat Food,Pet Care,Batta Inc
4908634706,839170,3,481.63,1444.89,Curd,Dairy & Breakfast,Shetty and Sons
3516204561,677169,2,261.03,522.06,Cough Syrup,Pharmacy,Char-Divan
9510792757,937542,1,97.04,97.04,Wheat Flour,Grocery & Staples,Khurana and Sons
3504903228,256783,1,906.54,906.54,Pet Treats,Pet Care,"Basu, Thakur and Rege"
3438202422,602241,2,976.55,1953.1,Nuts,Snacks & Munchies,Bahl-Pau
3007616042,451933,2,568.94,1137.88,Wheat Flour,Grocery & Staples,Nadig Ltd
4656199468,373536,3,494.17,1482.51,Dog Food,Pet Care,Chauhan-Sabharwal
6994560237,366066,2,918.58,1837.16,Soap,Personal Care,Mandal LLC
8442552565,385113,1,816.38,816.38,Lotion,Personal Care,"Sampath, Mane and Mody"
414299117,470449,3,827.77,2483.31,Frozen Biryani,Instant & Frozen Food,Kohli-Sawhney
8146956033,490602,2,549.47,1098.94,Sugar,Grocery & Staples,Raghavan Inc
7919748594,481843,1,297.68,297.68,Chocolates,Snacks & Munchies,"Taneja, Kala and Kota"
7834171020,687218,2,317.82,635.64,Mango Drink,Cold Drinks & Juices,"Sankaran, Pall and Gola"
3735968672,767398,3,22.14,66.42,Dish Soap,Household Care,"Arya, Sundaram and Pingle"
3864051985,490939,1,80.25,80.25,Lotion,Personal Care,"Roy, Barad and De"
8299074079,600767,1,722.42,722.42,Toothpaste,Personal Care,Balan Group
891333736,552496,1,508,508,Dish Soap,Household Care,Dhar PLC
2874220576,146840,2,786.85,1573.7,Bread,Dairy & Breakfast,"Bains, Deol and Vaidya"
6375536946,937542,3,97.04,291.12,Wheat Flour,Grocery & Staples,Khurana and Sons
1966054573,552883,1,888.16,888.16,Potatoes,Fruits & Vegetables,"Balan, Patel and Mall"
1565942558,272170,2,140.8,281.6,Ice Cream,Instant & Frozen Food,Purohit Group
4624281313,490939,2,80.25,160.5,Lotion,Personal Care,"Roy, Barad and De"
6884010758,818990,2,163.55,327.1,Tomatoes,Fruits & Vegetables,Dugar Group
4351744653,851978,1,715.72,715.72,Vitamins,Pharmacy,Parsa-Bala
8698000932,690565,2,951.27,1902.54,Cookies,Snacks & Munchies,"Roy, Seth and Patla"
3844380421,131937,3,287.81,863.43,Frozen Pizza,Instant & Frozen Food,"Varkey, Devi and Ganguly"
7105842598,897083,1,972.69,972.69,Detergent,Household Care,Dutta-Halder
8993722297,952124,2,127.08,254.16,Onions,Fruits & Vegetables,"Wali, Sood and Bala"
2929439019,654623,1,422.14,422.14,Chips,Snacks & Munchies,Pradhan and Sons
1661854320,382511,2,702.54,1405.08,Butter,Dairy & Breakfast,Bora-Thakkar
3082165628,621677,3,317.8,953.4,Frozen Biryani,Instant & Frozen Food,Sabharwal-Mital
1745045814,677169,1,261.03,261.03,Cough Syrup,Pharmacy,Char-Divan
813387880,897083,1,972.69,972.69,Detergent,Household Care,Dutta-Halder
8189879400,491521,1,556.35,556.35,Nuts,Snacks & Munchies,Karpe Inc
8465045467,136533,3,826.21,2478.63,Eggs,Dairy & Breakfast,"Raghavan, Magar and Shanker"
9232350528,67197,2,552.2,1104.4,Butter,Dairy & Breakfast,Shetty-Bora
1728666371,131748,1,81.35,81.35,Dog Food,Pet Care,"Shroff, Wason and Dugar"
6131815766,564692,2,215.65,431.3,Cat Food,Pet Care,"Krishna, Bail and Dyal"
6438773635,965755,2,532.57,1065.14,Bananas,Fruits & Vegetables,"Doshi, Sarraf and Sama"
6912676966,26060,1,342.94,342.94,Vitamins,Pharmacy,Shah and Sons
2840314717,679321,3,738.46,2215.38,Cola,Cold Drinks & Juices,Khurana-Dewan
9508359721,679865,2,347.91,695.82,Wheat Flour,Grocery & Staples,Memon-Barad
2244679313,557908,3,942.37,2827.11,Vitamins,Pharmacy,Sundaram Inc
9407544177,34200,1,319.8,319.8,Lotion,Personal Care,Munshi-Grewal
2528398796,552496,3,508,1524,Dish Soap,Household Care,Dhar PLC
9464988762,33955,3,186.08,558.24,Frozen Pizza,Instant & Frozen Food,Baral Group
6373867899,36412,2,397.68,795.36,Dish Soap,Household Care,Muni-Shankar
4028185110,367391,1,939.55,939.55,Baby Wipes,Baby Care,Talwar and Sons
9717018638,613942,3,545,1635,Pet Treats,Pet Care,"Dyal, Saraf and Goel"
4898477588,287070,2,443.17,886.34,Wheat Flour,Grocery & Staples,"Gala, Magar and Rajagopal"
4723165081,461804,3,310.69,932.07,Sugar,Grocery & Staples,"Ghose, Ben and Divan"
2845954128,237083,2,577.13,1154.26,Cough Syrup,Pharmacy,Hayer-Banerjee
23158044,669378,1,212.14,212.14,Potatoes,Fruits & Vegetables,Chadha and Sons
1486548042,222892,3,869.22,2607.66,Tomatoes,Fruits & Vegetables,Ramakrishnan-Ghose
708351411,659290,2,319.34,638.68,Cheese,Dairy & Breakfast,Kapadia-D’Alia
5512110908,654623,2,422.14,844.28,Chips,Snacks & Munchies,Pradhan and Sons
2295441899,820973,3,114.52,343.56,Baby Wipes,Baby Care,Lall LLC
4867173151,287070,2,443.17,886.34,Wheat Flour,Grocery & Staples,"Gala, Magar and Rajagopal"
4635037652,256783,3,906.54,2719.62,Pet Treats,Pet Care,"Basu, Thakur and Rege"
2209259378,305754,1,979.99,979.99,Frozen Vegetables,Instant & Frozen Food,Mammen-Hegde
4079286483,487065,2,374.68,749.36,Chips,Snacks & Munchies,Kadakia-Yadav
9506078962,114414,2,832.06,1664.12,Vitamins,Pharmacy,Kara-Golla
6894691072,606256,2,369.28,738.56,Frozen Biryani,Instant & Frozen Food,Agate Ltd
4481256065,937542,2,97.04,194.08,Wheat Flour,Grocery & Staples,Khurana and Sons
5050919809,760828,1,563.45,563.45,Pet Treats,Pet Care,"Khurana, Khosla and Yohannan"
1328085383,131937,2,287.81,575.62,Frozen Pizza,Instant & Frozen Food,"Varkey, Devi and Ganguly"
5382246981,897083,2,972.69,1945.38,Detergent,Household Care,Dutta-Halder
5647827263,264803,2,995.98,1991.96,Vitamins,Pharmacy,Gole-Doshi
9244268951,712003,1,671.68,671.68,Cola,Cold Drinks & Juices,"Karan, Bandi and Acharya"
6217777735,305754,2,979.99,1959.98,Frozen Vegetables,Instant & Frozen Food,Mammen-Hegde
3682639473,654297,1,13.25,13.25,Potatoes,Fruits & Vegetables,Chandran-Dass
3859331666,677542,1,212.61,212.61,Toilet Cleaner,Household Care,Thaman-Lanka
7971689217,642612,3,517.03,1551.09,Pet Treats,Pet Care,Pillay-Ahuja
6822492679,767398,3,22.14,66.42,Dish Soap,Household Care,"Arya, Sundaram and Pingle"
7211194993,734789,2,395.82,791.64,Popcorn,Snacks & Munchies,"Chaudhari, Pant and Singh"
461485679,723678,1,675.46,675.46,Dog Food,Pet Care,"Lall, Datta and Swamy"
3209732414,264803,1,995.98,995.98,Vitamins,Pharmacy,Gole-Doshi
6537694730,930284,3,189.47,568.41,Baby Food,Baby Care,"Garg, Saraf and Dutta"
7653097776,487065,1,374.68,374.68,Chips,Snacks & Munchies,Kadakia-Yadav
4928556641,589812,2,163.03,326.06,Detergent,Household Care,Bir PLC
5905518100,604184,1,397.55,397.55,Toilet Cleaner,Household Care,"Gaba, Sodhi and Choudhary"
8337948336,687218,2,317.82,635.64,Mango Drink,Cold Drinks & Juices,"Sankaran, Pall and Gola"
8814435884,256783,1,906.54,906.54,Pet Treats,Pet Care,"Basu, Thakur and Rege"
6645415772,704868,2,193.46,386.92,Detergent,Household Care,"Parikh, Oak and Kara"
5274039950,41853,1,910.44,910.44,Curd,Dairy & Breakfast,Handa PLC
7404052550,33955,3,186.08,558.24,Frozen Pizza,Instant & Frozen Food,Baral Group
8179058864,222892,1,869.22,869.22,Tomatoes,Fruits & Vegetables,Ramakrishnan-Ghose
5195997912,951463,2,787.4,1574.8,Pet Treats,Pet Care,Balakrishnan-Kaur
3320194259,734789,1,395.82,395.82,Popcorn,Snacks & Munchies,"Chaudhari, Pant and Singh"
8185684967,784673,2,491.39,982.78,Dog Food,Pet Care,Ramanathan Group
2324568019,313754,2,136.6,273.2,Biscuits,Snacks & Munchies,"Swaminathan, Mahal and Dara"
3522645150,513199,2,422.23,844.46,Cola,Cold Drinks & Juices,Rastogi Inc
4510488834,63769,1,878.07,878.07,Lotion,Personal Care,Dalal-Shan
9433427403,623234,2,329.79,659.58,Frozen Biryani,Instant & Frozen Food,Chakrabarti-Batra
8065436106,490602,1,549.47,549.47,Sugar,Grocery & Staples,Raghavan Inc
846586265,585299,1,799.46,799.46,Pet Treats,Pet Care,"Sharma, Chandra and Prashad"
4337013612,739534,2,994.56,1989.12,Toilet Cleaner,Household Care,"Gera, Narang and Karpe"
8916023990,34186,2,925.65,1851.3,Mangoes,Fruits & Vegetables,Mandal-Kar
6018805430,440875,1,275.03,275.03,Baby Wipes,Baby Care,Loyal Inc
2676353168,327290,3,862.28,2586.84,Sugar,Grocery & Staples,Nadkarni Inc
1069724600,890623,3,354.52,1063.56,Onions,Fruits & Vegetables,"Sangha, Nagar and Varty"
5503476312,604184,3,397.55,1192.65,Toilet Cleaner,Household Care,"Gaba, Sodhi and Choudhary"
4439677910,961614,2,227.22,454.44,Chocolates,Snacks & Munchies,Goda Inc
8045361592,602241,1,976.55,976.55,Nuts,Snacks & Munchies,Bahl-Pau
1873731593,647462,2,326.42,652.84,Lotion,Personal Care,"Balan, Samra and Sekhon"
1126011099,714999,2,882.51,1765.02,Bread,Dairy & Breakfast,Kala Group
4100626744,760684,3,71.6,214.8,Rice,Grocery & Staples,Kanda-Gupta
8616880376,859361,2,432.39,864.78,Shampoo,Personal Care,Mitter Group
1427911940,451933,3,568.94,1706.82,Wheat Flour,Grocery & Staples,Nadig Ltd
4416398885,863930,1,242.57,242.57,Shampoo,Personal Care,"Sathe, Agarwal and Dhar"
2584579895,953175,1,225.21,225.21,Baby Food,Baby Care,Sehgal-Nagarajan
7770651576,114414,3,832.06,2496.18,Vitamins,Pharmacy,Kara-Golla
3705985582,473647,3,43.05,129.15,Toothpaste,Personal Care,Ben-Ravi
5160295213,186168,3,878.8,2636.4,Dog Food,Pet Care,"Parekh, Lad and Kadakia"
4374285559,820541,3,576.22,1728.66,Toilet Cleaner,Household Care,"Borde, Peri and Upadhyay"
9096638812,240179,3,90.56,271.68,Cough Syrup,Pharmacy,Ram-Suri
2888179397,818522,3,96.09,288.27,Cheese,Dairy & Breakfast,Hora-Roy
3387165389,146840,3,786.85,2360.55,Bread,Dairy & Breakfast,"Bains, Deol and Vaidya"
1925647539,397973,1,728.73,728.73,Bananas,Fruits & Vegetables,"Wable, Randhawa and Mutti"
6160848562,397973,2,728.73,1457.46,Bananas,Fruits & Vegetables,"Wable, Randhawa and Mutti"
2343495895,552496,3,508,1524,Dish Soap,Household Care,Dhar PLC
8812220964,659290,2,319.34,638.68,Cheese,Dairy & Breakfast,Kapadia-D’Alia
8640364495,398340,3,651.93,1955.79,Instant Noodles,Instant & Frozen Food,"Nadig, Zachariah and Soni"
4610687284,723678,1,675.46,675.46,Dog Food,Pet Care,"Lall, Datta and Swamy"
189431942,51036,3,931.61,2794.83,Baby Food,Baby Care,Karnik PLC
1746826454,798639,2,211.25,422.5,Eggs,Dairy & Breakfast,Subramaniam LLC
948345459,993331,1,102.44,102.44,Pulses,Grocery & Staples,"Parmer, Gola and Yogi"
9959881029,654623,2,422.14,844.28,Chips,Snacks & Munchies,Pradhan and Sons
621213006,739448,3,755.66,2266.98,Dish Soap,Household Care,Mand-Choudhry
1772464528,954722,1,616.45,616.45,Ice Cream,Instant & Frozen Food,Mohan-Virk
7732863862,194682,2,912.29,1824.58,Iced Tea,Cold Drinks & Juices,Sastry-Issac
3064828239,689769,1,46.62,46.62,Frozen Vegetables,Instant & Frozen Food,Kothari-Datta
6363526452,965755,3,532.57,1597.71,Bananas,Fruits & Vegetables,"Doshi, Sarraf and Sama"
6988011282,807452,1,144.19,144.19,Pulses,Grocery & Staples,Naik Ltd
8523250818,799459,2,852.02,1704.04,Vitamins,Pharmacy,"Garg, Kari and Kapur"
5595210484,60619,3,726.41,2179.23,Iced Tea,Cold Drinks & Juices,Bhasin LLC
1461081366,33955,1,186.08,186.08,Frozen Pizza,Instant & Frozen Food,Baral Group
4922364507,313754,3,136.6,409.8,Biscuits,Snacks & Munchies,"Swaminathan, Mahal and Dara"
6597871211,478531,3,825.46,2476.38,Carrots,Fruits & Vegetables,Uppal Group
2719816862,876139,3,415.75,1247.25,Pulses,Grocery & Staples,Cherian-Dara
9830788650,587645,1,801.81,801.81,Vitamins,Pharmacy,"Sura, Pillay and Mammen"
140980199,492958,2,84.2,168.4,Lotion,Personal Care,Acharya PLC
7595842583,555121,1,354.91,354.91,Carrots,Fruits & Vegetables,"Subramanian, Chaudhuri and Dora"
2390228992,328457,2,858.57,1717.14,Mango Drink,Cold Drinks & Juices,Hayre-Shere
8178738469,140154,3,171.2,513.6,Shampoo,Personal Care,Malhotra LLC
9964671001,256051,1,400.92,400.92,Lotion,Personal Care,"Mannan, Naidu and Sama"
1258689954,623234,3,329.79,989.37,Frozen Biryani,Instant & Frozen Food,Chakrabarti-Batra
4647158015,990993,3,263.7,791.1,Chocolates,Snacks & Munchies,Guha-Subramaniam
2382974038,461804,1,310.69,310.69,Sugar,Grocery & Staples,"Ghose, Ben and Divan"
3663827875,604184,3,397.55,1192.65,Toilet Cleaner,Household Care,"Gaba, Sodhi and Choudhary"
6501113916,871592,3,870.29,2610.87,Carrots,Fruits & Vegetables,"Shankar, Nadkarni and Kumer"
3300719369,739534,1,994.56,994.56,Toilet Cleaner,Household Care,"Gera, Narang and Karpe"
3239722852,39154,3,946.86,2840.58,Mangoes,Fruits & Vegetables,"Suresh, Bose and Bajwa"
6694899030,361361,3,826.21,2478.63,Biscuits,Snacks & Munchies,"Kunda, Dave and Sahni"
992895707,324809,1,608,608,Bread,Dairy & Breakfast,Sidhu PLC
8432150432,621677,2,317.8,635.6,Frozen Biryani,Instant & Frozen Food,Sabharwal-Mital
6220520171,764014,2,612.04,1224.08,Salt,Grocery & Staples,"Grewal, Swamy and Dayal"
735608722,784673,3,491.39,1474.17,Dog Food,Pet Care,Ramanathan Group
7303161073,94225,1,77.11,77.11,Toilet Cleaner,Household Care,"Gulati, Ram and Sarkar"
9783380107,243235,3,109.03,327.09,Cat Food,Pet Care,Batta Inc
3835886077,839170,2,481.63,963.26,Curd,Dairy & Breakfast,Shetty and Sons
8140652447,585299,1,799.46,799.46,Pet Treats,Pet Care,"Sharma, Chandra and Prashad"
6412390967,196719,2,217.5,435,Bananas,Fruits & Vegetables,Yogi Group
6688575911,848226,1,209.59,209.59,Tomatoes,Fruits & Vegetables,Barad and Sons
3890111511,305754,3,979.99,2939.97,Frozen Vegetables,Instant & Frozen Food,Mammen-Hegde
5145256852,888807,3,230.58,691.74,Bread,Dairy & Breakfast,Arya Group
7375057413,237083,1,577.13,577.13,Cough Syrup,Pharmacy,Hayer-Banerjee
3047491006,14145,1,630.84,630.84,Spinach,Fruits & Vegetables,"Thakur, Shah and Pingle"
7715738110,820973,1,114.52,114.52,Baby Wipes,Baby Care,Lall LLC
6191554160,154179,3,582.87,1748.61,Pain Reliever,Pharmacy,"Barad, Devi and Andra"
896919031,378230,3,166.42,499.26,Nuts,Snacks & Munchies,Kala-Vig
1535818185,803607,1,949.73,949.73,Soap,Personal Care,"Kadakia, Mohan and Sathe"
4428830794,131748,1,81.35,81.35,Dog Food,Pet Care,"Shroff, Wason and Dugar"
3610035622,561860,3,874.78,2624.34,Orange Juice,Cold Drinks & Juices,Gupta Ltd
8674445072,891833,3,493.19,1479.57,Curd,Dairy & Breakfast,Mani PLC
9623704312,425341,3,486.28,1458.84,Pet Treats,Pet Care,"Mani, Dhar and Muni"
7786002894,237083,1,577.13,577.13,Cough Syrup,Pharmacy,Hayer-Banerjee
3264409553,336847,2,936.98,1873.96,Toilet Cleaner,Household Care,"Dayal, Mammen and More"
7736534043,14145,3,630.84,1892.52,Spinach,Fruits & Vegetables,"Thakur, Shah and Pingle"
5936596117,952124,1,127.08,127.08,Onions,Fruits & Vegetables,"Wali, Sood and Bala"
1980087245,306177,3,769.24,2307.72,Frozen Biryani,Instant & Frozen Food,Som Inc
8861557989,398340,3,651.93,1955.79,Instant Noodles,Instant & Frozen Food,"Nadig, Zachariah and Soni"
6702391437,256051,2,400.92,801.84,Lotion,Personal Care,"Mannan, Naidu and Sama"
6385452188,564692,3,215.65,646.95,Cat Food,Pet Care,"Krishna, Bail and Dyal"
8813216380,876139,3,415.75,1247.25,Pulses,Grocery & Staples,Cherian-Dara
5563712992,354409,2,325.08,650.16,Pulses,Grocery & Staples,Bose-Pandit
966468552,949818,2,483.05,966.1,Biscuits,Snacks & Munchies,Yohannan Inc
4368529506,461804,2,310.69,621.38,Sugar,Grocery & Staples,"Ghose, Ben and Divan"
3777009463,491314,1,973.44,973.44,Ice Cream,Instant & Frozen Food,Banerjee Inc
3560912801,894539,3,445.48,1336.44,Dish Soap,Household Care,"Pall, Sule and Sood"
1741224538,306177,2,769.24,1538.48,Frozen Biryani,Instant & Frozen Food,Som Inc
4579251445,131136,2,37.8,75.6,Salt,Grocery & Staples,Deshpande-Rama
3438127101,287070,1,443.17,443.17,Wheat Flour,Grocery & Staples,"Gala, Magar and Rajagopal"
9741958794,903336,3,551.88,1655.64,Pulses,Grocery & Staples,"Vaidya, Amble and Palla"
882082341,470449,3,827.77,2483.31,Frozen Biryani,Instant & Frozen Food,Kohli-Sawhney
3629321763,757274,3,98.32,294.96,Pet Treats,Pet Care,"Minhas, Kapoor and Sethi"
888938572,240179,2,90.56,181.12,Cough Syrup,Pharmacy,Ram-Suri
5263181887,264803,1,995.98,995.98,Vitamins,Pharmacy,Gole-Doshi
7071557807,667163,3,441.2,1323.6,Orange Juice,Cold Drinks & Juices,Palla LLC
6888804296,542300,2,255.35,510.7,Popcorn,Snacks & Munchies,Gulati-Tandon
814182718,930284,3,189.47,568.41,Baby Food,Baby Care,"Garg, Saraf and Dutta"
3513524740,373536,1,494.17,494.17,Dog Food,Pet Care,Chauhan-Sabharwal
1234169434,378230,1,166.42,166.42,Nuts,Snacks & Munchies,Kala-Vig
2577990012,500633,2,154.5,309,Cereal,Dairy & Breakfast,Trivedi-Ahluwalia
8446065263,153019,3,947.95,2843.85,Onions,Fruits & Vegetables,Aurora LLC
4220970302,812607,2,416.65,833.3,Potatoes,Fruits & Vegetables,Rege Group
5712516128,228286,3,179.08,537.24,Cola,Cold Drinks & Juices,Bhattacharyya PLC
807167715,14145,1,630.84,630.84,Spinach,Fruits & Vegetables,"Thakur, Shah and Pingle"
213972345,927651,3,426.72,1280.16,Baby Wipes,Baby Care,Narula Group
1013762407,552496,1,508,508,Dish Soap,Household Care,Dhar PLC
5234194751,94225,1,77.11,77.11,Toilet Cleaner,Household Care,"Gulati, Ram and Sarkar"
1389077693,319388,3,657.8,1973.4,Orange Juice,Cold Drinks & Juices,D’Alia-Dey
1895143216,621677,1,317.8,317.8,Frozen Biryani,Instant & Frozen Food,Sabharwal-Mital
3667250123,324809,3,608,1824,Bread,Dairy & Breakfast,Sidhu PLC
6430529802,709916,2,33.76,67.52,Detergent,Household Care,Varkey LLC
4856277700,592784,2,280.35,560.7,Biscuits,Snacks & Munchies,"Andra, Mander and Kari"
1492403962,4452,1,169.88,169.88,Baby Wipes,Baby Care,Morar-Mistry
4348167632,140154,2,171.2,342.4,Shampoo,Personal Care,Malhotra LLC
3682471195,953175,2,225.21,450.42,Baby Food,Baby Care,Sehgal-Nagarajan
6888837939,274207,3,328.51,985.53,Cough Syrup,Pharmacy,"Savant, Batta and Mander"
2278004109,954722,1,616.45,616.45,Ice Cream,Instant & Frozen Food,Mohan-Virk
7471013149,398340,2,651.93,1303.86,Instant Noodles,Instant & Frozen Food,"Nadig, Zachariah and Soni"
755745232,871592,3,870.29,2610.87,Carrots,Fruits & Vegetables,"Shankar, Nadkarni and Kumer"
2963187161,799688,2,309.62,619.24,Lotion,Personal Care,Arora LLC
3980591844,566052,3,87.3,261.9,Pain Reliever,Pharmacy,"Apte, Soman and Raju"
9960808976,123983,2,785.67,1571.34,Cough Syrup,Pharmacy,Kurian-Chhabra
8740552000,876139,1,415.75,415.75,Pulses,Grocery & Staples,Cherian-Dara
9230099449,969851,2,340.66,681.32,Frozen Vegetables,Instant & Frozen Food,"Kara, Sodhi and Bassi"
4277432248,337168,2,545.49,1090.98,Eggs,Dairy & Breakfast,Dasgupta PLC
3624765984,689769,2,46.62,93.24,Frozen Vegetables,Instant & Frozen Food,Kothari-Datta
8533110341,880510,3,951.43,2854.29,Bread,Dairy & Breakfast,Roy-Char
5036664068,952168,3,236.95,710.85,Popcorn,Snacks & Munchies,"Krishnamurthy, Sibal and Das"
9989636336,762527,1,690.08,690.08,Biscuits,Snacks & Munchies,"Chad, Yohannan and Chopra"
2843642858,615545,1,448.16,448.16,Soap,Personal Care,Barman Inc
7510849424,140154,2,171.2,342.4,Shampoo,Personal Care,Malhotra LLC
8744806310,491521,3,556.35,1669.05,Nuts,Snacks & Munchies,Karpe Inc
7605774154,33955,1,186.08,186.08,Frozen Pizza,Instant & Frozen Food,Baral Group
6904233594,771228,2,83.18,166.36,Pet Treats,Pet Care,Raja and Sons
6371336060,820973,2,114.52,229.04,Baby Wipes,Baby Care,Lall LLC
8137624530,462526,2,449.97,899.94,Curd,Dairy & Breakfast,Pau and Sons
9131474241,367391,1,939.55,939.55,Baby Wipes,Baby Care,Talwar and Sons
7413772322,14145,2,630.84,1261.68,Spinach,Fruits & Vegetables,"Thakur, Shah and Pingle"
9400852015,952124,1,127.08,127.08,Onions,Fruits & Vegetables,"Wali, Sood and Bala"
4867437863,677542,1,212.61,212.61,Toilet Cleaner,Household Care,Thaman-Lanka
4219458877,812607,1,416.65,416.65,Potatoes,Fruits & Vegetables,Rege Group
35135941,306177,1,769.24,769.24,Frozen Biryani,Instant & Frozen Food,Som Inc
4754258275,14145,1,630.84,630.84,Spinach,Fruits & Vegetables,"Thakur, Shah and Pingle"
9195687538,897083,2,972.69,1945.38,Detergent,Household Care,Dutta-Halder
344554037,140154,3,171.2,513.6,Shampoo,Personal Care,Malhotra LLC
7503255456,140489,3,650.2,1950.6,Soap,Personal Care,"Biswas, Kapoor and Patel"
5903638531,613942,1,545,545,Pet Treats,Pet Care,"Dyal, Saraf and Goel"
1670694517,704868,3,193.46,580.38,Detergent,Household Care,"Parikh, Oak and Kara"
2369121788,444361,1,822.63,822.63,Pain Reliever,Pharmacy,"Prakash, Bawa and Kale"
6012082951,34186,2,925.65,1851.3,Mangoes,Fruits & Vegetables,Mandal-Kar
3675914158,329351,1,310.87,310.87,Cheese,Dairy & Breakfast,"Lala, Kalita and Sathe"
1396605672,451812,2,530.85,1061.7,Pain Reliever,Pharmacy,"Batra, Sant and Mandal"
4260996213,642612,2,517.03,1034.06,Pet Treats,Pet Care,Pillay-Ahuja
4749534376,566052,1,87.3,87.3,Pain Reliever,Pharmacy,"Apte, Soman and Raju"
6095091385,123983,2,785.67,1571.34,Cough Syrup,Pharmacy,Kurian-Chhabra
1131338162,451933,2,568.94,1137.88,Wheat Flour,Grocery & Staples,Nadig Ltd
6100236720,274207,2,328.51,657.02,Cough Syrup,Pharmacy,"Savant, Batta and Mander"
3363683548,679284,3,877.89,2633.67,Cough Syrup,Pharmacy,Pant LLC
8721540965,328457,2,858.57,1717.14,Mango Drink,Cold Drinks & Juices,Hayre-Shere
1712456261,669378,1,212.14,212.14,Potatoes,Fruits & Vegetables,Chadha and Sons
760930025,969851,1,340.66,340.66,Frozen Vegetables,Instant & Frozen Food,"Kara, Sodhi and Bassi"
5652465358,712307,1,264.89,264.89,Orange Juice,Cold Drinks & Juices,Chana LLC
3580915899,51036,1,931.61,931.61,Baby Food,Baby Care,Karnik PLC
1174382816,284460,2,505.95,1011.9,Potatoes,Fruits & Vegetables,"Ramakrishnan, Anand and Khare"
3200474667,60619,3,726.41,2179.23,Iced Tea,Cold Drinks & Juices,Bhasin LLC
7474651061,712003,1,671.68,671.68,Cola,Cold Drinks & Juices,"Karan, Bandi and Acharya"
1892282465,67197,3,552.2,1656.6,Butter,Dairy & Breakfast,Shetty-Bora
3859828998,287070,1,443.17,443.17,Wheat Flour,Grocery & Staples,"Gala, Magar and Rajagopal"
2554590672,306177,3,769.24,2307.72,Frozen Biryani,Instant & Frozen Food,Som Inc
9667675052,77308,2,223.27,446.54,Onions,Fruits & Vegetables,Ratta-Sagar
8382437838,848226,2,209.59,419.18,Tomatoes,Fruits & Vegetables,Barad and Sons
6247090607,298985,2,183.76,367.52,Vitamins,Pharmacy,"Ramanathan, Joshi and Srinivasan"
5004073261,451933,1,568.94,568.94,Wheat Flour,Grocery & Staples,Nadig Ltd
6595898122,901144,1,340.36,340.36,Sugar,Grocery & Staples,Deo-Kamdar
9844371682,799688,1,309.62,309.62,Lotion,Personal Care,Arora LLC
7198169379,726958,1,887.48,887.48,Cat Food,Pet Care,Doctor-Patla
2815855636,883013,1,989.88,989.88,Eggs,Dairy & Breakfast,Chahal Group
6033660622,658389,3,152.55,457.65,Popcorn,Snacks & Munchies,"Chanda, Som and Vohra"
7944056454,853932,1,941.19,941.19,Baby Wipes,Baby Care,Ranganathan-Peri
4354264440,667163,2,441.2,882.4,Orange Juice,Cold Drinks & Juices,Palla LLC
5623096090,237083,1,577.13,577.13,Cough Syrup,Pharmacy,Hayer-Banerjee
701856661,681063,2,321.28,642.56,Mango Drink,Cold Drinks & Juices,Dass and Sons
1911276445,264803,1,995.98,995.98,Vitamins,Pharmacy,Gole-Doshi
9323909987,398340,1,651.93,651.93,Instant Noodles,Instant & Frozen Food,"Nadig, Zachariah and Soni"
1988898073,942001,1,671.55,671.55,Cat Food,Pet Care,Acharya Ltd
6457671753,382511,1,702.54,702.54,Butter,Dairy & Breakfast,Bora-Thakkar
3556497272,880510,3,951.43,2854.29,Bread,Dairy & Breakfast,Roy-Char
2182762247,291238,2,746.03,1492.06,Chocolates,Snacks & Munchies,"Sinha, Pau and Chhabra"
6026842782,397973,2,728.73,1457.46,Bananas,Fruits & Vegetables,"Wable, Randhawa and Mutti"
1227108607,525531,1,831.1,831.1,Dog Food,Pet Care,Sandal PLC
9362226645,131937,2,287.81,575.62,Frozen Pizza,Instant & Frozen Food,"Varkey, Devi and Ganguly"
6313785973,564692,3,215.65,646.95,Cat Food,Pet Care,"Krishna, Bail and Dyal"
1297253359,63769,1,878.07,878.07,Lotion,Personal Care,Dalal-Shan
6138091203,376447,2,724.84,1449.68,Butter,Dairy & Breakfast,Gara and Sons
4770739350,425341,3,486.28,1458.84,Pet Treats,Pet Care,"Mani, Dhar and Muni"
6253838449,448752,1,160.07,160.07,Toilet Cleaner,Household Care,Batta-Doctor
1015708455,444361,3,822.63,2467.89,Pain Reliever,Pharmacy,"Prakash, Bawa and Kale"
2201201842,137909,1,864.3,864.3,Cough Syrup,Pharmacy,Dalal PLC
200000051,552496,1,508,508,Dish Soap,Household Care,Dhar PLC
409570377,712307,1,264.89,264.89,Orange Juice,Cold Drinks & Juices,Chana LLC
5944464513,913428,3,392.22,1176.66,Pet Treats,Pet Care,Narayanan-Kumar
7064377287,564692,3,215.65,646.95,Cat Food,Pet Care,"Krishna, Bail and Dyal"
7763036477,953175,3,225.21,675.63,Baby Food,Baby Care,Sehgal-Nagarajan
7494002152,228286,3,179.08,537.24,Cola,Cold Drinks & Juices,Bhattacharyya PLC
692127479,739534,2,994.56,1989.12,Toilet Cleaner,Household Care,"Gera, Narang and Karpe"
7544245121,689769,1,46.62,46.62,Frozen Vegetables,Instant & Frozen Food,Kothari-Datta
4429641190,669378,2,212.14,424.28,Potatoes,Fruits & Vegetables,Chadha and Sons
8093366865,53833,1,134.69,134.69,Rice,Grocery & Staples,Tella-Master
6269075067,89084,3,598.83,1796.49,Milk,Dairy & Breakfast,"Wali, Virk and Iyer"
4056304110,516376,2,877.43,1754.86,Onions,Fruits & Vegetables,Agarwal-Dhar
4447978623,481843,1,297.68,297.68,Chocolates,Snacks & Munchies,"Taneja, Kala and Kota"
5875285677,953175,3,225.21,675.63,Baby Food,Baby Care,Sehgal-Nagarajan
4177774653,120385,1,597.91,597.91,Pet Treats,Pet Care,Dubey-Sarin
502632296,525531,2,831.1,1662.2,Dog Food,Pet Care,Sandal PLC
5037688536,9436,3,88.43,265.29,Toothpaste,Personal Care,Naidu PLC
6844277478,376447,1,724.84,724.84,Butter,Dairy & Breakfast,Gara and Sons
3368317718,39154,1,946.86,946.86,Mangoes,Fruits & Vegetables,"Suresh, Bose and Bajwa"
913881994,993331,2,102.44,204.88,Pulses,Grocery & Staples,"Parmer, Gola and Yogi"
6445700839,951463,2,787.4,1574.8,Pet Treats,Pet Care,Balakrishnan-Kaur
101613683,784827,2,274.25,548.5,Baby Wipes,Baby Care,Balakrishnan Ltd
7094586913,564692,2,215.65,431.3,Cat Food,Pet Care,"Krishna, Bail and Dyal"
2478557609,968887,3,40.7,122.1,Dish Soap,Household Care,Keer-Gill
9516720368,839170,1,481.63,481.63,Curd,Dairy & Breakfast,Shetty and Sons
3808010352,448752,2,160.07,320.14,Toilet Cleaner,Household Care,Batta-Doctor
7921886899,673058,1,765.76,765.76,Cough Syrup,Pharmacy,Balan-Madan
6818712547,367391,2,939.55,1879.1,Baby Wipes,Baby Care,Talwar and Sons
4538204462,490602,3,549.47,1648.41,Sugar,Grocery & Staples,Raghavan Inc
2008331630,451933,2,568.94,1137.88,Wheat Flour,Grocery & Staples,Nadig Ltd
3901338038,89084,2,598.83,1197.66,Milk,Dairy & Breakfast,"Wali, Virk and Iyer"
1483786406,555121,2,354.91,709.82,Carrots,Fruits & Vegetables,"Subramanian, Chaudhuri and Dora"
5022936426,532965,1,307.23,307.23,Frozen Pizza,Instant & Frozen Food,Sachdev Inc
5470875365,992178,2,632.43,1264.86,Pain Reliever,Pharmacy,Basu and Sons
7144611408,490939,3,80.25,240.75,Lotion,Personal Care,"Roy, Barad and De"
9411421675,56589,1,517.77,517.77,Vitamins,Pharmacy,"Pai, Kashyap and Ramachandran"
7315949343,112390,1,877.98,877.98,Toothpaste,Personal Care,"Kibe, Contractor and Randhawa"
9430475133,798639,2,211.25,422.5,Eggs,Dairy & Breakfast,Subramaniam LLC
3062145702,448752,2,160.07,320.14,Toilet Cleaner,Household Care,Batta-Doctor
6500458984,859361,1,432.39,432.39,Shampoo,Personal Care,Mitter Group
7429306851,712003,3,671.68,2015.04,Cola,Cold Drinks & Juices,"Karan, Bandi and Acharya"
2687236003,4452,2,169.88,339.76,Baby Wipes,Baby Care,Morar-Mistry
1885906938,672059,1,672.73,672.73,Toothpaste,Personal Care,Kaur-Gola
9949334146,704868,1,193.46,193.46,Detergent,Household Care,"Parikh, Oak and Kara"
2555454584,470449,3,827.77,2483.31,Frozen Biryani,Instant & Frozen Food,Kohli-Sawhney
2503209946,661577,1,720.95,720.95,Cat Food,Pet Care,Majumdar PLC
2329563439,186168,3,878.8,2636.4,Dog Food,Pet Care,"Parekh, Lad and Kadakia"
1041536174,89084,1,598.83,598.83,Milk,Dairy & Breakfast,"Wali, Virk and Iyer"
6631188689,63769,2,878.07,1756.14,Lotion,Personal Care,Dalal-Shan
9300178512,818522,2,96.09,192.18,Cheese,Dairy & Breakfast,Hora-Roy
1086881691,621677,3,317.8,953.4,Frozen Biryani,Instant & Frozen Food,Sabharwal-Mital
8008880980,589812,3,163.03,489.09,Detergent,Household Care,Bir PLC
2417680703,687218,3,317.82,953.46,Mango Drink,Cold Drinks & Juices,"Sankaran, Pall and Gola"
1117730990,820973,1,114.52,114.52,Baby Wipes,Baby Care,Lall LLC
1678557345,329351,1,310.87,310.87,Cheese,Dairy & Breakfast,"Lala, Kalita and Sathe"
4505129824,382511,2,702.54,1405.08,Butter,Dairy & Breakfast,Bora-Thakkar
8737295686,490602,3,549.47,1648.41,Sugar,Grocery & Staples,Raghavan Inc
7997347191,803607,3,949.73,2849.19,Soap,Personal Care,"Kadakia, Mohan and Sathe"
1930645698,140489,3,650.2,1950.6,Soap,Personal Care,"Biswas, Kapoor and Patel"
5393373590,112390,2,877.98,1755.96,Toothpaste,Personal Care,"Kibe, Contractor and Randhawa"
5851854765,587645,2,801.81,1603.62,Vitamins,Pharmacy,"Sura, Pillay and Mammen"
3765179520,373536,1,494.17,494.17,Dog Food,Pet Care,Chauhan-Sabharwal
683969424,540618,3,317.05,951.15,Popcorn,Snacks & Munchies,Golla-Luthra
8459624382,602241,3,976.55,2929.65,Nuts,Snacks & Munchies,Bahl-Pau
7110044004,298985,1,183.76,183.76,Vitamins,Pharmacy,"Ramanathan, Joshi and Srinivasan"
4302375314,942001,2,671.55,1343.1,Cat Food,Pet Care,Acharya Ltd
1245307588,669378,2,212.14,424.28,Potatoes,Fruits & Vegetables,Chadha and Sons
3876260101,451933,1,568.94,568.94,Wheat Flour,Grocery & Staples,Nadig Ltd
3162263618,94225,3,77.11,231.33,Toilet Cleaner,Household Care,"Gulati, Ram and Sarkar"
655792395,798639,1,211.25,211.25,Eggs,Dairy & Breakfast,Subramaniam LLC
7624743284,257719,3,281.73,845.19,Eggs,Dairy & Breakfast,Chaudhuri PLC
4783962671,272170,1,140.8,140.8,Ice Cream,Instant & Frozen Food,Purohit Group
7166787473,425341,2,486.28,972.56,Pet Treats,Pet Care,"Mani, Dhar and Muni"
9395228070,52729,2,316.02,632.04,Cat Food,Pet Care,Saini LLC
902157975,440875,1,275.03,275.03,Baby Wipes,Baby Care,Loyal Inc
6947741744,272170,2,140.8,281.6,Ice Cream,Instant & Frozen Food,Purohit Group
4788498083,451812,2,530.85,1061.7,Pain Reliever,Pharmacy,"Batra, Sant and Mandal"
8070127087,120532,2,697.53,1395.06,Wheat Flour,Grocery & Staples,Nazareth Ltd
5191429552,734789,3,395.82,1187.46,Popcorn,Snacks & Munchies,"Chaudhari, Pant and Singh"
5220651138,448752,2,160.07,320.14,Toilet Cleaner,Household Care,Batta-Doctor
2758734705,563740,3,96.33,288.99,Chips,Snacks & Munchies,Mann-Kapadia
2907887532,937542,1,97.04,97.04,Wheat Flour,Grocery & Staples,Khurana and Sons
7388846009,561860,2,874.78,1749.56,Orange Juice,Cold Drinks & Juices,Gupta Ltd
2606843929,354409,1,325.08,325.08,Pulses,Grocery & Staples,Bose-Pandit
5637567433,513199,2,422.23,844.46,Cola,Cold Drinks & Juices,Rastogi Inc
8838095431,592784,1,280.35,280.35,Biscuits,Snacks & Munchies,"Andra, Mander and Kari"
1564649286,425341,3,486.28,1458.84,Pet Treats,Pet Care,"Mani, Dhar and Muni"
4098166849,771228,2,83.18,166.36,Pet Treats,Pet Care,Raja and Sons
8091143423,611575,3,482.06,1446.18,Frozen Pizza,Instant & Frozen Food,"Bhat, Nigam and Hayer"
3024045336,600767,2,722.42,1444.84,Toothpaste,Personal Care,Balan Group
6152984028,153019,2,947.95,1895.9,Onions,Fruits & Vegetables,Aurora LLC
3450790653,803607,3,949.73,2849.19,Soap,Personal Care,"Kadakia, Mohan and Sathe"
8028917900,491521,1,556.35,556.35,Nuts,Snacks & Munchies,Karpe Inc
7781884407,196719,3,217.5,652.5,Bananas,Fruits & Vegetables,Yogi Group
3483689828,9436,2,88.43,176.86,Toothpaste,Personal Care,Naidu PLC
8341286014,767398,3,22.14,66.42,Dish Soap,Household Care,"Arya, Sundaram and Pingle"
7936106887,367391,2,939.55,1879.1,Baby Wipes,Baby Care,Talwar and Sons
2247354978,589812,2,163.03,326.06,Detergent,Household Care,Bir PLC
5347701114,337168,2,545.49,1090.98,Eggs,Dairy & Breakfast,Dasgupta PLC
7846068436,914071,3,296.94,890.82,Chips,Snacks & Munchies,Datta Ltd
9893439302,14145,2,630.84,1261.68,Spinach,Fruits & Vegetables,"Thakur, Shah and Pingle"
4160816433,34186,2,925.65,1851.3,Mangoes,Fruits & Vegetables,Mandal-Kar
6000890622,33955,3,186.08,558.24,Frozen Pizza,Instant & Frozen Food,Baral Group
7317676958,667163,1,441.2,441.2,Orange Juice,Cold Drinks & Juices,Palla LLC
8620144614,123983,2,785.67,1571.34,Cough Syrup,Pharmacy,Kurian-Chhabra
3940758882,136533,2,826.21,1652.42,Eggs,Dairy & Breakfast,"Raghavan, Magar and Shanker"
5216555041,914071,1,296.94,296.94,Chips,Snacks & Munchies,Datta Ltd
5144793312,937542,1,97.04,97.04,Wheat Flour,Grocery & Staples,Khurana and Sons
7241413847,684939,3,727.95,2183.85,Lotion,Personal Care,"Sibal, Bhatnagar and Rajan"
3567610983,337168,2,545.49,1090.98,Eggs,Dairy & Breakfast,Dasgupta PLC
16878685,432617,2,863.18,1726.36,Baby Wipes,Baby Care,Dora-Pillai
951657166,679321,3,738.46,2215.38,Cola,Cold Drinks & Juices,Khurana-Dewan
4189022307,968887,1,40.7,40.7,Dish Soap,Household Care,Keer-Gill
7378521428,833557,3,422.87,1268.61,Cereal,Dairy & Breakfast,"Gole, Chand and Dada"
6266311709,644847,3,622.81,1868.43,Salt,Grocery & Staples,"Jhaveri, Kata and Kapur"
7985347262,15314,2,578.85,1157.7,Cheese,Dairy & Breakfast,Banik-Ratta
992764262,324809,3,608,1824,Bread,Dairy & Breakfast,Sidhu PLC
3080291353,888807,2,230.58,461.16,Bread,Dairy & Breakfast,Arya Group
5532188237,131136,1,37.8,37.8,Salt,Grocery & Staples,Deshpande-Rama
6814658453,661577,2,720.95,1441.9,Cat Food,Pet Care,Majumdar PLC
4861499558,615545,3,448.16,1344.48,Soap,Personal Care,Barman Inc
2521042570,516376,3,877.43,2632.29,Onions,Fruits & Vegetables,Agarwal-Dhar
5217781278,34200,3,319.8,959.4,Lotion,Personal Care,Munshi-Grewal
8006034379,807452,1,144.19,144.19,Pulses,Grocery & Staples,Naik Ltd
7380913411,723678,2,675.46,1350.92,Dog Food,Pet Care,"Lall, Datta and Swamy"
7706841114,461804,3,310.69,932.07,Sugar,Grocery & Staples,"Ghose, Ben and Divan"
1561779937,367391,1,939.55,939.55,Baby Wipes,Baby Care,Talwar and Sons
7196559586,77308,2,223.27,446.54,Onions,Fruits & Vegetables,Ratta-Sagar
2359961993,500633,2,154.5,309,Cereal,Dairy & Breakfast,Trivedi-Ahluwalia
243819964,880510,3,951.43,2854.29,Bread,Dairy & Breakfast,Roy-Char
4806735178,677169,2,261.03,522.06,Cough Syrup,Pharmacy,Char-Divan
9198762300,131937,2,287.81,575.62,Frozen Pizza,Instant & Frozen Food,"Varkey, Devi and Ganguly"
1105231941,585299,1,799.46,799.46,Pet Treats,Pet Care,"Sharma, Chandra and Prashad"
5533955218,552496,2,508,1016,Dish Soap,Household Care,Dhar PLC
5130246751,33797,1,888.12,888.12,Pain Reliever,Pharmacy,Gaba LLC
4528445001,689769,2,46.62,93.24,Frozen Vegetables,Instant & Frozen Food,Kothari-Datta
9503959018,473929,1,440.19,440.19,Carrots,Fruits & Vegetables,"Bhardwaj, Bhatia and Deshmukh"
4107052604,306177,2,769.24,1538.48,Frozen Biryani,Instant & Frozen Food,Som Inc
5578822558,298985,3,183.76,551.28,Vitamins,Pharmacy,"Ramanathan, Joshi and Srinivasan"
5506634472,894539,1,445.48,445.48,Dish Soap,Household Care,"Pall, Sule and Sood"
4112426763,41853,1,910.44,910.44,Curd,Dairy & Breakfast,Handa PLC
7157334145,18035,3,968.94,2906.82,Dish Soap,Household Care,Ramesh Inc
8423458672,491521,1,556.35,556.35,Nuts,Snacks & Munchies,Karpe Inc
3011683470,712307,1,264.89,264.89,Orange Juice,Cold Drinks & Juices,Chana LLC
1884947290,455083,2,959.01,1918.02,Butter,Dairy & Breakfast,Dutta Inc
558163882,585299,2,799.46,1598.92,Pet Treats,Pet Care,"Sharma, Chandra and Prashad"
824869105,376447,2,724.84,1449.68,Butter,Dairy & Breakfast,Gara and Sons
4193492511,51036,2,931.61,1863.22,Baby Food,Baby Care,Karnik PLC
120996684,690565,2,951.27,1902.54,Cookies,Snacks & Munchies,"Roy, Seth and Patla"
2531932780,726958,3,887.48,2662.44,Cat Food,Pet Care,Doctor-Patla
8095547865,89084,2,598.83,1197.66,Milk,Dairy & Breakfast,"Wali, Virk and Iyer"
6894204435,992178,3,632.43,1897.29,Pain Reliever,Pharmacy,Basu and Sons
9514917126,425341,2,486.28,972.56,Pet Treats,Pet Care,"Mani, Dhar and Muni"
9329665908,140154,2,171.2,342.4,Shampoo,Personal Care,Malhotra LLC
1435406360,723678,3,675.46,2026.38,Dog Food,Pet Care,"Lall, Datta and Swamy"
3460843508,883013,3,989.88,2969.64,Eggs,Dairy & Breakfast,Chahal Group
4762084133,433521,3,321.33,963.99,Diapers,Baby Care,Mahal Group
3884862300,712003,1,671.68,671.68,Cola,Cold Drinks & Juices,"Karan, Bandi and Acharya"
1990946411,237083,1,577.13,577.13,Cough Syrup,Pharmacy,Hayer-Banerjee
5054937065,552496,2,508,1016,Dish Soap,Household Care,Dhar PLC
9431652023,63769,1,878.07,878.07,Lotion,Personal Care,Dalal-Shan
2268736598,243235,1,109.03,109.03,Cat Food,Pet Care,Batta Inc
2793638565,120532,2,697.53,1395.06,Wheat Flour,Grocery & Staples,Nazareth Ltd
4168839407,487065,2,374.68,749.36,Chips,Snacks & Munchies,Kadakia-Yadav
7406514357,611575,2,482.06,964.12,Frozen Pizza,Instant & Frozen Food,"Bhat, Nigam and Hayer"
6087916798,557908,3,942.37,2827.11,Vitamins,Pharmacy,Sundaram Inc
4319962076,644847,2,622.81,1245.62,Salt,Grocery & Staples,"Jhaveri, Kata and Kapur"
3904134741,120385,1,597.91,597.91,Pet Treats,Pet Care,Dubey-Sarin
3770123374,753354,1,423.56,423.56,Shampoo,Personal Care,Sant-Mahajan
4494390731,714999,1,882.51,882.51,Bread,Dairy & Breakfast,Kala Group
6109777696,378230,3,166.42,499.26,Nuts,Snacks & Munchies,Kala-Vig
1401372388,679321,3,738.46,2215.38,Cola,Cold Drinks & Juices,Khurana-Dewan
4283973398,361361,2,826.21,1652.42,Biscuits,Snacks & Munchies,"Kunda, Dave and Sahni"
3261847147,455755,1,44.09,44.09,Detergent,Household Care,Mangal-Sathe
3153811191,739534,3,994.56,2983.68,Toilet Cleaner,Household Care,"Gera, Narang and Karpe"
2639216409,120532,3,697.53,2092.59,Wheat Flour,Grocery & Staples,Nazareth Ltd
5948575331,487931,2,709.08,1418.16,Sugar,Grocery & Staples,"Bahl, Jaggi and Nath"
7792925364,968887,1,40.7,40.7,Dish Soap,Household Care,Keer-Gill
7286478750,871592,2,870.29,1740.58,Carrots,Fruits & Vegetables,"Shankar, Nadkarni and Kumer"
9776505630,672059,3,672.73,2018.19,Toothpaste,Personal Care,Kaur-Gola
4527342708,57405,2,607.67,1215.34,Baby Food,Baby Care,Srinivas PLC
1124359689,799952,1,922.64,922.64,Cheese,Dairy & Breakfast,Padmanabhan-Virk
3717458742,56589,2,517.77,1035.54,Vitamins,Pharmacy,"Pai, Kashyap and Ramachandran"
283675535,53833,3,134.69,404.07,Rice,Grocery & Staples,Tella-Master
6039353394,692985,1,197.39,197.39,Pulses,Grocery & Staples,"Wable, Sankaran and Hari"
6735917931,264803,1,995.98,995.98,Vitamins,Pharmacy,Gole-Doshi
5155256671,679865,2,347.91,695.82,Wheat Flour,Grocery & Staples,Memon-Barad
3984108726,832348,3,831.43,2494.29,Biscuits,Snacks & Munchies,Jani-Ram
2491374111,762527,2,690.08,1380.16,Biscuits,Snacks & Munchies,"Chad, Yohannan and Chopra"
2043371805,784673,3,491.39,1474.17,Dog Food,Pet Care,Ramanathan Group
9657782153,89084,3,598.83,1796.49,Milk,Dairy & Breakfast,"Wali, Virk and Iyer"
9237289778,219598,1,367.08,367.08,Shampoo,Personal Care,Arora-Magar
8917116859,34186,1,925.65,925.65,Mangoes,Fruits & Vegetables,Mandal-Kar
720578658,382511,2,702.54,1405.08,Butter,Dairy & Breakfast,Bora-Thakkar
9122210530,567671,3,418.48,1255.44,Biscuits,Snacks & Munchies,Nagar LLC
3540524256,349294,2,934.75,1869.5,Onions,Fruits & Vegetables,Ganesan Ltd
1909520255,361361,3,826.21,2478.63,Biscuits,Snacks & Munchies,"Kunda, Dave and Sahni"
8022279737,784827,1,274.25,274.25,Baby Wipes,Baby Care,Balakrishnan Ltd
7381549355,4452,2,169.88,339.76,Baby Wipes,Baby Care,Morar-Mistry
3998829973,491521,1,556.35,556.35,Nuts,Snacks & Munchies,Karpe Inc
2895464675,589812,2,163.03,326.06,Detergent,Household Care,Bir PLC
3971098657,818990,3,163.55,490.65,Tomatoes,Fruits & Vegetables,Dugar Group
5278249111,951463,2,787.4,1574.8,Pet Treats,Pet Care,Balakrishnan-Kaur
9810576443,681063,2,321.28,642.56,Mango Drink,Cold Drinks & Juices,Dass and Sons
4128844410,741341,2,923.84,1847.68,Eggs,Dairy & Breakfast,Prasad LLC
6103869123,589812,3,163.03,489.09,Detergent,Household Care,Bir PLC
6595041423,183929,2,738.74,1477.48,Bread,Dairy & Breakfast,"Nagi, Sampath and Khurana"
3991011923,726958,1,887.48,887.48,Cat Food,Pet Care,Doctor-Patla
5275440923,969851,3,340.66,1021.98,Frozen Vegetables,Instant & Frozen Food,"Kara, Sodhi and Bassi"
6468633344,15314,2,578.85,1157.7,Cheese,Dairy & Breakfast,Banik-Ratta
9992859795,196719,2,217.5,435,Bananas,Fruits & Vegetables,Yogi Group
7518488485,140489,3,650.2,1950.6,Soap,Personal Care,"Biswas, Kapoor and Patel"
9746950023,952168,3,236.95,710.85,Popcorn,Snacks & Munchies,"Krishnamurthy, Sibal and Das"
2721433550,217710,2,58.59,117.18,Eggs,Dairy & Breakfast,Rout-Sarna
6131680348,123983,1,785.67,785.67,Cough Syrup,Pharmacy,Kurian-Chhabra
2281544500,217710,1,58.59,58.59,Eggs,Dairy & Breakfast,Rout-Sarna
4283802879,305754,1,979.99,979.99,Frozen Vegetables,Instant & Frozen Food,Mammen-Hegde
8621732366,256051,1,400.92,400.92,Lotion,Personal Care,"Mannan, Naidu and Sama"
3797679856,118820,2,12.32,24.64,Iced Tea,Cold Drinks & Juices,"Warrior, Ravel and Amble"
8532100929,726958,3,887.48,2662.44,Cat Food,Pet Care,Doctor-Patla
2973976544,39154,1,946.86,946.86,Mangoes,Fruits & Vegetables,"Suresh, Bose and Bajwa"
814260962,15314,1,578.85,578.85,Cheese,Dairy & Breakfast,Banik-Ratta
9411848231,183929,2,738.74,1477.48,Bread,Dairy & Breakfast,"Nagi, Sampath and Khurana"
6637284724,721521,2,417.39,834.78,Rice,Grocery & Staples,"Ramanathan, Agarwal and Baria"
6497594124,487065,1,374.68,374.68,Chips,Snacks & Munchies,Kadakia-Yadav
7213146086,287070,2,443.17,886.34,Wheat Flour,Grocery & Staples,"Gala, Magar and Rajagopal"
5110274761,373536,1,494.17,494.17,Dog Food,Pet Care,Chauhan-Sabharwal
1112110363,566052,1,87.3,87.3,Pain Reliever,Pharmacy,"Apte, Soman and Raju"
1209202931,219598,2,367.08,734.16,Shampoo,Personal Care,Arora-Magar
6384745391,39154,3,946.86,2840.58,Mangoes,Fruits & Vegetables,"Suresh, Bose and Bajwa"
3367452972,611575,1,482.06,482.06,Frozen Pizza,Instant & Frozen Food,"Bhat, Nigam and Hayer"
2317597587,894539,3,445.48,1336.44,Dish Soap,Household Care,"Pall, Sule and Sood"
2254884198,970529,2,827.44,1654.88,Diapers,Baby Care,"Kurian, Patla and Sanghvi"
679196318,799952,3,922.64,2767.92,Cheese,Dairy & Breakfast,Padmanabhan-Virk
2185319815,433521,1,321.33,321.33,Diapers,Baby Care,Mahal Group
5965281449,39154,1,946.86,946.86,Mangoes,Fruits & Vegetables,"Suresh, Bose and Bajwa"
8616726869,217710,2,58.59,117.18,Eggs,Dairy & Breakfast,Rout-Sarna
4786027510,33955,3,186.08,558.24,Frozen Pizza,Instant & Frozen Food,Baral Group
4910445344,444361,2,822.63,1645.26,Pain Reliever,Pharmacy,"Prakash, Bawa and Kale"
7629577899,613942,1,545,545,Pet Treats,Pet Care,"Dyal, Saraf and Goel"
4769055037,82484,2,914.88,1829.76,Baby Food,Baby Care,Mallick PLC
8476029654,734789,2,395.82,791.64,Popcorn,Snacks & Munchies,"Chaudhari, Pant and Singh"
7809866112,491521,1,556.35,556.35,Nuts,Snacks & Munchies,Karpe Inc
5453896364,803607,2,949.73,1899.46,Soap,Personal Care,"Kadakia, Mohan and Sathe"
9080432189,140489,2,650.2,1300.4,Soap,Personal Care,"Biswas, Kapoor and Patel"
3079758919,451933,1,568.94,568.94,Wheat Flour,Grocery & Staples,Nadig Ltd
4076039325,832348,1,831.43,831.43,Biscuits,Snacks & Munchies,Jani-Ram
9239241275,880510,3,951.43,2854.29,Bread,Dairy & Breakfast,Roy-Char
4864829217,136533,2,826.21,1652.42,Eggs,Dairy & Breakfast,"Raghavan, Magar and Shanker"
5108704843,57405,2,607.67,1215.34,Baby Food,Baby Care,Srinivas PLC
8049805410,378287,3,332.84,998.52,Lemonade,Cold Drinks & Juices,Ramesh-Jain
4711642504,349294,2,934.75,1869.5,Onions,Fruits & Vegetables,Ganesan Ltd
8952094523,654623,2,422.14,844.28,Chips,Snacks & Munchies,Pradhan and Sons
4285784267,36412,3,397.68,1193.04,Dish Soap,Household Care,Muni-Shankar
7494670835,970529,2,827.44,1654.88,Diapers,Baby Care,"Kurian, Patla and Sanghvi"
7667090453,448752,1,160.07,160.07,Toilet Cleaner,Household Care,Batta-Doctor
2193572534,378287,1,332.84,332.84,Lemonade,Cold Drinks & Juices,Ramesh-Jain
5357089776,490939,3,80.25,240.75,Lotion,Personal Care,"Roy, Barad and De"
1191016829,435929,3,856.89,2570.67,Toilet Cleaner,Household Care,Memon Ltd
549484032,903336,2,551.88,1103.76,Pulses,Grocery & Staples,"Vaidya, Amble and Palla"
8164076900,991434,2,237.62,475.24,Cookies,Snacks & Munchies,Mital-Oza
7136165651,336847,3,936.98,2810.94,Toilet Cleaner,Household Care,"Dayal, Mammen and More"
5368349643,487931,3,709.08,2127.24,Sugar,Grocery & Staples,"Bahl, Jaggi and Nath"
6965901435,94225,3,77.11,231.33,Toilet Cleaner,Household Care,"Gulati, Ram and Sarkar"
6687307827,706112,2,478.79,957.58,Vitamins,Pharmacy,"Magar, Gara and Garg"
475294138,63769,2,878.07,1756.14,Lotion,Personal Care,Dalal-Shan
9047534059,673058,3,765.76,2297.28,Cough Syrup,Pharmacy,Balan-Madan
2807487047,992178,3,632.43,1897.29,Pain Reliever,Pharmacy,Basu and Sons
5840148195,613942,2,545,1090,Pet Treats,Pet Care,"Dyal, Saraf and Goel"
3758135932,306177,3,769.24,2307.72,Frozen Biryani,Instant & Frozen Food,Som Inc
1978476136,500633,2,154.5,309,Cereal,Dairy & Breakfast,Trivedi-Ahluwalia
423648434,863930,2,242.57,485.14,Shampoo,Personal Care,"Sathe, Agarwal and Dhar"
7201868330,256783,3,906.54,2719.62,Pet Treats,Pet Care,"Basu, Thakur and Rege"
9710106935,587420,1,357.42,357.42,Cookies,Snacks & Munchies,Raj and Sons
4432235479,243235,1,109.03,109.03,Cat Food,Pet Care,Batta Inc
6951956244,473929,2,440.19,880.38,Carrots,Fruits & Vegetables,"Bhardwaj, Bhatia and Deshmukh"
378485826,555121,1,354.91,354.91,Carrots,Fruits & Vegetables,"Subramanian, Chaudhuri and Dora"
8982211913,992178,1,632.43,632.43,Pain Reliever,Pharmacy,Basu and Sons
6487868576,726958,3,887.48,2662.44,Cat Food,Pet Care,Doctor-Patla
2973502797,51036,2,931.61,1863.22,Baby Food,Baby Care,Karnik PLC
4105022903,726958,3,887.48,2662.44,Cat Food,Pet Care,Doctor-Patla
3668828731,34200,1,319.8,319.8,Lotion,Personal Care,Munshi-Grewal
8644734267,659290,1,319.34,319.34,Cheese,Dairy & Breakfast,Kapadia-D’Alia
3757871565,847349,2,781.08,1562.16,Potatoes,Fruits & Vegetables,Chhabra-Agrawal
5770510806,306177,3,769.24,2307.72,Frozen Biryani,Instant & Frozen Food,Som Inc
4514836077,739448,2,755.66,1511.32,Dish Soap,Household Care,Mand-Choudhry
5927852227,51036,2,931.61,1863.22,Baby Food,Baby Care,Karnik PLC
350719542,555121,2,354.91,709.82,Carrots,Fruits & Vegetables,"Subramanian, Chaudhuri and Dora"
868288823,962591,3,130.01,390.03,Orange Juice,Cold Drinks & Juices,Murthy-Kaul
7199670826,491521,1,556.35,556.35,Nuts,Snacks & Munchies,Karpe Inc
3091948113,336847,2,936.98,1873.96,Toilet Cleaner,Household Care,"Dayal, Mammen and More"
5793742966,361361,3,826.21,2478.63,Biscuits,Snacks & Munchies,"Kunda, Dave and Sahni"
7347109009,992178,2,632.43,1264.86,Pain Reliever,Pharmacy,Basu and Sons
7078912146,837480,3,217.4,652.2,Cough Syrup,Pharmacy,Edwin and Sons
2480856222,107548,1,891.6,891.6,Cola,Cold Drinks & Juices,"Bhandari, Bhasin and Palan"
281421547,760684,2,71.6,143.2,Rice,Grocery & Staples,Kanda-Gupta
5226963306,564692,2,215.65,431.3,Cat Food,Pet Care,"Krishna, Bail and Dyal"
7316642056,684939,3,727.95,2183.85,Lotion,Personal Care,"Sibal, Bhatnagar and Rajan"
8997415290,883013,2,989.88,1979.76,Eggs,Dairy & Breakfast,Chahal Group
6737025662,848226,1,209.59,209.59,Tomatoes,Fruits & Vegetables,Barad and Sons
8395290763,291238,1,746.03,746.03,Chocolates,Snacks & Munchies,"Sinha, Pau and Chhabra"
7261119579,690565,1,951.27,951.27,Cookies,Snacks & Munchies,"Roy, Seth and Patla"
9938037878,298985,3,183.76,551.28,Vitamins,Pharmacy,"Ramanathan, Joshi and Srinivasan"
7154987905,871592,1,870.29,870.29,Carrots,Fruits & Vegetables,"Shankar, Nadkarni and Kumer"
3605534244,373536,2,494.17,988.34,Dog Food,Pet Care,Chauhan-Sabharwal
5626601040,53833,2,134.69,269.38,Rice,Grocery & Staples,Tella-Master
2577064886,478531,1,825.46,825.46,Carrots,Fruits & Vegetables,Uppal Group
2561362173,243235,2,109.03,218.06,Cat Food,Pet Care,Batta Inc
2793120553,397973,1,728.73,728.73,Bananas,Fruits & Vegetables,"Wable, Randhawa and Mutti"
4476563699,153019,2,947.95,1895.9,Onions,Fruits & Vegetables,Aurora LLC
1580021952,327290,3,862.28,2586.84,Sugar,Grocery & Staples,Nadkarni Inc
7263454149,739534,3,994.56,2983.68,Toilet Cleaner,Household Care,"Gera, Narang and Karpe"
4371924002,537274,2,702.71,1405.42,Pet Treats,Pet Care,Lal-Chauhan
2955277471,120532,2,697.53,1395.06,Wheat Flour,Grocery & Staples,Nazareth Ltd
9445490338,94225,3,77.11,231.33,Toilet Cleaner,Household Care,"Gulati, Ram and Sarkar"
2668915104,690565,1,951.27,951.27,Cookies,Snacks & Munchies,"Roy, Seth and Patla"
1045621584,669378,3,212.14,636.42,Potatoes,Fruits & Vegetables,Chadha and Sons
4550545705,136533,3,826.21,2478.63,Eggs,Dairy & Breakfast,"Raghavan, Magar and Shanker"
3373390154,240179,2,90.56,181.12,Cough Syrup,Pharmacy,Ram-Suri
5142985961,644847,3,622.81,1868.43,Salt,Grocery & Staples,"Jhaveri, Kata and Kapur"
649220272,883013,2,989.88,1979.76,Eggs,Dairy & Breakfast,Chahal Group
5023958886,337168,1,545.49,545.49,Eggs,Dairy & Breakfast,Dasgupta PLC
9993542681,880510,1,951.43,951.43,Bread,Dairy & Breakfast,Roy-Char
4380367305,952168,1,236.95,236.95,Popcorn,Snacks & Munchies,"Krishnamurthy, Sibal and Das"
3626113485,863930,2,242.57,485.14,Shampoo,Personal Care,"Sathe, Agarwal and Dhar"
4399099668,354409,1,325.08,325.08,Pulses,Grocery & Staples,Bose-Pandit
3760880745,723678,1,675.46,675.46,Dog Food,Pet Care,"Lall, Datta and Swamy"
1803155516,378287,2,332.84,665.68,Lemonade,Cold Drinks & Juices,Ramesh-Jain
4413782983,799459,3,852.02,2556.06,Vitamins,Pharmacy,"Garg, Kari and Kapur"
6766424456,721521,1,417.39,417.39,Rice,Grocery & Staples,"Ramanathan, Agarwal and Baria"
8701531535,219598,3,367.08,1101.24,Shampoo,Personal Care,Arora-Magar
3961971562,707935,2,820.9,1641.8,Cat Food,Pet Care,"Anne, Mammen and Khatri"
1337510774,848226,1,209.59,209.59,Tomatoes,Fruits & Vegetables,Barad and Sons
8859147707,123983,1,785.67,785.67,Cough Syrup,Pharmacy,Kurian-Chhabra
5850669672,611575,2,482.06,964.12,Frozen Pizza,Instant & Frozen Food,"Bhat, Nigam and Hayer"
1183906926,706112,2,478.79,957.58,Vitamins,Pharmacy,"Magar, Gara and Garg"
6277509652,942001,3,671.55,2014.65,Cat Food,Pet Care,Acharya Ltd
72748189,36412,3,397.68,1193.04,Dish Soap,Household Care,Muni-Shankar
3164922639,537274,3,702.71,2108.13,Pet Treats,Pet Care,Lal-Chauhan
1768504415,762527,3,690.08,2070.24,Biscuits,Snacks & Munchies,"Chad, Yohannan and Chopra"
8173155169,140489,1,650.2,650.2,Soap,Personal Care,"Biswas, Kapoor and Patel"
6164820061,237083,2,577.13,1154.26,Cough Syrup,Pharmacy,Hayer-Banerjee
768283559,771228,3,83.18,249.54,Pet Treats,Pet Care,Raja and Sons
5091744424,328457,1,858.57,858.57,Mango Drink,Cold Drinks & Juices,Hayre-Shere
932482893,481843,1,297.68,297.68,Chocolates,Snacks & Munchies,"Taneja, Kala and Kota"
4588148640,136533,3,826.21,2478.63,Eggs,Dairy & Breakfast,"Raghavan, Magar and Shanker"
8120457107,365133,2,915.45,1830.9,Dish Soap,Household Care,Hans Inc
6107471725,859361,1,432.39,432.39,Shampoo,Personal Care,Mitter Group
7001417958,714999,2,882.51,1765.02,Bread,Dairy & Breakfast,Kala Group
7983443604,124290,3,39.65,118.95,Lotion,Personal Care,Sachdev Group
3057907418,757274,2,98.32,196.64,Pet Treats,Pet Care,"Minhas, Kapoor and Sethi"
3312147996,890232,3,432,1296,Mango Drink,Cold Drinks & Juices,Jha Group
6822269883,901144,3,340.36,1021.08,Sugar,Grocery & Staples,Deo-Kamdar
5004539711,451933,1,568.94,568.94,Wheat Flour,Grocery & Staples,Nadig Ltd
2426015858,487931,3,709.08,2127.24,Sugar,Grocery & Staples,"Bahl, Jaggi and Nath"
4415332793,114414,1,832.06,832.06,Vitamins,Pharmacy,Kara-Golla
1256813796,589812,3,163.03,489.09,Detergent,Household Care,Bir PLC
633633688,490939,2,80.25,160.5,Lotion,Personal Care,"Roy, Barad and De"
8311814996,112390,3,877.98,2633.94,Toothpaste,Personal Care,"Kibe, Contractor and Randhawa"
1441735184,365132,3,229.38,688.14,Instant Noodles,Instant & Frozen Food,Dar-Kumar
1525742840,324809,3,608,1824,Bread,Dairy & Breakfast,Sidhu PLC
1947080315,883013,2,989.88,1979.76,Eggs,Dairy & Breakfast,Chahal Group
5682081545,847349,3,781.08,2343.24,Potatoes,Fruits & Vegetables,Chhabra-Agrawal
8100817128,623234,1,329.79,329.79,Frozen Biryani,Instant & Frozen Food,Chakrabarti-Batra
6051792089,767398,2,22.14,44.28,Dish Soap,Household Care,"Arya, Sundaram and Pingle"
1158173915,451812,2,530.85,1061.7,Pain Reliever,Pharmacy,"Batra, Sant and Mandal"
266072469,432617,3,863.18,2589.54,Baby Wipes,Baby Care,Dora-Pillai
2529883737,760828,2,563.45,1126.9,Pet Treats,Pet Care,"Khurana, Khosla and Yohannan"
9090089969,552883,1,888.16,888.16,Potatoes,Fruits & Vegetables,"Balan, Patel and Mall"
7102272749,592784,1,280.35,280.35,Biscuits,Snacks & Munchies,"Andra, Mander and Kari"
4948925080,328457,2,858.57,1717.14,Mango Drink,Cold Drinks & Juices,Hayre-Shere
9463013186,654297,3,13.25,39.75,Potatoes,Fruits & Vegetables,Chandran-Dass
5581013292,578097,1,267.61,267.61,Nuts,Snacks & Munchies,Jha Group
7009619835,67197,2,552.2,1104.4,Butter,Dairy & Breakfast,Shetty-Bora
9177283950,124290,3,39.65,118.95,Lotion,Personal Care,Sachdev Group
9359187866,833557,2,422.87,845.74,Cereal,Dairy & Breakfast,"Gole, Chand and Dada"
1524480475,930284,1,189.47,189.47,Baby Food,Baby Care,"Garg, Saraf and Dutta"
3829990099,435929,3,856.89,2570.67,Toilet Cleaner,Household Care,Memon Ltd
1058609445,120532,2,697.53,1395.06,Wheat Flour,Grocery & Staples,Nazareth Ltd
1022764286,942001,1,671.55,671.55,Cat Food,Pet Care,Acharya Ltd
1913299658,324809,1,608,608,Bread,Dairy & Breakfast,Sidhu PLC
5305443623,930284,1,189.47,189.47,Baby Food,Baby Care,"Garg, Saraf and Dutta"
4074369199,642612,3,517.03,1551.09,Pet Treats,Pet Care,Pillay-Ahuja
9966404015,378230,2,166.42,332.84,Nuts,Snacks & Munchies,Kala-Vig
3192917514,667163,3,441.2,1323.6,Orange Juice,Cold Drinks & Juices,Palla LLC
1256718210,542300,2,255.35,510.7,Popcorn,Snacks & Munchies,Gulati-Tandon
6067839426,654297,3,13.25,39.75,Potatoes,Fruits & Vegetables,Chandran-Dass
2254923956,647462,1,326.42,326.42,Lotion,Personal Care,"Balan, Samra and Sekhon"
7367673526,587645,3,801.81,2405.43,Vitamins,Pharmacy,"Sura, Pillay and Mammen"
9467422683,659290,3,319.34,958.02,Cheese,Dairy & Breakfast,Kapadia-D’Alia
819853692,709916,3,33.76,101.28,Detergent,Household Care,Varkey LLC
3070834475,435929,3,856.89,2570.67,Toilet Cleaner,Household Care,Memon Ltd
3620552357,679865,1,347.91,347.91,Wheat Flour,Grocery & Staples,Memon-Barad
5938542755,329351,1,310.87,310.87,Cheese,Dairy & Breakfast,"Lala, Kalita and Sathe"
9315535975,697683,3,123.74,371.22,Toilet Cleaner,Household Care,"Murty, Varghese and Saxena"
3547873471,880510,1,951.43,951.43,Bread,Dairy & Breakfast,Roy-Char
6546999829,120532,2,697.53,1395.06,Wheat Flour,Grocery & Staples,Nazareth Ltd
9039495201,677169,3,261.03,783.09,Cough Syrup,Pharmacy,Char-Divan
99708985,760684,2,71.6,143.2,Rice,Grocery & Staples,Kanda-Gupta
6312811061,689769,2,46.62,93.24,Frozen Vegetables,Instant & Frozen Food,Kothari-Datta
3915885220,14145,1,630.84,630.84,Spinach,Fruits & Vegetables,"Thakur, Shah and Pingle"
6654736751,853932,1,941.19,941.19,Baby Wipes,Baby Care,Ranganathan-Peri
841915361,26060,2,342.94,685.88,Vitamins,Pharmacy,Shah and Sons
2543233800,833557,2,422.87,845.74,Cereal,Dairy & Breakfast,"Gole, Chand and Dada"
5271947935,77308,1,223.27,223.27,Onions,Fruits & Vegetables,Ratta-Sagar
6339554317,319388,3,657.8,1973.4,Orange Juice,Cold Drinks & Juices,D’Alia-Dey
1840475676,367391,1,939.55,939.55,Baby Wipes,Baby Care,Talwar and Sons
6812031667,613942,1,545,545,Pet Treats,Pet Care,"Dyal, Saraf and Goel"
3031698482,563740,2,96.33,192.66,Chips,Snacks & Munchies,Mann-Kapadia
7902025520,378676,1,881.42,881.42,Orange Juice,Cold Drinks & Juices,Baral-Kamdar
1969446314,883013,2,989.88,1979.76,Eggs,Dairy & Breakfast,Chahal Group
9949497098,566052,1,87.3,87.3,Pain Reliever,Pharmacy,"Apte, Soman and Raju"
4572338018,256783,2,906.54,1813.08,Pet Treats,Pet Care,"Basu, Thakur and Rege"
2964153358,4452,1,169.88,169.88,Baby Wipes,Baby Care,Morar-Mistry
7642038633,41853,3,910.44,2731.32,Curd,Dairy & Breakfast,Handa PLC
8208980848,26060,2,342.94,685.88,Vitamins,Pharmacy,Shah and Sons
3343789681,837480,1,217.4,217.4,Cough Syrup,Pharmacy,Edwin and Sons
9478305481,153019,2,947.95,1895.9,Onions,Fruits & Vegetables,Aurora LLC
3475260976,642612,1,517.03,517.03,Pet Treats,Pet Care,Pillay-Ahuja
3665443705,585299,2,799.46,1598.92,Pet Treats,Pet Care,"Sharma, Chandra and Prashad"
673592541,952168,2,236.95,473.9,Popcorn,Snacks & Munchies,"Krishnamurthy, Sibal and Das"
8074949320,328457,3,858.57,2575.71,Mango Drink,Cold Drinks & Juices,Hayre-Shere
8056021378,240179,3,90.56,271.68,Cough Syrup,Pharmacy,Ram-Suri
2331582000,747801,1,277.76,277.76,Toilet Cleaner,Household Care,Saha-Vora
5844776722,305754,3,979.99,2939.97,Frozen Vegetables,Instant & Frozen Food,Mammen-Hegde
8426465860,542300,2,255.35,510.7,Popcorn,Snacks & Munchies,Gulati-Tandon
9057555029,757274,2,98.32,196.64,Pet Treats,Pet Care,"Minhas, Kapoor and Sethi"
2210486526,397973,1,728.73,728.73,Bananas,Fruits & Vegetables,"Wable, Randhawa and Mutti"
6421432903,993331,2,102.44,204.88,Pulses,Grocery & Staples,"Parmer, Gola and Yogi"
3562901354,298985,2,183.76,367.52,Vitamins,Pharmacy,"Ramanathan, Joshi and Srinivasan"
8194268842,455083,1,959.01,959.01,Butter,Dairy & Breakfast,Dutta Inc
7524467684,925482,2,475.04,950.08,Frozen Biryani,Instant & Frozen Food,Viswanathan-Sha
1254195766,690565,2,951.27,1902.54,Cookies,Snacks & Munchies,"Roy, Seth and Patla"
6476646153,880510,1,951.43,951.43,Bread,Dairy & Breakfast,Roy-Char
8278568103,478531,3,825.46,2476.38,Carrots,Fruits & Vegetables,Uppal Group
8589621333,839170,1,481.63,481.63,Curd,Dairy & Breakfast,Shetty and Sons
8531683720,34200,2,319.8,639.6,Lotion,Personal Care,Munshi-Grewal
327291657,317242,1,198.15,198.15,Pulses,Grocery & Staples,Rastogi Group
6159164139,563740,1,96.33,96.33,Chips,Snacks & Munchies,Mann-Kapadia
8029863164,376447,3,724.84,2174.52,Butter,Dairy & Breakfast,Gara and Sons
9387824629,367391,3,939.55,2818.65,Baby Wipes,Baby Care,Talwar and Sons
3289836195,942001,2,671.55,1343.1,Cat Food,Pet Care,Acharya Ltd
5001931575,449106,1,48.55,48.55,Soap,Personal Care,"Shere, Thakur and Naik"
7258292820,540618,2,317.05,634.1,Popcorn,Snacks & Munchies,Golla-Luthra
4924862857,961614,2,227.22,454.44,Chocolates,Snacks & Munchies,Goda Inc
8666314034,962591,1,130.01,130.01,Orange Juice,Cold Drinks & Juices,Murthy-Kaul
6775326324,592784,3,280.35,841.05,Biscuits,Snacks & Munchies,"Andra, Mander and Kari"
6092636899,739534,2,994.56,1989.12,Toilet Cleaner,Household Care,"Gera, Narang and Karpe"
4115558056,39154,2,946.86,1893.72,Mangoes,Fruits & Vegetables,"Suresh, Bose and Bajwa"
2352136184,328457,1,858.57,858.57,Mango Drink,Cold Drinks & Juices,Hayre-Shere
1706445141,146840,1,786.85,786.85,Bread,Dairy & Breakfast,"Bains, Deol and Vaidya"
9000165912,60619,2,726.41,1452.82,Iced Tea,Cold Drinks & Juices,Bhasin LLC
7457305850,300159,2,44.35,88.7,Cola,Cold Drinks & Juices,"Basu, Rout and Mistry"
9685973820,654623,1,422.14,422.14,Chips,Snacks & Munchies,Pradhan and Sons
168067196,563740,1,96.33,96.33,Chips,Snacks & Munchies,Mann-Kapadia
6105240201,432617,3,863.18,2589.54,Baby Wipes,Baby Care,Dora-Pillai
1888247163,709916,2,33.76,67.52,Detergent,Household Care,Varkey LLC
7145162326,859361,3,432.39,1297.17,Shampoo,Personal Care,Mitter Group
7611231659,272170,2,140.8,281.6,Ice Cream,Instant & Frozen Food,Purohit Group
4508784747,120385,3,597.91,1793.73,Pet Treats,Pet Care,Dubey-Sarin
2567590825,112390,1,877.98,877.98,Toothpaste,Personal Care,"Kibe, Contractor and Randhawa"
9255982861,540618,3,317.05,951.15,Popcorn,Snacks & Munchies,Golla-Luthra
4102063254,525531,1,831.1,831.1,Dog Food,Pet Care,Sandal PLC
7373931740,51036,2,931.61,1863.22,Baby Food,Baby Care,Karnik PLC
5682816404,140489,2,650.2,1300.4,Soap,Personal Care,"Biswas, Kapoor and Patel"
544018743,611575,1,482.06,482.06,Frozen Pizza,Instant & Frozen Food,"Bhat, Nigam and Hayer"
3292929952,378230,2,166.42,332.84,Nuts,Snacks & Munchies,Kala-Vig
9144790321,140154,2,171.2,342.4,Shampoo,Personal Care,Malhotra LLC
9075991438,444361,3,822.63,2467.89,Pain Reliever,Pharmacy,"Prakash, Bawa and Kale"
3634813810,9436,3,88.43,265.29,Toothpaste,Personal Care,Naidu PLC
8250406975,473647,3,43.05,129.15,Toothpaste,Personal Care,Ben-Ravi
5877618756,969851,3,340.66,1021.98,Frozen Vegetables,Instant & Frozen Food,"Kara, Sodhi and Bassi"
2419292139,328457,1,858.57,858.57,Mango Drink,Cold Drinks & Juices,Hayre-Shere
9547123332,901144,3,340.36,1021.08,Sugar,Grocery & Staples,Deo-Kamdar
6968636396,324809,3,608,1824,Bread,Dairy & Breakfast,Sidhu PLC
5247557644,473647,1,43.05,43.05,Toothpaste,Personal Care,Ben-Ravi
7731193394,891833,2,493.19,986.38,Curd,Dairy & Breakfast,Mani PLC
6048321120,925482,3,475.04,1425.12,Frozen Biryani,Instant & Frozen Food,Viswanathan-Sha
8494582006,51036,3,931.61,2794.83,Baby Food,Baby Care,Karnik PLC
5600781757,112390,3,877.98,2633.94,Toothpaste,Personal Care,"Kibe, Contractor and Randhawa"
495091707,378287,1,332.84,332.84,Lemonade,Cold Drinks & Juices,Ramesh-Jain
3239613823,647462,1,326.42,326.42,Lotion,Personal Care,"Balan, Samra and Sekhon"
3643352219,120532,3,697.53,2092.59,Wheat Flour,Grocery & Staples,Nazareth Ltd
2051599638,4452,2,169.88,339.76,Baby Wipes,Baby Care,Morar-Mistry
3514859549,274207,2,328.51,657.02,Cough Syrup,Pharmacy,"Savant, Batta and Mander"
3907599008,658389,2,152.55,305.1,Popcorn,Snacks & Munchies,"Chanda, Som and Vohra"
1534993603,537274,1,702.71,702.71,Pet Treats,Pet Care,Lal-Chauhan
8980701254,219598,2,367.08,734.16,Shampoo,Personal Care,Arora-Magar
6695408903,34200,1,319.8,319.8,Lotion,Personal Care,Munshi-Grewal
3268455899,784827,1,274.25,274.25,Baby Wipes,Baby Care,Balakrishnan Ltd
7809161755,449106,1,48.55,48.55,Soap,Personal Care,"Shere, Thakur and Naik"
8873697539,378287,2,332.84,665.68,Lemonade,Cold Drinks & Juices,Ramesh-Jain
8603941640,818522,1,96.09,96.09,Cheese,Dairy & Breakfast,Hora-Roy
8308184279,799459,1,852.02,852.02,Vitamins,Pharmacy,"Garg, Kari and Kapur"
7572826287,839170,2,481.63,963.26,Curd,Dairy & Breakfast,Shetty and Sons
7478396641,555121,1,354.91,354.91,Carrots,Fruits & Vegetables,"Subramanian, Chaudhuri and Dora"
3569283921,183929,3,738.74,2216.22,Bread,Dairy & Breakfast,"Nagi, Sampath and Khurana"
9947619677,689769,2,46.62,93.24,Frozen Vegetables,Instant & Frozen Food,Kothari-Datta
5396237918,901144,1,340.36,340.36,Sugar,Grocery & Staples,Deo-Kamdar
455878765,194682,3,912.29,2736.87,Iced Tea,Cold Drinks & Juices,Sastry-Issac
2079195080,444361,3,822.63,2467.89,Pain Reliever,Pharmacy,"Prakash, Bawa and Kale"
6104211214,913428,3,392.22,1176.66,Pet Treats,Pet Care,Narayanan-Kumar
9442939134,723678,1,675.46,675.46,Dog Food,Pet Care,"Lall, Datta and Swamy"
3317293496,187399,3,53.49,160.47,Frozen Pizza,Instant & Frozen Food,Chauhan Inc
8243326501,968887,1,40.7,40.7,Dish Soap,Household Care,Keer-Gill
4109483569,669378,3,212.14,636.42,Potatoes,Fruits & Vegetables,Chadha and Sons
5390352336,847349,1,781.08,781.08,Potatoes,Fruits & Vegetables,Chhabra-Agrawal
2581584982,953175,2,225.21,450.42,Baby Food,Baby Care,Sehgal-Nagarajan
1668737869,183929,1,738.74,738.74,Bread,Dairy & Breakfast,"Nagi, Sampath and Khurana"
5046906329,36412,2,397.68,795.36,Dish Soap,Household Care,Muni-Shankar
2536833157,654623,1,422.14,422.14,Chips,Snacks & Munchies,Pradhan and Sons
9176170352,954722,3,616.45,1849.35,Ice Cream,Instant & Frozen Food,Mohan-Virk
833930925,18035,3,968.94,2906.82,Dish Soap,Household Care,Ramesh Inc
8515226099,679865,3,347.91,1043.73,Wheat Flour,Grocery & Staples,Memon-Barad
2023020278,433521,1,321.33,321.33,Diapers,Baby Care,Mahal Group
2840526544,15314,1,578.85,578.85,Cheese,Dairy & Breakfast,Banik-Ratta
7267422945,762527,1,690.08,690.08,Biscuits,Snacks & Munchies,"Chad, Yohannan and Chopra"
9400777426,473929,3,440.19,1320.57,Carrots,Fruits & Vegetables,"Bhardwaj, Bhatia and Deshmukh"
3298603544,462526,2,449.97,899.94,Curd,Dairy & Breakfast,Pau and Sons
4479973293,962054,3,16.86,50.58,Orange Juice,Cold Drinks & Juices,Toor-Nagar
356236208,365133,1,915.45,915.45,Dish Soap,Household Care,Hans Inc
6699845542,700048,1,141.28,141.28,Dish Soap,Household Care,Khalsa-Bhavsar
3106057977,287070,2,443.17,886.34,Wheat Flour,Grocery & Staples,"Gala, Magar and Rajagopal"
1905367587,799459,1,852.02,852.02,Vitamins,Pharmacy,"Garg, Kari and Kapur"
169590729,897083,1,972.69,972.69,Detergent,Household Care,Dutta-Halder
9820743709,435929,2,856.89,1713.78,Toilet Cleaner,Household Care,Memon Ltd
6605882211,462526,2,449.97,899.94,Curd,Dairy & Breakfast,Pau and Sons
9517765444,847349,3,781.08,2343.24,Potatoes,Fruits & Vegetables,Chhabra-Agrawal
7766311749,228286,2,179.08,358.16,Cola,Cold Drinks & Juices,Bhattacharyya PLC
742238239,153019,1,947.95,947.95,Onions,Fruits & Vegetables,Aurora LLC
3146141485,385113,2,816.38,1632.76,Lotion,Personal Care,"Sampath, Mane and Mody"
6633702824,53833,1,134.69,134.69,Rice,Grocery & Staples,Tella-Master
5033749011,672059,1,672.73,672.73,Toothpaste,Personal Care,Kaur-Gola
4009496217,692985,1,197.39,197.39,Pulses,Grocery & Staples,"Wable, Sankaran and Hari"
4284473821,677542,2,212.61,425.22,Toilet Cleaner,Household Care,Thaman-Lanka
8860588793,378287,1,332.84,332.84,Lemonade,Cold Drinks & Juices,Ramesh-Jain
5305428485,890232,3,432,1296,Mango Drink,Cold Drinks & Juices,Jha Group
676278878,120532,2,697.53,1395.06,Wheat Flour,Grocery & Staples,Nazareth Ltd
9459854097,398340,3,651.93,1955.79,Instant Noodles,Instant & Frozen Food,"Nadig, Zachariah and Soni"
3895596621,681063,1,321.28,321.28,Mango Drink,Cold Drinks & Juices,Dass and Sons
7750915110,585299,3,799.46,2398.38,Pet Treats,Pet Care,"Sharma, Chandra and Prashad"
5173951989,968887,3,40.7,122.1,Dish Soap,Household Care,Keer-Gill
6388954643,600767,3,722.42,2167.26,Toothpaste,Personal Care,Balan Group
5819387689,942001,3,671.55,2014.65,Cat Food,Pet Care,Acharya Ltd
4184037584,901144,3,340.36,1021.08,Sugar,Grocery & Staples,Deo-Kamdar
9525140554,153019,3,947.95,2843.85,Onions,Fruits & Vegetables,Aurora LLC
1617927874,365132,1,229.38,229.38,Instant Noodles,Instant & Frozen Food,Dar-Kumar
1543944105,818990,3,163.55,490.65,Tomatoes,Fruits & Vegetables,Dugar Group
341580530,706112,2,478.79,957.58,Vitamins,Pharmacy,"Magar, Gara and Garg"
5133661902,937542,1,97.04,97.04,Wheat Flour,Grocery & Staples,Khurana and Sons
4557328309,690565,2,951.27,1902.54,Cookies,Snacks & Munchies,"Roy, Seth and Patla"
4479421205,890232,3,432,1296,Mango Drink,Cold Drinks & Juices,Jha Group
5740294639,799688,2,309.62,619.24,Lotion,Personal Care,Arora LLC
8114060961,803607,3,949.73,2849.19,Soap,Personal Care,"Kadakia, Mohan and Sathe"
5744553133,373536,1,494.17,494.17,Dog Food,Pet Care,Chauhan-Sabharwal
5029893308,771228,2,83.18,166.36,Pet Treats,Pet Care,Raja and Sons
9663384689,739534,1,994.56,994.56,Toilet Cleaner,Household Care,"Gera, Narang and Karpe"
7919240958,799459,2,852.02,1704.04,Vitamins,Pharmacy,"Garg, Kari and Kapur"
5211751826,15314,2,578.85,1157.7,Cheese,Dairy & Breakfast,Banik-Ratta
8713129069,470449,2,827.77,1655.54,Frozen Biryani,Instant & Frozen Food,Kohli-Sawhney
1407304162,969851,3,340.66,1021.98,Frozen Vegetables,Instant & Frozen Food,"Kara, Sodhi and Bassi"
3793875046,589812,2,163.03,326.06,Detergent,Household Care,Bir PLC
4903700958,131136,1,37.8,37.8,Salt,Grocery & Staples,Deshpande-Rama
1989547877,398340,3,651.93,1955.79,Instant Noodles,Instant & Frozen Food,"Nadig, Zachariah and Soni"
9584857115,361361,3,826.21,2478.63,Biscuits,Snacks & Munchies,"Kunda, Dave and Sahni"
7236760938,712307,3,264.89,794.67,Orange Juice,Cold Drinks & Juices,Chana LLC
4346903287,444361,2,822.63,1645.26,Pain Reliever,Pharmacy,"Prakash, Bawa and Kale"
6353755071,319388,1,657.8,657.8,Orange Juice,Cold Drinks & Juices,D’Alia-Dey
89194627,897083,3,972.69,2918.07,Detergent,Household Care,Dutta-Halder
544919267,540618,2,317.05,634.1,Popcorn,Snacks & Munchies,Golla-Luthra
6665075012,433521,3,321.33,963.99,Diapers,Baby Care,Mahal Group
4461389660,739448,1,755.66,755.66,Dish Soap,Household Care,Mand-Choudhry
8789328634,196719,2,217.5,435,Bananas,Fruits & Vegetables,Yogi Group
147066568,832348,2,831.43,1662.86,Biscuits,Snacks & Munchies,Jani-Ram
6712947216,432617,1,863.18,863.18,Baby Wipes,Baby Care,Dora-Pillai
4731158560,11422,2,127.16,254.32,Potatoes,Fruits & Vegetables,Ramaswamy-Tata
6228958238,623234,2,329.79,659.58,Frozen Biryani,Instant & Frozen Food,Chakrabarti-Batra
8006440384,490602,2,549.47,1098.94,Sugar,Grocery & Staples,Raghavan Inc
7330672658,604184,3,397.55,1192.65,Toilet Cleaner,Household Care,"Gaba, Sodhi and Choudhary"
1766200974,33955,1,186.08,186.08,Frozen Pizza,Instant & Frozen Food,Baral Group
2878422829,378676,2,881.42,1762.84,Orange Juice,Cold Drinks & Juices,Baral-Kamdar
5862535621,642612,3,517.03,1551.09,Pet Treats,Pet Care,Pillay-Ahuja
3781134163,491521,2,556.35,1112.7,Nuts,Snacks & Munchies,Karpe Inc
7835720444,451812,1,530.85,530.85,Pain Reliever,Pharmacy,"Batra, Sant and Mandal"
1952343673,721521,3,417.39,1252.17,Rice,Grocery & Staples,"Ramanathan, Agarwal and Baria"
9406096007,692985,2,197.39,394.78,Pulses,Grocery & Staples,"Wable, Sankaran and Hari"
1136528533,382511,2,702.54,1405.08,Butter,Dairy & Breakfast,Bora-Thakkar
9137126466,820973,1,114.52,114.52,Baby Wipes,Baby Care,Lall LLC
1495517558,914071,2,296.94,593.88,Chips,Snacks & Munchies,Datta Ltd
1643011737,677542,3,212.61,637.83,Toilet Cleaner,Household Care,Thaman-Lanka
4067366774,532965,3,307.23,921.69,Frozen Pizza,Instant & Frozen Food,Sachdev Inc
1683118802,992178,3,632.43,1897.29,Pain Reliever,Pharmacy,Basu and Sons
5770514189,487065,3,374.68,1124.04,Chips,Snacks & Munchies,Kadakia-Yadav
9612669334,123983,2,785.67,1571.34,Cough Syrup,Pharmacy,Kurian-Chhabra
3262295808,146840,2,786.85,1573.7,Bread,Dairy & Breakfast,"Bains, Deol and Vaidya"
1593291198,52729,2,316.02,632.04,Cat Food,Pet Care,Saini LLC
5327721432,490939,2,80.25,160.5,Lotion,Personal Care,"Roy, Barad and De"
4879497185,67197,3,552.2,1656.6,Butter,Dairy & Breakfast,Shetty-Bora
6883107728,820541,3,576.22,1728.66,Toilet Cleaner,Household Care,"Borde, Peri and Upadhyay"
1643246998,677169,3,261.03,783.09,Cough Syrup,Pharmacy,Char-Divan
913309291,313754,3,136.6,409.8,Biscuits,Snacks & Munchies,"Swaminathan, Mahal and Dara"
8298829689,487065,2,374.68,749.36,Chips,Snacks & Munchies,Kadakia-Yadav
7155488252,587420,3,357.42,1072.26,Cookies,Snacks & Munchies,Raj and Sons
8316192789,131937,1,287.81,287.81,Frozen Pizza,Instant & Frozen Food,"Varkey, Devi and Ganguly"
3589756658,382511,3,702.54,2107.62,Butter,Dairy & Breakfast,Bora-Thakkar
8371900149,542300,2,255.35,510.7,Popcorn,Snacks & Munchies,Gulati-Tandon
6659686612,991434,2,237.62,475.24,Cookies,Snacks & Munchies,Mital-Oza
2937676500,654623,2,422.14,844.28,Chips,Snacks & Munchies,Pradhan and Sons
9908301442,673058,1,765.76,765.76,Cough Syrup,Pharmacy,Balan-Madan
3325049330,461804,1,310.69,310.69,Sugar,Grocery & Staples,"Ghose, Ben and Divan"
2330986566,449106,3,48.55,145.65,Soap,Personal Care,"Shere, Thakur and Naik"
1495975802,747801,2,277.76,555.52,Toilet Cleaner,Household Care,Saha-Vora
4207249029,432617,2,863.18,1726.36,Baby Wipes,Baby Care,Dora-Pillai
1150143976,652118,2,22.04,44.08,Frozen Biryani,Instant & Frozen Food,Agate and Sons
8443390148,859361,1,432.39,432.39,Shampoo,Personal Care,Mitter Group
8358703267,317242,3,198.15,594.45,Pulses,Grocery & Staples,Rastogi Group
1608084881,652118,1,22.04,22.04,Frozen Biryani,Instant & Frozen Food,Agate and Sons
2744486953,741341,1,923.84,923.84,Eggs,Dairy & Breakfast,Prasad LLC
3036885153,913428,3,392.22,1176.66,Pet Treats,Pet Care,Narayanan-Kumar
7335148205,123983,3,785.67,2357.01,Cough Syrup,Pharmacy,Kurian-Chhabra
2356580295,336847,3,936.98,2810.94,Toilet Cleaner,Household Care,"Dayal, Mammen and More"
8999547266,952124,3,127.08,381.24,Onions,Fruits & Vegetables,"Wali, Sood and Bala"
3094439783,689769,3,46.62,139.86,Frozen Vegetables,Instant & Frozen Food,Kothari-Datta
2753579193,120385,1,597.91,597.91,Pet Treats,Pet Care,Dubey-Sarin
7683077217,183929,2,738.74,1477.48,Bread,Dairy & Breakfast,"Nagi, Sampath and Khurana"
2366099898,433521,2,321.33,642.66,Diapers,Baby Care,Mahal Group
1252810532,186168,1,878.8,878.8,Dog Food,Pet Care,"Parekh, Lad and Kadakia"
6493039553,658389,2,152.55,305.1,Popcorn,Snacks & Munchies,"Chanda, Som and Vohra"
9274842886,9436,2,88.43,176.86,Toothpaste,Personal Care,Naidu PLC
8255275254,26060,1,342.94,342.94,Vitamins,Pharmacy,Shah and Sons
2136873695,707935,2,820.9,1641.8,Cat Food,Pet Care,"Anne, Mammen and Khatri"
3253225736,14145,1,630.84,630.84,Spinach,Fruits & Vegetables,"Thakur, Shah and Pingle"
7712604853,712307,1,264.89,264.89,Orange Juice,Cold Drinks & Juices,Chana LLC
5698803942,398340,2,651.93,1303.86,Instant Noodles,Instant & Frozen Food,"Nadig, Zachariah and Soni"
4393804577,723678,2,675.46,1350.92,Dog Food,Pet Care,"Lall, Datta and Swamy"
9307961643,697683,3,123.74,371.22,Toilet Cleaner,Household Care,"Murty, Varghese and Saxena"
14103943,228286,1,179.08,179.08,Cola,Cold Drinks & Juices,Bhattacharyya PLC
4183595096,67197,1,552.2,552.2,Butter,Dairy & Breakfast,Shetty-Bora
9915365099,700048,1,141.28,141.28,Dish Soap,Household Care,Khalsa-Bhavsar
7979108696,274207,3,328.51,985.53,Cough Syrup,Pharmacy,"Savant, Batta and Mander"
8756485728,60619,3,726.41,2179.23,Iced Tea,Cold Drinks & Juices,Bhasin LLC
4859441294,833557,3,422.87,1268.61,Cereal,Dairy & Breakfast,"Gole, Chand and Dada"
8100291984,764014,2,612.04,1224.08,Salt,Grocery & Staples,"Grewal, Swamy and Dayal"
7825714018,451933,3,568.94,1706.82,Wheat Flour,Grocery & Staples,Nadig Ltd
1785144322,131748,1,81.35,81.35,Dog Food,Pet Care,"Shroff, Wason and Dugar"
242240959,60619,3,726.41,2179.23,Iced Tea,Cold Drinks & Juices,Bhasin LLC
3527621284,382511,2,702.54,1405.08,Butter,Dairy & Breakfast,Bora-Thakkar
2254856113,516376,1,877.43,877.43,Onions,Fruits & Vegetables,Agarwal-Dhar
4295420935,131748,2,81.35,162.7,Dog Food,Pet Care,"Shroff, Wason and Dugar"
8739415992,433521,2,321.33,642.66,Diapers,Baby Care,Mahal Group
2123879653,707935,3,820.9,2462.7,Cat Food,Pet Care,"Anne, Mammen and Khatri"
1054974834,432617,2,863.18,1726.36,Baby Wipes,Baby Care,Dora-Pillai
6660596550,144124,2,162.67,325.34,Detergent,Household Care,Lalla-Srinivasan
1633238374,487065,1,374.68,374.68,Chips,Snacks & Munchies,Kadakia-Yadav
8133246330,500633,2,154.5,309,Cereal,Dairy & Breakfast,Trivedi-Ahluwalia
4696656818,784827,1,274.25,274.25,Baby Wipes,Baby Care,Balakrishnan Ltd
7590214417,361361,1,826.21,826.21,Biscuits,Snacks & Munchies,"Kunda, Dave and Sahni"
1736212920,196719,1,217.5,217.5,Bananas,Fruits & Vegetables,Yogi Group
4507702369,4452,3,169.88,509.64,Baby Wipes,Baby Care,Morar-Mistry
6458765046,112390,2,877.98,1755.96,Toothpaste,Personal Care,"Kibe, Contractor and Randhawa"
47953423,585299,1,799.46,799.46,Pet Treats,Pet Care,"Sharma, Chandra and Prashad"
1263714922,256051,2,400.92,801.84,Lotion,Personal Care,"Mannan, Naidu and Sama"
2061768860,154179,1,582.87,582.87,Pain Reliever,Pharmacy,"Barad, Devi and Andra"
4264335652,14145,3,630.84,1892.52,Spinach,Fruits & Vegetables,"Thakur, Shah and Pingle"
3087181728,367391,1,939.55,939.55,Baby Wipes,Baby Care,Talwar and Sons
599772156,34200,2,319.8,639.6,Lotion,Personal Care,Munshi-Grewal
6074313668,552883,3,888.16,2664.48,Potatoes,Fruits & Vegetables,"Balan, Patel and Mall"
5497551107,764014,1,612.04,612.04,Salt,Grocery & Staples,"Grewal, Swamy and Dayal"
9102202025,832348,3,831.43,2494.29,Biscuits,Snacks & Munchies,Jani-Ram
8794436743,329351,3,310.87,932.61,Cheese,Dairy & Breakfast,"Lala, Kalita and Sathe"
3299603042,264803,1,995.98,995.98,Vitamins,Pharmacy,Gole-Doshi
243077069,602241,1,976.55,976.55,Nuts,Snacks & Munchies,Bahl-Pau
6749594412,847349,2,781.08,1562.16,Potatoes,Fruits & Vegetables,Chhabra-Agrawal
5378344982,146840,1,786.85,786.85,Bread,Dairy & Breakfast,"Bains, Deol and Vaidya"
9103834515,57405,3,607.67,1823.01,Baby Food,Baby Care,Srinivas PLC
6237437720,219598,2,367.08,734.16,Shampoo,Personal Care,Arora-Magar
2719670578,228286,3,179.08,537.24,Cola,Cold Drinks & Juices,Bhattacharyya PLC
2748681349,851978,3,715.72,2147.16,Vitamins,Pharmacy,Parsa-Bala
9851618724,6405,1,236.51,236.51,Baby Food,Baby Care,Kashyap-Reddy
7013533376,818990,1,163.55,163.55,Tomatoes,Fruits & Vegetables,Dugar Group
9727047029,444361,2,822.63,1645.26,Pain Reliever,Pharmacy,"Prakash, Bawa and Kale"
1191540022,243235,2,109.03,218.06,Cat Food,Pet Care,Batta Inc
5733572517,491314,1,973.44,973.44,Ice Cream,Instant & Frozen Food,Banerjee Inc
9647928644,36412,3,397.68,1193.04,Dish Soap,Household Care,Muni-Shankar
9696598689,880510,2,951.43,1902.86,Bread,Dairy & Breakfast,Roy-Char
1091207520,771228,3,83.18,249.54,Pet Treats,Pet Care,Raja and Sons
7995971909,131748,1,81.35,81.35,Dog Food,Pet Care,"Shroff, Wason and Dugar"
6077755741,707935,2,820.9,1641.8,Cat Food,Pet Care,"Anne, Mammen and Khatri"
1240745644,942001,2,671.55,1343.1,Cat Food,Pet Care,Acharya Ltd
1397810713,89084,2,598.83,1197.66,Milk,Dairy & Breakfast,"Wali, Virk and Iyer"
5149614189,131937,3,287.81,863.43,Frozen Pizza,Instant & Frozen Food,"Varkey, Devi and Ganguly"
7453349798,36412,1,397.68,397.68,Dish Soap,Household Care,Muni-Shankar
7570986632,284460,2,505.95,1011.9,Potatoes,Fruits & Vegetables,"Ramakrishnan, Anand and Khare"
5292931220,433521,1,321.33,321.33,Diapers,Baby Care,Mahal Group
2654499230,257719,1,281.73,281.73,Eggs,Dairy & Breakfast,Chaudhuri PLC
2327587597,888807,2,230.58,461.16,Bread,Dairy & Breakfast,Arya Group
5852189277,767398,1,22.14,22.14,Dish Soap,Household Care,"Arya, Sundaram and Pingle"
8943211530,487931,3,709.08,2127.24,Sugar,Grocery & Staples,"Bahl, Jaggi and Nath"
3305649506,837480,3,217.4,652.2,Cough Syrup,Pharmacy,Edwin and Sons
538997323,615545,2,448.16,896.32,Soap,Personal Care,Barman Inc
2966187610,461804,1,310.69,310.69,Sugar,Grocery & Staples,"Ghose, Ben and Divan"
866693541,803607,2,949.73,1899.46,Soap,Personal Care,"Kadakia, Mohan and Sathe"
440721658,89084,2,598.83,1197.66,Milk,Dairy & Breakfast,"Wali, Virk and Iyer"
2084323012,871592,3,870.29,2610.87,Carrots,Fruits & Vegetables,"Shankar, Nadkarni and Kumer"
4876314410,962591,2,130.01,260.02,Orange Juice,Cold Drinks & Juices,Murthy-Kaul
2401282648,473647,1,43.05,43.05,Toothpaste,Personal Care,Ben-Ravi
2117291471,440875,3,275.03,825.09,Baby Wipes,Baby Care,Loyal Inc
5455295163,264803,2,995.98,1991.96,Vitamins,Pharmacy,Gole-Doshi
3219761206,585299,3,799.46,2398.38,Pet Treats,Pet Care,"Sharma, Chandra and Prashad"
7423918026,131136,2,37.8,75.6,Salt,Grocery & Staples,Deshpande-Rama
1793817443,448752,3,160.07,480.21,Toilet Cleaner,Household Care,Batta-Doctor
2644609220,784673,2,491.39,982.78,Dog Food,Pet Care,Ramanathan Group
1353492780,274207,3,328.51,985.53,Cough Syrup,Pharmacy,"Savant, Batta and Mander"
1230061693,739534,2,994.56,1989.12,Toilet Cleaner,Household Care,"Gera, Narang and Karpe"
6299572675,952124,2,127.08,254.16,Onions,Fruits & Vegetables,"Wali, Sood and Bala"
5956863364,890623,1,354.52,354.52,Onions,Fruits & Vegetables,"Sangha, Nagar and Varty"
6788884093,337168,1,545.49,545.49,Eggs,Dairy & Breakfast,Dasgupta PLC
6120799223,107548,3,891.6,2674.8,Cola,Cold Drinks & Juices,"Bhandari, Bhasin and Palan"
3892854030,365133,1,915.45,915.45,Dish Soap,Household Care,Hans Inc
1883324334,63769,1,878.07,878.07,Lotion,Personal Care,Dalal-Shan
4541530278,669378,2,212.14,424.28,Potatoes,Fruits & Vegetables,Chadha and Sons
8807380767,490602,1,549.47,549.47,Sugar,Grocery & Staples,Raghavan Inc
5865396281,525531,2,831.1,1662.2,Dog Food,Pet Care,Sandal PLC
340451825,552496,3,508,1524,Dish Soap,Household Care,Dhar PLC
3327784606,604184,3,397.55,1192.65,Toilet Cleaner,Household Care,"Gaba, Sodhi and Choudhary"
5990129875,490602,3,549.47,1648.41,Sugar,Grocery & Staples,Raghavan Inc
8808930721,67197,1,552.2,552.2,Butter,Dairy & Breakfast,Shetty-Bora
8116880443,945635,1,778.9,778.9,Pulses,Grocery & Staples,Balasubramanian PLC
9933926720,56589,2,517.77,1035.54,Vitamins,Pharmacy,"Pai, Kashyap and Ramachandran"
776562418,566052,1,87.3,87.3,Pain Reliever,Pharmacy,"Apte, Soman and Raju"
6105793582,659290,1,319.34,319.34,Cheese,Dairy & Breakfast,Kapadia-D’Alia
9247779866,440875,2,275.03,550.06,Baby Wipes,Baby Care,Loyal Inc
5456672526,969851,3,340.66,1021.98,Frozen Vegetables,Instant & Frozen Food,"Kara, Sodhi and Bassi"
6676994910,60619,1,726.41,726.41,Iced Tea,Cold Drinks & Juices,Bhasin LLC
9353512235,652118,3,22.04,66.12,Frozen Biryani,Instant & Frozen Food,Agate and Sons
6539196955,914071,3,296.94,890.82,Chips,Snacks & Munchies,Datta Ltd
7886908865,449106,1,48.55,48.55,Soap,Personal Care,"Shere, Thakur and Naik"
7548844176,962591,2,130.01,260.02,Orange Juice,Cold Drinks & Juices,Murthy-Kaul
3375735380,432617,1,863.18,863.18,Baby Wipes,Baby Care,Dora-Pillai
32604190,812607,3,416.65,1249.95,Potatoes,Fruits & Vegetables,Rege Group
5731985133,327290,2,862.28,1724.56,Sugar,Grocery & Staples,Nadkarni Inc
7586577278,961614,3,227.22,681.66,Chocolates,Snacks & Munchies,Goda Inc
7765930124,552883,3,888.16,2664.48,Potatoes,Fruits & Vegetables,"Balan, Patel and Mall"
299059193,567671,2,418.48,836.96,Biscuits,Snacks & Munchies,Nagar LLC
135053432,500739,1,359.98,359.98,Bread,Dairy & Breakfast,Aggarwal Group
9618593702,140489,2,650.2,1300.4,Soap,Personal Care,"Biswas, Kapoor and Patel"
2802699236,723678,1,675.46,675.46,Dog Food,Pet Care,"Lall, Datta and Swamy"
2044567188,194682,2,912.29,1824.58,Iced Tea,Cold Drinks & Juices,Sastry-Issac
913489768,451933,3,568.94,1706.82,Wheat Flour,Grocery & Staples,Nadig Ltd
6856986497,328457,3,858.57,2575.71,Mango Drink,Cold Drinks & Juices,Hayre-Shere
7292898570,970529,2,827.44,1654.88,Diapers,Baby Care,"Kurian, Patla and Sanghvi"
6223087303,784673,2,491.39,982.78,Dog Food,Pet Care,Ramanathan Group
403352765,537274,1,702.71,702.71,Pet Treats,Pet Care,Lal-Chauhan
7004560997,644847,2,622.81,1245.62,Salt,Grocery & Staples,"Jhaveri, Kata and Kapur"
8159868515,564692,1,215.65,215.65,Cat Food,Pet Care,"Krishna, Bail and Dyal"
8854320668,123983,3,785.67,2357.01,Cough Syrup,Pharmacy,Kurian-Chhabra
2285302205,970529,3,827.44,2482.32,Diapers,Baby Care,"Kurian, Patla and Sanghvi"
5160584867,672059,2,672.73,1345.46,Toothpaste,Personal Care,Kaur-Gola
4314105605,953175,3,225.21,675.63,Baby Food,Baby Care,Sehgal-Nagarajan
9895756835,378230,2,166.42,332.84,Nuts,Snacks & Munchies,Kala-Vig
1975300826,36412,3,397.68,1193.04,Dish Soap,Household Care,Muni-Shankar
2214666083,435929,2,856.89,1713.78,Toilet Cleaner,Household Care,Memon Ltd
4735339432,540618,1,317.05,317.05,Popcorn,Snacks & Munchies,Golla-Luthra
9863540120,124290,1,39.65,39.65,Lotion,Personal Care,Sachdev Group
8789376461,903336,2,551.88,1103.76,Pulses,Grocery & Staples,"Vaidya, Amble and Palla"
4784591220,146840,2,786.85,1573.7,Bread,Dairy & Breakfast,"Bains, Deol and Vaidya"
6759658833,587645,3,801.81,2405.43,Vitamins,Pharmacy,"Sura, Pillay and Mammen"
1241631129,820973,1,114.52,114.52,Baby Wipes,Baby Care,Lall LLC
8803314647,367391,3,939.55,2818.65,Baby Wipes,Baby Care,Talwar and Sons
1016410657,798639,2,211.25,422.5,Eggs,Dairy & Breakfast,Subramaniam LLC
8284240513,39154,3,946.86,2840.58,Mangoes,Fruits & Vegetables,"Suresh, Bose and Bajwa"
343239069,455083,3,959.01,2877.03,Butter,Dairy & Breakfast,Dutta Inc
3941137932,385113,2,816.38,1632.76,Lotion,Personal Care,"Sampath, Mane and Mody"
8955573840,880510,1,951.43,951.43,Bread,Dairy & Breakfast,Roy-Char
6832435511,739534,3,994.56,2983.68,Toilet Cleaner,Household Care,"Gera, Narang and Karpe"
3014319697,712003,2,671.68,1343.36,Cola,Cold Drinks & Juices,"Karan, Bandi and Acharya"
7367717333,679321,3,738.46,2215.38,Cola,Cold Drinks & Juices,Khurana-Dewan
9389677233,891833,3,493.19,1479.57,Curd,Dairy & Breakfast,Mani PLC
2929883167,39154,1,946.86,946.86,Mangoes,Fruits & Vegetables,"Suresh, Bose and Bajwa"
9045592834,473647,2,43.05,86.1,Toothpaste,Personal Care,Ben-Ravi
7128308885,673058,2,765.76,1531.52,Cough Syrup,Pharmacy,Balan-Madan
2060028411,240179,2,90.56,181.12,Cough Syrup,Pharmacy,Ram-Suri
3856301920,4452,1,169.88,169.88,Baby Wipes,Baby Care,Morar-Mistry
7248479077,306177,2,769.24,1538.48,Frozen Biryani,Instant & Frozen Food,Som Inc
2738466605,378287,3,332.84,998.52,Lemonade,Cold Drinks & Juices,Ramesh-Jain
9801353230,112390,1,877.98,877.98,Toothpaste,Personal Care,"Kibe, Contractor and Randhawa"
2103613260,449106,2,48.55,97.1,Soap,Personal Care,"Shere, Thakur and Naik"
7624166218,39154,1,946.86,946.86,Mangoes,Fruits & Vegetables,"Suresh, Bose and Bajwa"
4692680597,18035,3,968.94,2906.82,Dish Soap,Household Care,Ramesh Inc
2028074931,673058,3,765.76,2297.28,Cough Syrup,Pharmacy,Balan-Madan
6247819401,256783,1,906.54,906.54,Pet Treats,Pet Care,"Basu, Thakur and Rege"
6299879620,481843,2,297.68,595.36,Chocolates,Snacks & Munchies,"Taneja, Kala and Kota"
3398014747,604184,2,397.55,795.1,Toilet Cleaner,Household Care,"Gaba, Sodhi and Choudhary"
4526087670,803607,2,949.73,1899.46,Soap,Personal Care,"Kadakia, Mohan and Sathe"
4473653758,880510,3,951.43,2854.29,Bread,Dairy & Breakfast,Roy-Char
1286821727,771228,3,83.18,249.54,Pet Treats,Pet Care,Raja and Sons
5566617391,757274,1,98.32,98.32,Pet Treats,Pet Care,"Minhas, Kapoor and Sethi"
6630935939,833557,1,422.87,422.87,Cereal,Dairy & Breakfast,"Gole, Chand and Dada"
8676443273,144124,1,162.67,162.67,Detergent,Household Care,Lalla-Srinivasan
439562091,753354,3,423.56,1270.68,Shampoo,Personal Care,Sant-Mahajan
7361440096,991434,2,237.62,475.24,Cookies,Snacks & Munchies,Mital-Oza
2480611325,684939,1,727.95,727.95,Lotion,Personal Care,"Sibal, Bhatnagar and Rajan"
5091640382,741341,3,923.84,2771.52,Eggs,Dairy & Breakfast,Prasad LLC
1443292147,131136,3,37.8,113.4,Salt,Grocery & Staples,Deshpande-Rama
3342653518,53833,2,134.69,269.38,Rice,Grocery & Staples,Tella-Master
3836073957,455755,2,44.09,88.18,Detergent,Household Care,Mangal-Sathe
4192669219,812607,1,416.65,416.65,Potatoes,Fruits & Vegetables,Rege Group
6922121165,256783,2,906.54,1813.08,Pet Treats,Pet Care,"Basu, Thakur and Rege"
4850653474,398340,1,651.93,651.93,Instant Noodles,Instant & Frozen Food,"Nadig, Zachariah and Soni"
1229660813,642612,2,517.03,1034.06,Pet Treats,Pet Care,Pillay-Ahuja
5194396051,925482,3,475.04,1425.12,Frozen Biryani,Instant & Frozen Food,Viswanathan-Sha
8971899775,186168,1,878.8,878.8,Dog Food,Pet Care,"Parekh, Lad and Kadakia"
5619049608,451812,3,530.85,1592.55,Pain Reliever,Pharmacy,"Batra, Sant and Mandal"
9943996342,954722,2,616.45,1232.9,Ice Cream,Instant & Frozen Food,Mohan-Virk
4548721519,876139,1,415.75,415.75,Pulses,Grocery & Staples,Cherian-Dara
6211537502,349294,2,934.75,1869.5,Onions,Fruits & Vegetables,Ganesan Ltd
347093563,313754,3,136.6,409.8,Biscuits,Snacks & Munchies,"Swaminathan, Mahal and Dara"
1855924568,455755,2,44.09,88.18,Detergent,Household Care,Mangal-Sathe
5914484553,969851,3,340.66,1021.98,Frozen Vegetables,Instant & Frozen Food,"Kara, Sodhi and Bassi"
8068903161,473647,1,43.05,43.05,Toothpaste,Personal Care,Ben-Ravi
2147159735,123983,1,785.67,785.67,Cough Syrup,Pharmacy,Kurian-Chhabra
9006983686,305754,3,979.99,2939.97,Frozen Vegetables,Instant & Frozen Food,Mammen-Hegde
7606134274,451812,1,530.85,530.85,Pain Reliever,Pharmacy,"Batra, Sant and Mandal"
4034750827,690565,1,951.27,951.27,Cookies,Snacks & Munchies,"Roy, Seth and Patla"
851062565,901144,2,340.36,680.72,Sugar,Grocery & Staples,Deo-Kamdar
4283323746,642612,1,517.03,517.03,Pet Treats,Pet Care,Pillay-Ahuja
7842390585,287070,1,443.17,443.17,Wheat Flour,Grocery & Staples,"Gala, Magar and Rajagopal"
2449548943,124290,3,39.65,118.95,Lotion,Personal Care,Sachdev Group
7067924535,679284,2,877.89,1755.78,Cough Syrup,Pharmacy,Pant LLC
1602291242,131937,3,287.81,863.43,Frozen Pizza,Instant & Frozen Food,"Varkey, Devi and Ganguly"
7067630786,481843,2,297.68,595.36,Chocolates,Snacks & Munchies,"Taneja, Kala and Kota"
9726762425,137909,3,864.3,2592.9,Cough Syrup,Pharmacy,Dalal PLC
1129887168,77308,1,223.27,223.27,Onions,Fruits & Vegetables,Ratta-Sagar
3371892236,425341,2,486.28,972.56,Pet Treats,Pet Care,"Mani, Dhar and Muni"
6532953824,473647,1,43.05,43.05,Toothpaste,Personal Care,Ben-Ravi
252964377,240179,2,90.56,181.12,Cough Syrup,Pharmacy,Ram-Suri
6270495384,51036,3,931.61,2794.83,Baby Food,Baby Care,Karnik PLC
2450770184,385113,1,816.38,816.38,Lotion,Personal Care,"Sampath, Mane and Mody"
7543192113,114414,1,832.06,832.06,Vitamins,Pharmacy,Kara-Golla
9890817032,487065,2,374.68,749.36,Chips,Snacks & Munchies,Kadakia-Yadav
183165359,762527,3,690.08,2070.24,Biscuits,Snacks & Munchies,"Chad, Yohannan and Chopra"
2136907826,11422,2,127.16,254.32,Potatoes,Fruits & Vegetables,Ramaswamy-Tata
2801605687,681063,3,321.28,963.84,Mango Drink,Cold Drinks & Juices,Dass and Sons
8869292457,567671,1,418.48,418.48,Biscuits,Snacks & Munchies,Nagar LLC
5414471648,337168,2,545.49,1090.98,Eggs,Dairy & Breakfast,Dasgupta PLC
7827370415,448752,3,160.07,480.21,Toilet Cleaner,Household Care,Batta-Doctor
7216662926,820973,2,114.52,229.04,Baby Wipes,Baby Care,Lall LLC
349410429,34186,3,925.65,2776.95,Mangoes,Fruits & Vegetables,Mandal-Kar
8512030806,991434,1,237.62,237.62,Cookies,Snacks & Munchies,Mital-Oza
8003807551,354409,1,325.08,325.08,Pulses,Grocery & Staples,Bose-Pandit
274320517,153019,2,947.95,1895.9,Onions,Fruits & Vegetables,Aurora LLC
2150447285,18035,3,968.94,2906.82,Dish Soap,Household Care,Ramesh Inc
5089385450,726958,2,887.48,1774.96,Cat Food,Pet Care,Doctor-Patla
8622799862,679865,1,347.91,347.91,Wheat Flour,Grocery & Staples,Memon-Barad
2773034272,6405,2,236.51,473.02,Baby Food,Baby Care,Kashyap-Reddy
4028266143,937542,3,97.04,291.12,Wheat Flour,Grocery & Staples,Khurana and Sons
9691888826,57405,1,607.67,607.67,Baby Food,Baby Care,Srinivas PLC
8891340263,623234,3,329.79,989.37,Frozen Biryani,Instant & Frozen Food,Chakrabarti-Batra
1149293318,925482,3,475.04,1425.12,Frozen Biryani,Instant & Frozen Food,Viswanathan-Sha
1288695184,264803,2,995.98,1991.96,Vitamins,Pharmacy,Gole-Doshi
5229336544,692985,3,197.39,592.17,Pulses,Grocery & Staples,"Wable, Sankaran and Hari"
196885435,451812,2,530.85,1061.7,Pain Reliever,Pharmacy,"Batra, Sant and Mandal"
6961457996,18035,3,968.94,2906.82,Dish Soap,Household Care,Ramesh Inc
5059907679,723678,3,675.46,2026.38,Dog Food,Pet Care,"Lall, Datta and Swamy"
9046226901,954722,3,616.45,1849.35,Ice Cream,Instant & Frozen Food,Mohan-Virk
515408216,51036,1,931.61,931.61,Baby Food,Baby Care,Karnik PLC
9048597167,661577,1,720.95,720.95,Cat Food,Pet Care,Majumdar PLC
4308216668,990993,2,263.7,527.4,Chocolates,Snacks & Munchies,Guha-Subramaniam
8671875127,15314,2,578.85,1157.7,Cheese,Dairy & Breakfast,Banik-Ratta
9622968817,537274,3,702.71,2108.13,Pet Treats,Pet Care,Lal-Chauhan
7832599414,490602,1,549.47,549.47,Sugar,Grocery & Staples,Raghavan Inc
5533307028,67197,1,552.2,552.2,Butter,Dairy & Breakfast,Shetty-Bora
752185231,659290,1,319.34,319.34,Cheese,Dairy & Breakfast,Kapadia-D’Alia
5859787209,131136,2,37.8,75.6,Salt,Grocery & Staples,Deshpande-Rama
1736713150,661577,1,720.95,720.95,Cat Food,Pet Care,Majumdar PLC
3620570172,57405,1,607.67,607.67,Baby Food,Baby Care,Srinivas PLC
5758119413,642612,3,517.03,1551.09,Pet Treats,Pet Care,Pillay-Ahuja
2204489775,679865,2,347.91,695.82,Wheat Flour,Grocery & Staples,Memon-Barad
5881059783,112390,3,877.98,2633.94,Toothpaste,Personal Care,"Kibe, Contractor and Randhawa"
9475167773,487931,2,709.08,1418.16,Sugar,Grocery & Staples,"Bahl, Jaggi and Nath"
4635228647,131136,2,37.8,75.6,Salt,Grocery & Staples,Deshpande-Rama
8394536341,257719,1,281.73,281.73,Eggs,Dairy & Breakfast,Chaudhuri PLC
4726427550,487065,2,374.68,749.36,Chips,Snacks & Munchies,Kadakia-Yadav
5387935727,532965,3,307.23,921.69,Frozen Pizza,Instant & Frozen Food,Sachdev Inc
1886705751,734789,1,395.82,395.82,Popcorn,Snacks & Munchies,"Chaudhari, Pant and Singh"
4224014067,679865,2,347.91,695.82,Wheat Flour,Grocery & Staples,Memon-Barad
8726515908,34186,2,925.65,1851.3,Mangoes,Fruits & Vegetables,Mandal-Kar
7388091459,832348,1,831.43,831.43,Biscuits,Snacks & Munchies,Jani-Ram
9320256091,382511,2,702.54,1405.08,Butter,Dairy & Breakfast,Bora-Thakkar
3872093894,18035,2,968.94,1937.88,Dish Soap,Household Care,Ramesh Inc
992848455,435929,2,856.89,1713.78,Toilet Cleaner,Household Care,Memon Ltd
4458723519,970529,2,827.44,1654.88,Diapers,Baby Care,"Kurian, Patla and Sanghvi"
7755662096,799952,3,922.64,2767.92,Cheese,Dairy & Breakfast,Padmanabhan-Virk
5779793224,537274,3,702.71,2108.13,Pet Treats,Pet Care,Lal-Chauhan
8253576531,361361,2,826.21,1652.42,Biscuits,Snacks & Munchies,"Kunda, Dave and Sahni"
4993169316,243235,3,109.03,327.09,Cat Food,Pet Care,Batta Inc
828017545,264803,3,995.98,2987.94,Vitamins,Pharmacy,Gole-Doshi
2012368621,991434,1,237.62,237.62,Cookies,Snacks & Munchies,Mital-Oza
6603205997,604184,2,397.55,795.1,Toilet Cleaner,Household Care,"Gaba, Sodhi and Choudhary"
833581472,455083,3,959.01,2877.03,Butter,Dairy & Breakfast,Dutta Inc
8755782101,961614,3,227.22,681.66,Chocolates,Snacks & Munchies,Goda Inc
1049830215,349294,2,934.75,1869.5,Onions,Fruits & Vegetables,Ganesan Ltd
2399383238,114414,1,832.06,832.06,Vitamins,Pharmacy,Kara-Golla
143399998,187399,2,53.49,106.98,Frozen Pizza,Instant & Frozen Food,Chauhan Inc
2444273306,679284,3,877.89,2633.67,Cough Syrup,Pharmacy,Pant LLC
1309618968,487931,3,709.08,2127.24,Sugar,Grocery & Staples,"Bahl, Jaggi and Nath"
3972788794,561860,1,874.78,874.78,Orange Juice,Cold Drinks & Juices,Gupta Ltd
2356073413,451812,1,530.85,530.85,Pain Reliever,Pharmacy,"Batra, Sant and Mandal"
3775683944,741341,3,923.84,2771.52,Eggs,Dairy & Breakfast,Prasad LLC
8994776653,487065,3,374.68,1124.04,Chips,Snacks & Munchies,Kadakia-Yadav
8124075720,659290,1,319.34,319.34,Cheese,Dairy & Breakfast,Kapadia-D’Alia
5534171862,611575,1,482.06,482.06,Frozen Pizza,Instant & Frozen Food,"Bhat, Nigam and Hayer"
4825558658,542300,3,255.35,766.05,Popcorn,Snacks & Munchies,Gulati-Tandon
1541676341,833557,2,422.87,845.74,Cereal,Dairy & Breakfast,"Gole, Chand and Dada"
5360755658,647462,2,326.42,652.84,Lotion,Personal Care,"Balan, Samra and Sekhon"
844328418,799459,3,852.02,2556.06,Vitamins,Pharmacy,"Garg, Kari and Kapur"
1843468816,952124,3,127.08,381.24,Onions,Fruits & Vegetables,"Wali, Sood and Bala"
3771484570,378287,1,332.84,332.84,Lemonade,Cold Drinks & Juices,Ramesh-Jain
2458783424,820973,3,114.52,343.56,Baby Wipes,Baby Care,Lall LLC
2272849018,871592,1,870.29,870.29,Carrots,Fruits & Vegetables,"Shankar, Nadkarni and Kumer"
8549503132,349294,2,934.75,1869.5,Onions,Fruits & Vegetables,Ganesan Ltd
4032847942,264803,2,995.98,1991.96,Vitamins,Pharmacy,Gole-Doshi
8224665612,425341,3,486.28,1458.84,Pet Treats,Pet Care,"Mani, Dhar and Muni"
8007222259,120532,2,697.53,1395.06,Wheat Flour,Grocery & Staples,Nazareth Ltd
3522030676,365132,2,229.38,458.76,Instant Noodles,Instant & Frozen Food,Dar-Kumar
3224743071,600767,3,722.42,2167.26,Toothpaste,Personal Care,Balan Group
7474790671,52729,3,316.02,948.06,Cat Food,Pet Care,Saini LLC
7884745950,305754,1,979.99,979.99,Frozen Vegetables,Instant & Frozen Food,Mammen-Hegde
8269502930,762527,2,690.08,1380.16,Biscuits,Snacks & Munchies,"Chad, Yohannan and Chopra"
985347383,440875,2,275.03,550.06,Baby Wipes,Baby Care,Loyal Inc
5932091553,9436,2,88.43,176.86,Toothpaste,Personal Care,Naidu PLC
69932727,753354,3,423.56,1270.68,Shampoo,Personal Care,Sant-Mahajan
2715027145,677542,3,212.61,637.83,Toilet Cleaner,Household Care,Thaman-Lanka
5234261944,291238,1,746.03,746.03,Chocolates,Snacks & Munchies,"Sinha, Pau and Chhabra"
2818967815,56589,2,517.77,1035.54,Vitamins,Pharmacy,"Pai, Kashyap and Ramachandran"
1598213217,51036,3,931.61,2794.83,Baby Food,Baby Care,Karnik PLC
9087747856,256783,2,906.54,1813.08,Pet Treats,Pet Care,"Basu, Thakur and Rege"
9606925547,89084,1,598.83,598.83,Milk,Dairy & Breakfast,"Wali, Virk and Iyer"
9866554851,561860,1,874.78,874.78,Orange Juice,Cold Drinks & Juices,Gupta Ltd
3719294769,784827,1,274.25,274.25,Baby Wipes,Baby Care,Balakrishnan Ltd
3576529840,606256,2,369.28,738.56,Frozen Biryani,Instant & Frozen Food,Agate Ltd
5478986113,567671,1,418.48,418.48,Biscuits,Snacks & Munchies,Nagar LLC
6724582316,324809,3,608,1824,Bread,Dairy & Breakfast,Sidhu PLC
4391559649,123983,2,785.67,1571.34,Cough Syrup,Pharmacy,Kurian-Chhabra
9530258400,613942,3,545,1635,Pet Treats,Pet Care,"Dyal, Saraf and Goel"
609162117,287070,2,443.17,886.34,Wheat Flour,Grocery & Staples,"Gala, Magar and Rajagopal"
755143077,818522,2,96.09,192.18,Cheese,Dairy & Breakfast,Hora-Roy
5239439928,851978,3,715.72,2147.16,Vitamins,Pharmacy,Parsa-Bala
1328248068,602241,1,976.55,976.55,Nuts,Snacks & Munchies,Bahl-Pau
1440606577,992178,1,632.43,632.43,Pain Reliever,Pharmacy,Basu and Sons
8884389971,945635,1,778.9,778.9,Pulses,Grocery & Staples,Balasubramanian PLC
7307977336,672059,2,672.73,1345.46,Toothpaste,Personal Care,Kaur-Gola
5953535252,871592,2,870.29,1740.58,Carrots,Fruits & Vegetables,"Shankar, Nadkarni and Kumer"
6133025410,291238,3,746.03,2238.09,Chocolates,Snacks & Munchies,"Sinha, Pau and Chhabra"
798088726,949818,2,483.05,966.1,Biscuits,Snacks & Munchies,Yohannan Inc
3372412988,435929,3,856.89,2570.67,Toilet Cleaner,Household Care,Memon Ltd
4910060567,385113,3,816.38,2449.14,Lotion,Personal Care,"Sampath, Mane and Mody"
8708211566,937542,1,97.04,97.04,Wheat Flour,Grocery & Staples,Khurana and Sons
2126853184,89084,3,598.83,1796.49,Milk,Dairy & Breakfast,"Wali, Virk and Iyer"
4390795259,848226,2,209.59,419.18,Tomatoes,Fruits & Vegetables,Barad and Sons
9030686359,747801,1,277.76,277.76,Toilet Cleaner,Household Care,Saha-Vora
8565611606,647462,2,326.42,652.84,Lotion,Personal Care,"Balan, Samra and Sekhon"
6782020758,555121,2,354.91,709.82,Carrots,Fruits & Vegetables,"Subramanian, Chaudhuri and Dora"
561884159,903336,2,551.88,1103.76,Pulses,Grocery & Staples,"Vaidya, Amble and Palla"
2767430579,60619,3,726.41,2179.23,Iced Tea,Cold Drinks & Juices,Bhasin LLC
5934372451,144124,2,162.67,325.34,Detergent,Household Care,Lalla-Srinivasan
6833977302,490602,3,549.47,1648.41,Sugar,Grocery & Staples,Raghavan Inc
8396649871,953175,3,225.21,675.63,Baby Food,Baby Care,Sehgal-Nagarajan
1937188757,257719,3,281.73,845.19,Eggs,Dairy & Breakfast,Chaudhuri PLC
3142198801,300159,3,44.35,133.05,Cola,Cold Drinks & Juices,"Basu, Rout and Mistry"
6087109745,679284,1,877.89,877.89,Cough Syrup,Pharmacy,Pant LLC
8895262247,153019,1,947.95,947.95,Onions,Fruits & Vegetables,Aurora LLC
5138524153,689769,3,46.62,139.86,Frozen Vegetables,Instant & Frozen Food,Kothari-Datta
9789995549,757274,1,98.32,98.32,Pet Treats,Pet Care,"Minhas, Kapoor and Sethi"
7485459856,455755,2,44.09,88.18,Detergent,Household Care,Mangal-Sathe
4033626537,89084,3,598.83,1796.49,Milk,Dairy & Breakfast,"Wali, Virk and Iyer"
9370915142,760828,3,563.45,1690.35,Pet Treats,Pet Care,"Khurana, Khosla and Yohannan"
7211325894,56589,1,517.77,517.77,Vitamins,Pharmacy,"Pai, Kashyap and Ramachandran"
3482827003,604184,2,397.55,795.1,Toilet Cleaner,Household Care,"Gaba, Sodhi and Choudhary"
6656246719,654623,2,422.14,844.28,Chips,Snacks & Munchies,Pradhan and Sons
6092663288,818522,3,96.09,288.27,Cheese,Dairy & Breakfast,Hora-Roy
9346041594,491314,2,973.44,1946.88,Ice Cream,Instant & Frozen Food,Banerjee Inc
9105127475,183929,3,738.74,2216.22,Bread,Dairy & Breakfast,"Nagi, Sampath and Khurana"
6120818381,647462,1,326.42,326.42,Lotion,Personal Care,"Balan, Samra and Sekhon"
5174370629,848226,1,209.59,209.59,Tomatoes,Fruits & Vegetables,Barad and Sons
3244930036,300159,1,44.35,44.35,Cola,Cold Drinks & Juices,"Basu, Rout and Mistry"
2976493998,91670,3,439.24,1317.72,Dish Soap,Household Care,Barman-Ahluwalia
7971593791,146840,1,786.85,786.85,Bread,Dairy & Breakfast,"Bains, Deol and Vaidya"
4052544342,222892,1,869.22,869.22,Tomatoes,Fruits & Vegetables,Ramakrishnan-Ghose
6264003424,739448,2,755.66,1511.32,Dish Soap,Household Care,Mand-Choudhry
3436107152,378230,1,166.42,166.42,Nuts,Snacks & Munchies,Kala-Vig
8546631319,863930,2,242.57,485.14,Shampoo,Personal Care,"Sathe, Agarwal and Dhar"
640960551,52729,1,316.02,316.02,Cat Food,Pet Care,Saini LLC
1141173434,53833,1,134.69,134.69,Rice,Grocery & Staples,Tella-Master
528309380,118820,2,12.32,24.64,Iced Tea,Cold Drinks & Juices,"Warrior, Ravel and Amble"
2387509904,107548,2,891.6,1783.2,Cola,Cold Drinks & Juices,"Bhandari, Bhasin and Palan"
6791931269,567671,3,418.48,1255.44,Biscuits,Snacks & Munchies,Nagar LLC
4063689432,837480,1,217.4,217.4,Cough Syrup,Pharmacy,Edwin and Sons
1206887762,366066,2,918.58,1837.16,Soap,Personal Care,Mandal LLC
6409437174,767398,3,22.14,66.42,Dish Soap,Household Care,"Arya, Sundaram and Pingle"
1355164713,131937,3,287.81,863.43,Frozen Pizza,Instant & Frozen Food,"Varkey, Devi and Ganguly"
2604772138,36412,2,397.68,795.36,Dish Soap,Household Care,Muni-Shankar
5868093790,67197,2,552.2,1104.4,Butter,Dairy & Breakfast,Shetty-Bora
10161194,382511,1,702.54,702.54,Butter,Dairy & Breakfast,Bora-Thakkar
8930380639,107548,1,891.6,891.6,Cola,Cold Drinks & Juices,"Bhandari, Bhasin and Palan"
2247940574,679284,3,877.89,2633.67,Cough Syrup,Pharmacy,Pant LLC
6190907327,18035,3,968.94,2906.82,Dish Soap,Household Care,Ramesh Inc
127277515,654297,3,13.25,39.75,Potatoes,Fruits & Vegetables,Chandran-Dass
8209093135,91670,2,439.24,878.48,Dish Soap,Household Care,Barman-Ahluwalia
4419380079,567671,1,418.48,418.48,Biscuits,Snacks & Munchies,Nagar LLC
2954606845,376447,3,724.84,2174.52,Butter,Dairy & Breakfast,Gara and Sons
5128739359,131748,1,81.35,81.35,Dog Food,Pet Care,"Shroff, Wason and Dugar"
8183315245,990993,2,263.7,527.4,Chocolates,Snacks & Munchies,Guha-Subramaniam
8820606892,689769,3,46.62,139.86,Frozen Vegetables,Instant & Frozen Food,Kothari-Datta
7779228340,942001,3,671.55,2014.65,Cat Food,Pet Care,Acharya Ltd
8459230018,4452,1,169.88,169.88,Baby Wipes,Baby Care,Morar-Mistry
7060468800,112390,2,877.98,1755.96,Toothpaste,Personal Care,"Kibe, Contractor and Randhawa"
218821567,589812,3,163.03,489.09,Detergent,Household Care,Bir PLC
7795766861,140154,1,171.2,171.2,Shampoo,Personal Care,Malhotra LLC
4285804383,890232,2,432,864,Mango Drink,Cold Drinks & Juices,Jha Group
5961051248,880510,3,951.43,2854.29,Bread,Dairy & Breakfast,Roy-Char
5630323534,425341,1,486.28,486.28,Pet Treats,Pet Care,"Mani, Dhar and Muni"
4642824835,672059,3,672.73,2018.19,Toothpaste,Personal Care,Kaur-Gola
3060527554,378230,3,166.42,499.26,Nuts,Snacks & Munchies,Kala-Vig
4048252396,451933,2,568.94,1137.88,Wheat Flour,Grocery & Staples,Nadig Ltd
1271431612,679321,1,738.46,738.46,Cola,Cold Drinks & Juices,Khurana-Dewan
8981940261,552496,2,508,1016,Dish Soap,Household Care,Dhar PLC
3896239510,739448,3,755.66,2266.98,Dish Soap,Household Care,Mand-Choudhry
711316410,305754,3,979.99,2939.97,Frozen Vegetables,Instant & Frozen Food,Mammen-Hegde
9863502398,673058,2,765.76,1531.52,Cough Syrup,Pharmacy,Balan-Madan
293770293,876139,1,415.75,415.75,Pulses,Grocery & Staples,Cherian-Dara
890800429,376447,1,724.84,724.84,Butter,Dairy & Breakfast,Gara and Sons
1270503169,6405,2,236.51,473.02,Baby Food,Baby Care,Kashyap-Reddy
168180571,136533,1,826.21,826.21,Eggs,Dairy & Breakfast,"Raghavan, Magar and Shanker"
111296281,378230,3,166.42,499.26,Nuts,Snacks & Munchies,Kala-Vig
7329085364,969851,1,340.66,340.66,Frozen Vegetables,Instant & Frozen Food,"Kara, Sodhi and Bassi"
1129130498,378676,1,881.42,881.42,Orange Juice,Cold Drinks & Juices,Baral-Kamdar
996939836,993331,2,102.44,204.88,Pulses,Grocery & Staples,"Parmer, Gola and Yogi"
8263379807,131136,3,37.8,113.4,Salt,Grocery & Staples,Deshpande-Rama
5735975899,611575,3,482.06,1446.18,Frozen Pizza,Instant & Frozen Food,"Bhat, Nigam and Hayer"
9651034668,669378,3,212.14,636.42,Potatoes,Fruits & Vegetables,Chadha and Sons
3103539793,771228,1,83.18,83.18,Pet Treats,Pet Care,Raja and Sons
1611921781,123983,3,785.67,2357.01,Cough Syrup,Pharmacy,Kurian-Chhabra
7532381028,925482,2,475.04,950.08,Frozen Biryani,Instant & Frozen Food,Viswanathan-Sha
7803665404,516376,1,877.43,877.43,Onions,Fruits & Vegetables,Agarwal-Dhar
466184886,451812,3,530.85,1592.55,Pain Reliever,Pharmacy,"Batra, Sant and Mandal"
4692518050,70969,2,631.7,1263.4,Carrots,Fruits & Vegetables,Mohan Group
9408428,124290,1,39.65,39.65,Lotion,Personal Care,Sachdev Group
8766330526,704868,3,193.46,580.38,Detergent,Household Care,"Parikh, Oak and Kara"
9221423039,707935,2,820.9,1641.8,Cat Food,Pet Care,"Anne, Mammen and Khatri"
4268661538,952124,1,127.08,127.08,Onions,Fruits & Vegetables,"Wali, Sood and Bala"
1378809665,771228,3,83.18,249.54,Pet Treats,Pet Care,Raja and Sons
4917941248,764014,1,612.04,612.04,Salt,Grocery & Staples,"Grewal, Swamy and Dayal"
5132792285,516376,2,877.43,1754.86,Onions,Fruits & Vegetables,Agarwal-Dhar
3776678112,14145,1,630.84,630.84,Spinach,Fruits & Vegetables,"Thakur, Shah and Pingle"
6940411801,89084,1,598.83,598.83,Milk,Dairy & Breakfast,"Wali, Virk and Iyer"
7422521525,952124,2,127.08,254.16,Onions,Fruits & Vegetables,"Wali, Sood and Bala"
4419022028,491521,2,556.35,1112.7,Nuts,Snacks & Munchies,Karpe Inc
8016651984,131748,1,81.35,81.35,Dog Food,Pet Care,"Shroff, Wason and Dugar"
2361722422,848226,3,209.59,628.77,Tomatoes,Fruits & Vegetables,Barad and Sons
1001453982,557908,3,942.37,2827.11,Vitamins,Pharmacy,Sundaram Inc
9093918346,91670,3,439.24,1317.72,Dish Soap,Household Care,Barman-Ahluwalia
3969014433,679865,1,347.91,347.91,Wheat Flour,Grocery & Staples,Memon-Barad
9684561720,398340,3,651.93,1955.79,Instant Noodles,Instant & Frozen Food,"Nadig, Zachariah and Soni"
7031115362,274207,2,328.51,657.02,Cough Syrup,Pharmacy,"Savant, Batta and Mander"
8204766849,709916,1,33.76,33.76,Detergent,Household Care,Varkey LLC
2785412612,764014,3,612.04,1836.12,Salt,Grocery & Staples,"Grewal, Swamy and Dayal"
2624138741,82484,3,914.88,2744.64,Baby Food,Baby Care,Mallick PLC
748376248,194682,3,912.29,2736.87,Iced Tea,Cold Drinks & Juices,Sastry-Issac
6096787440,478531,3,825.46,2476.38,Carrots,Fruits & Vegetables,Uppal Group
8787660233,672059,2,672.73,1345.46,Toothpaste,Personal Care,Kaur-Gola
3845481278,487931,3,709.08,2127.24,Sugar,Grocery & Staples,"Bahl, Jaggi and Nath"
4636134267,228286,3,179.08,537.24,Cola,Cold Drinks & Juices,Bhattacharyya PLC
4538825340,124290,2,39.65,79.3,Lotion,Personal Care,Sachdev Group
4553101047,937542,3,97.04,291.12,Wheat Flour,Grocery & Staples,Khurana and Sons
2193853405,448752,2,160.07,320.14,Toilet Cleaner,Household Care,Batta-Doctor
1642059453,70969,1,631.7,631.7,Carrots,Fruits & Vegetables,Mohan Group
5890339330,891833,2,493.19,986.38,Curd,Dairy & Breakfast,Mani PLC
313663478,14145,1,630.84,630.84,Spinach,Fruits & Vegetables,"Thakur, Shah and Pingle"
8591576320,692985,2,197.39,394.78,Pulses,Grocery & Staples,"Wable, Sankaran and Hari"
4728104591,537274,2,702.71,1405.42,Pet Treats,Pet Care,Lal-Chauhan
8276401643,833557,1,422.87,422.87,Cereal,Dairy & Breakfast,"Gole, Chand and Dada"
8709694061,337168,2,545.49,1090.98,Eggs,Dairy & Breakfast,Dasgupta PLC
4080156881,300159,2,44.35,88.7,Cola,Cold Drinks & Juices,"Basu, Rout and Mistry"
7485829116,500633,2,154.5,309,Cereal,Dairy & Breakfast,Trivedi-Ahluwalia
7378865582,661577,3,720.95,2162.85,Cat Food,Pet Care,Majumdar PLC
335575667,77308,3,223.27,669.81,Onions,Fruits & Vegetables,Ratta-Sagar
1621109077,557908,1,942.37,942.37,Vitamins,Pharmacy,Sundaram Inc
7468088555,654623,1,422.14,422.14,Chips,Snacks & Munchies,Pradhan and Sons
3676517886,473647,3,43.05,129.15,Toothpaste,Personal Care,Ben-Ravi
1746921111,642612,2,517.03,1034.06,Pet Treats,Pet Care,Pillay-Ahuja
7774691391,82484,2,914.88,1829.76,Baby Food,Baby Care,Mallick PLC
8220678247,361361,1,826.21,826.21,Biscuits,Snacks & Munchies,"Kunda, Dave and Sahni"
6048604080,799459,3,852.02,2556.06,Vitamins,Pharmacy,"Garg, Kari and Kapur"
8545716586,697683,2,123.74,247.48,Toilet Cleaner,Household Care,"Murty, Varghese and Saxena"
530870056,764014,1,612.04,612.04,Salt,Grocery & Staples,"Grewal, Swamy and Dayal"
4055690435,120385,3,597.91,1793.73,Pet Treats,Pet Care,Dubey-Sarin
7096530350,927651,3,426.72,1280.16,Baby Wipes,Baby Care,Narula Group
7083649345,555121,3,354.91,1064.73,Carrots,Fruits & Vegetables,"Subramanian, Chaudhuri and Dora"
836457367,937542,2,97.04,194.08,Wheat Flour,Grocery & Staples,Khurana and Sons
7698126312,136533,1,826.21,826.21,Eggs,Dairy & Breakfast,"Raghavan, Magar and Shanker"
2267297760,448752,1,160.07,160.07,Toilet Cleaner,Household Care,Batta-Doctor
1717841423,965755,1,532.57,532.57,Bananas,Fruits & Vegetables,"Doshi, Sarraf and Sama"
4330597536,537274,1,702.71,702.71,Pet Treats,Pet Care,Lal-Chauhan
3687593721,990993,1,263.7,263.7,Chocolates,Snacks & Munchies,Guha-Subramaniam
6660740926,378230,3,166.42,499.26,Nuts,Snacks & Munchies,Kala-Vig
9439713009,455755,1,44.09,44.09,Detergent,Household Care,Mangal-Sathe
5281121057,681063,3,321.28,963.84,Mango Drink,Cold Drinks & Juices,Dass and Sons
7044351561,51036,1,931.61,931.61,Baby Food,Baby Care,Karnik PLC
9121393476,219598,3,367.08,1101.24,Shampoo,Personal Care,Arora-Magar
7202170939,991434,3,237.62,712.86,Cookies,Snacks & Munchies,Mital-Oza
1429047127,847349,3,781.08,2343.24,Potatoes,Fruits & Vegetables,Chhabra-Agrawal
8551965787,34186,1,925.65,925.65,Mangoes,Fruits & Vegetables,Mandal-Kar
6756882357,26060,3,342.94,1028.82,Vitamins,Pharmacy,Shah and Sons
618929241,542300,1,255.35,255.35,Popcorn,Snacks & Munchies,Gulati-Tandon
9711157887,679284,1,877.89,877.89,Cough Syrup,Pharmacy,Pant LLC
354149805,382511,3,702.54,2107.62,Butter,Dairy & Breakfast,Bora-Thakkar
231328814,820541,3,576.22,1728.66,Toilet Cleaner,Household Care,"Borde, Peri and Upadhyay"
523916986,799459,2,852.02,1704.04,Vitamins,Pharmacy,"Garg, Kari and Kapur"
1930887811,602241,2,976.55,1953.1,Nuts,Snacks & Munchies,Bahl-Pau
9958741781,818522,2,96.09,192.18,Cheese,Dairy & Breakfast,Hora-Roy
6727230123,6405,3,236.51,709.53,Baby Food,Baby Care,Kashyap-Reddy
9487368442,992178,2,632.43,1264.86,Pain Reliever,Pharmacy,Basu and Sons
671459763,133542,3,68.49,205.47,Detergent,Household Care,Edwin-Lall
9129957352,451812,2,530.85,1061.7,Pain Reliever,Pharmacy,"Batra, Sant and Mandal"
9206073690,991434,3,237.62,712.86,Cookies,Snacks & Munchies,Mital-Oza
5587148302,18035,2,968.94,1937.88,Dish Soap,Household Care,Ramesh Inc
6936256414,564692,3,215.65,646.95,Cat Food,Pet Care,"Krishna, Bail and Dyal"
3341228576,140489,3,650.2,1950.6,Soap,Personal Care,"Biswas, Kapoor and Patel"
4817323453,949818,2,483.05,966.1,Biscuits,Snacks & Munchies,Yohannan Inc
1163454835,373536,2,494.17,988.34,Dog Food,Pet Care,Chauhan-Sabharwal
5236061455,532965,3,307.23,921.69,Frozen Pizza,Instant & Frozen Food,Sachdev Inc
5982829268,478531,3,825.46,2476.38,Carrots,Fruits & Vegetables,Uppal Group
1901688056,704868,2,193.46,386.92,Detergent,Household Care,"Parikh, Oak and Kara"
5936051107,798639,1,211.25,211.25,Eggs,Dairy & Breakfast,Subramaniam LLC
3018272105,585299,3,799.46,2398.38,Pet Treats,Pet Care,"Sharma, Chandra and Prashad"
3656191983,313754,3,136.6,409.8,Biscuits,Snacks & Munchies,"Swaminathan, Mahal and Dara"
5186692805,144124,2,162.67,325.34,Detergent,Household Care,Lalla-Srinivasan
7281243151,611575,1,482.06,482.06,Frozen Pizza,Instant & Frozen Food,"Bhat, Nigam and Hayer"
7906004940,194682,1,912.29,912.29,Iced Tea,Cold Drinks & Juices,Sastry-Issac
6354703603,992178,3,632.43,1897.29,Pain Reliever,Pharmacy,Basu and Sons
6444064733,217710,3,58.59,175.77,Eggs,Dairy & Breakfast,Rout-Sarna
2405783093,623234,2,329.79,659.58,Frozen Biryani,Instant & Frozen Food,Chakrabarti-Batra
63363146,136533,2,826.21,1652.42,Eggs,Dairy & Breakfast,"Raghavan, Magar and Shanker"
7040313500,256783,3,906.54,2719.62,Pet Treats,Pet Care,"Basu, Thakur and Rege"
5844807259,448752,1,160.07,160.07,Toilet Cleaner,Household Care,Batta-Doctor
1931703221,876139,1,415.75,415.75,Pulses,Grocery & Staples,Cherian-Dara
3525336030,18035,1,968.94,968.94,Dish Soap,Household Care,Ramesh Inc
4359807852,564692,1,215.65,215.65,Cat Food,Pet Care,"Krishna, Bail and Dyal"
6946959356,461804,2,310.69,621.38,Sugar,Grocery & Staples,"Ghose, Ben and Divan"
782338627,349294,1,934.75,934.75,Onions,Fruits & Vegetables,Ganesan Ltd
4942714391,455755,3,44.09,132.27,Detergent,Household Care,Mangal-Sathe
919307194,140154,2,171.2,342.4,Shampoo,Personal Care,Malhotra LLC
6509263423,615545,1,448.16,448.16,Soap,Personal Care,Barman Inc
7200105089,298985,1,183.76,183.76,Vitamins,Pharmacy,"Ramanathan, Joshi and Srinivasan"
7120372196,669378,2,212.14,424.28,Potatoes,Fruits & Vegetables,Chadha and Sons
8710393245,112390,1,877.98,877.98,Toothpaste,Personal Care,"Kibe, Contractor and Randhawa"
8862036450,954722,1,616.45,616.45,Ice Cream,Instant & Frozen Food,Mohan-Virk
2087769338,18035,3,968.94,2906.82,Dish Soap,Household Care,Ramesh Inc
3349267712,532965,3,307.23,921.69,Frozen Pizza,Instant & Frozen Food,Sachdev Inc
1689937124,903336,3,551.88,1655.64,Pulses,Grocery & Staples,"Vaidya, Amble and Palla"
4498769995,681063,2,321.28,642.56,Mango Drink,Cold Drinks & Juices,Dass and Sons
3729771871,578097,2,267.61,535.22,Nuts,Snacks & Munchies,Jha Group
9065518834,319388,2,657.8,1315.6,Orange Juice,Cold Drinks & Juices,D’Alia-Dey
7524465290,684939,3,727.95,2183.85,Lotion,Personal Care,"Sibal, Bhatnagar and Rajan"
2319921666,839170,1,481.63,481.63,Curd,Dairy & Breakfast,Shetty and Sons
9541612277,306177,1,769.24,769.24,Frozen Biryani,Instant & Frozen Food,Som Inc
6303548068,925482,1,475.04,475.04,Frozen Biryani,Instant & Frozen Food,Viswanathan-Sha
5867651793,927651,3,426.72,1280.16,Baby Wipes,Baby Care,Narula Group
6405947025,894539,2,445.48,890.96,Dish Soap,Household Care,"Pall, Sule and Sood"
2150790907,833557,3,422.87,1268.61,Cereal,Dairy & Breakfast,"Gole, Chand and Dada"
212856641,26060,1,342.94,342.94,Vitamins,Pharmacy,Shah and Sons
1686508921,659290,3,319.34,958.02,Cheese,Dairy & Breakfast,Kapadia-D’Alia
5879579208,757274,1,98.32,98.32,Pet Treats,Pet Care,"Minhas, Kapoor and Sethi"
1882682579,587645,3,801.81,2405.43,Vitamins,Pharmacy,"Sura, Pillay and Mammen"
8370410622,63769,2,878.07,1756.14,Lotion,Personal Care,Dalal-Shan
368599691,890232,1,432,432,Mango Drink,Cold Drinks & Juices,Jha Group
9282982332,739534,2,994.56,1989.12,Toilet Cleaner,Household Care,"Gera, Narang and Karpe"
4874880100,274207,1,328.51,328.51,Cough Syrup,Pharmacy,"Savant, Batta and Mander"
102639985,89084,2,598.83,1197.66,Milk,Dairy & Breakfast,"Wali, Virk and Iyer"
5288207551,760684,2,71.6,143.2,Rice,Grocery & Staples,Kanda-Gupta
693932743,300159,2,44.35,88.7,Cola,Cold Drinks & Juices,"Basu, Rout and Mistry"
2325405669,673058,3,765.76,2297.28,Cough Syrup,Pharmacy,Balan-Madan
8152364696,487065,1,374.68,374.68,Chips,Snacks & Munchies,Kadakia-Yadav
7682359398,324809,1,608,608,Bread,Dairy & Breakfast,Sidhu PLC
1742951029,954722,1,616.45,616.45,Ice Cream,Instant & Frozen Food,Mohan-Virk
4799787645,140154,3,171.2,513.6,Shampoo,Personal Care,Malhotra LLC
8498666384,930284,2,189.47,378.94,Baby Food,Baby Care,"Garg, Saraf and Dutta"
5013572642,952124,1,127.08,127.08,Onions,Fruits & Vegetables,"Wali, Sood and Bala"
8403006958,433521,2,321.33,642.66,Diapers,Baby Care,Mahal Group
4688831157,53833,2,134.69,269.38,Rice,Grocery & Staples,Tella-Master
394578210,349294,3,934.75,2804.25,Onions,Fruits & Vegetables,Ganesan Ltd
8681711802,56589,3,517.77,1553.31,Vitamins,Pharmacy,"Pai, Kashyap and Ramachandran"
9311399064,131748,1,81.35,81.35,Dog Food,Pet Care,"Shroff, Wason and Dugar"
2620581496,34200,2,319.8,639.6,Lotion,Personal Care,Munshi-Grewal
5116898322,771228,3,83.18,249.54,Pet Treats,Pet Care,Raja and Sons
5995819849,707935,3,820.9,2462.7,Cat Food,Pet Care,"Anne, Mammen and Khatri"
7690500286,18035,2,968.94,1937.88,Dish Soap,Household Care,Ramesh Inc
6107283203,94225,1,77.11,77.11,Toilet Cleaner,Household Care,"Gulati, Ram and Sarkar"
3170417508,942001,3,671.55,2014.65,Cat Food,Pet Care,Acharya Ltd
805682701,57405,3,607.67,1823.01,Baby Food,Baby Care,Srinivas PLC
8960508625,970529,1,827.44,827.44,Diapers,Baby Care,"Kurian, Patla and Sanghvi"
5580397726,186168,1,878.8,878.8,Dog Food,Pet Care,"Parekh, Lad and Kadakia"
1506599381,491521,2,556.35,1112.7,Nuts,Snacks & Munchies,Karpe Inc
8424478165,880510,1,951.43,951.43,Bread,Dairy & Breakfast,Roy-Char
6083333956,818522,1,96.09,96.09,Cheese,Dairy & Breakfast,Hora-Roy
9611327860,487931,2,709.08,1418.16,Sugar,Grocery & Staples,"Bahl, Jaggi and Nath"
9539444766,63769,3,878.07,2634.21,Lotion,Personal Care,Dalal-Shan
756168939,4452,1,169.88,169.88,Baby Wipes,Baby Care,Morar-Mistry
7762624518,171602,1,883.44,883.44,Cola,Cold Drinks & Juices,Pal-Sehgal
3681781563,112390,3,877.98,2633.94,Toothpaste,Personal Care,"Kibe, Contractor and Randhawa"
1571085226,991434,3,237.62,712.86,Cookies,Snacks & Munchies,Mital-Oza
4244306883,604184,3,397.55,1192.65,Toilet Cleaner,Household Care,"Gaba, Sodhi and Choudhary"
7333141591,876139,3,415.75,1247.25,Pulses,Grocery & Staples,Cherian-Dara
1199945706,970529,1,827.44,827.44,Diapers,Baby Care,"Kurian, Patla and Sanghvi"
5895644119,382511,2,702.54,1405.08,Butter,Dairy & Breakfast,Bora-Thakkar
7112919210,6405,1,236.51,236.51,Baby Food,Baby Care,Kashyap-Reddy
8315937318,962054,1,16.86,16.86,Orange Juice,Cold Drinks & Juices,Toor-Nagar
5331800057,990993,3,263.7,791.1,Chocolates,Snacks & Munchies,Guha-Subramaniam
5989265505,228286,2,179.08,358.16,Cola,Cold Drinks & Juices,Bhattacharyya PLC
7906361274,33955,3,186.08,558.24,Frozen Pizza,Instant & Frozen Food,Baral Group
6312476146,433521,1,321.33,321.33,Diapers,Baby Care,Mahal Group
9436272631,613942,3,545,1635,Pet Treats,Pet Care,"Dyal, Saraf and Goel"
8289791792,552883,2,888.16,1776.32,Potatoes,Fruits & Vegetables,"Balan, Patel and Mall"
7659532788,451812,2,530.85,1061.7,Pain Reliever,Pharmacy,"Batra, Sant and Mandal"
1498157233,673058,2,765.76,1531.52,Cough Syrup,Pharmacy,Balan-Madan
8560951754,942001,3,671.55,2014.65,Cat Food,Pet Care,Acharya Ltd
8764192824,673058,2,765.76,1531.52,Cough Syrup,Pharmacy,Balan-Madan
1900542981,704868,1,193.46,193.46,Detergent,Household Care,"Parikh, Oak and Kara"
9445683691,799688,3,309.62,928.86,Lotion,Personal Care,Arora LLC
7719808335,491521,1,556.35,556.35,Nuts,Snacks & Munchies,Karpe Inc
4865644960,490939,1,80.25,80.25,Lotion,Personal Care,"Roy, Barad and De"
6518276143,53833,2,134.69,269.38,Rice,Grocery & Staples,Tella-Master
2211459584,114414,1,832.06,832.06,Vitamins,Pharmacy,Kara-Golla
6811633572,491314,3,973.44,2920.32,Ice Cream,Instant & Frozen Food,Banerjee Inc
1821573240,876139,3,415.75,1247.25,Pulses,Grocery & Staples,Cherian-Dara
8848227434,723678,3,675.46,2026.38,Dog Food,Pet Care,"Lall, Datta and Swamy"
7812276711,306177,3,769.24,2307.72,Frozen Biryani,Instant & Frozen Food,Som Inc
939966106,354409,3,325.08,975.24,Pulses,Grocery & Staples,Bose-Pandit
4099108156,94225,2,77.11,154.22,Toilet Cleaner,Household Care,"Gulati, Ram and Sarkar"
5684182622,833557,1,422.87,422.87,Cereal,Dairy & Breakfast,"Gole, Chand and Dada"
4916740946,712307,3,264.89,794.67,Orange Juice,Cold Drinks & Juices,Chana LLC
9732307600,144124,1,162.67,162.67,Detergent,Household Care,Lalla-Srinivasan
9280329883,784827,3,274.25,822.75,Baby Wipes,Baby Care,Balakrishnan Ltd
4284285927,673058,1,765.76,765.76,Cough Syrup,Pharmacy,Balan-Madan
8701796,672059,2,672.73,1345.46,Toothpaste,Personal Care,Kaur-Gola
6834734512,137909,2,864.3,1728.6,Cough Syrup,Pharmacy,Dalal PLC
7127377458,448752,3,160.07,480.21,Toilet Cleaner,Household Care,Batta-Doctor
4754481356,124290,3,39.65,118.95,Lotion,Personal Care,Sachdev Group
4726007482,284460,3,505.95,1517.85,Potatoes,Fruits & Vegetables,"Ramakrishnan, Anand and Khare"
2320560482,557908,1,942.37,942.37,Vitamins,Pharmacy,Sundaram Inc
1456550348,566052,1,87.3,87.3,Pain Reliever,Pharmacy,"Apte, Soman and Raju"
5370744569,478531,1,825.46,825.46,Carrots,Fruits & Vegetables,Uppal Group
5819887962,186168,3,878.8,2636.4,Dog Food,Pet Care,"Parekh, Lad and Kadakia"
1929465827,647462,1,326.42,326.42,Lotion,Personal Care,"Balan, Samra and Sekhon"
9430139302,120532,1,697.53,697.53,Wheat Flour,Grocery & Staples,Nazareth Ltd
3632715912,679321,3,738.46,2215.38,Cola,Cold Drinks & Juices,Khurana-Dewan
3356214803,888807,3,230.58,691.74,Bread,Dairy & Breakfast,Arya Group
2277864850,513199,2,422.23,844.46,Cola,Cold Drinks & Juices,Rastogi Inc
1754472592,847349,3,781.08,2343.24,Potatoes,Fruits & Vegetables,Chhabra-Agrawal
1833208408,194682,3,912.29,2736.87,Iced Tea,Cold Drinks & Juices,Sastry-Issac
6567954047,954722,2,616.45,1232.9,Ice Cream,Instant & Frozen Food,Mohan-Virk
9409585531,448752,3,160.07,480.21,Toilet Cleaner,Household Care,Batta-Doctor
731371161,927651,1,426.72,426.72,Baby Wipes,Baby Care,Narula Group
7863496069,349294,3,934.75,2804.25,Onions,Fruits & Vegetables,Ganesan Ltd
9043955242,56589,3,517.77,1553.31,Vitamins,Pharmacy,"Pai, Kashyap and Ramachandran"
8257564936,516376,1,877.43,877.43,Onions,Fruits & Vegetables,Agarwal-Dhar
7487631571,120532,3,697.53,2092.59,Wheat Flour,Grocery & Staples,Nazareth Ltd
4243307535,592784,2,280.35,560.7,Biscuits,Snacks & Munchies,"Andra, Mander and Kari"
5490221933,563740,1,96.33,96.33,Chips,Snacks & Munchies,Mann-Kapadia
577600718,120385,1,597.91,597.91,Pet Treats,Pet Care,Dubey-Sarin
1815462789,679865,3,347.91,1043.73,Wheat Flour,Grocery & Staples,Memon-Barad
896786012,747801,3,277.76,833.28,Toilet Cleaner,Household Care,Saha-Vora
2610552179,67197,1,552.2,552.2,Butter,Dairy & Breakfast,Shetty-Bora
6244718082,60619,3,726.41,2179.23,Iced Tea,Cold Drinks & Juices,Bhasin LLC
1837634871,652118,2,22.04,44.08,Frozen Biryani,Instant & Frozen Food,Agate and Sons
8684571382,240179,1,90.56,90.56,Cough Syrup,Pharmacy,Ram-Suri
1659181364,94225,2,77.11,154.22,Toilet Cleaner,Household Care,"Gulati, Ram and Sarkar"
5626641031,952124,1,127.08,127.08,Onions,Fruits & Vegetables,"Wali, Sood and Bala"
1589326447,647462,3,326.42,979.26,Lotion,Personal Care,"Balan, Samra and Sekhon"
5018325783,367391,3,939.55,2818.65,Baby Wipes,Baby Care,Talwar and Sons
5111073873,962054,2,16.86,33.72,Orange Juice,Cold Drinks & Juices,Toor-Nagar
5953426781,532965,1,307.23,307.23,Frozen Pizza,Instant & Frozen Food,Sachdev Inc
8966870214,131136,3,37.8,113.4,Salt,Grocery & Staples,Deshpande-Rama
6962915277,540618,2,317.05,634.1,Popcorn,Snacks & Munchies,Golla-Luthra
4309308088,120532,2,697.53,1395.06,Wheat Flour,Grocery & Staples,Nazareth Ltd
5391068200,659290,3,319.34,958.02,Cheese,Dairy & Breakfast,Kapadia-D’Alia
4394681222,952124,3,127.08,381.24,Onions,Fruits & Vegetables,"Wali, Sood and Bala"
4791895461,425341,3,486.28,1458.84,Pet Treats,Pet Care,"Mani, Dhar and Muni"
7272011740,848226,1,209.59,209.59,Tomatoes,Fruits & Vegetables,Barad and Sons
87784691,70969,2,631.7,1263.4,Carrots,Fruits & Vegetables,Mohan Group
4939105270,444361,3,822.63,2467.89,Pain Reliever,Pharmacy,"Prakash, Bawa and Kale"
4622303035,880510,2,951.43,1902.86,Bread,Dairy & Breakfast,Roy-Char
3460208027,709916,2,33.76,67.52,Detergent,Household Care,Varkey LLC
2548125971,183929,1,738.74,738.74,Bread,Dairy & Breakfast,"Nagi, Sampath and Khurana"
2390111460,492958,2,84.2,168.4,Lotion,Personal Care,Acharya PLC
8309485249,903336,2,551.88,1103.76,Pulses,Grocery & Staples,"Vaidya, Amble and Palla"
8322543480,661577,3,720.95,2162.85,Cat Food,Pet Care,Majumdar PLC
2819200158,60619,1,726.41,726.41,Iced Tea,Cold Drinks & Juices,Bhasin LLC
7087151227,600767,1,722.42,722.42,Toothpaste,Personal Care,Balan Group
6704234561,962054,1,16.86,16.86,Orange Juice,Cold Drinks & Juices,Toor-Nagar
6998410196,365133,2,915.45,1830.9,Dish Soap,Household Care,Hans Inc
707035635,677542,1,212.61,212.61,Toilet Cleaner,Household Care,Thaman-Lanka
543400704,767398,3,22.14,66.42,Dish Soap,Household Care,"Arya, Sundaram and Pingle"
3604694195,52729,1,316.02,316.02,Cat Food,Pet Care,Saini LLC
3560549947,913428,2,392.22,784.44,Pet Treats,Pet Care,Narayanan-Kumar
9982178143,734789,1,395.82,395.82,Popcorn,Snacks & Munchies,"Chaudhari, Pant and Singh"
1423646541,799952,1,922.64,922.64,Cheese,Dairy & Breakfast,Padmanabhan-Virk
7441941402,820973,1,114.52,114.52,Baby Wipes,Baby Care,Lall LLC
8395661807,120532,3,697.53,2092.59,Wheat Flour,Grocery & Staples,Nazareth Ltd
5480656353,587645,2,801.81,1603.62,Vitamins,Pharmacy,"Sura, Pillay and Mammen"
4561602092,306177,1,769.24,769.24,Frozen Biryani,Instant & Frozen Food,Som Inc
1695982633,481843,2,297.68,595.36,Chocolates,Snacks & Munchies,"Taneja, Kala and Kota"
6309447153,853932,2,941.19,1882.38,Baby Wipes,Baby Care,Ranganathan-Peri
4796733514,604184,2,397.55,795.1,Toilet Cleaner,Household Care,"Gaba, Sodhi and Choudhary"
2858966982,734789,2,395.82,791.64,Popcorn,Snacks & Munchies,"Chaudhari, Pant and Singh"
6948607495,891833,1,493.19,493.19,Curd,Dairy & Breakfast,Mani PLC
4959271803,385113,2,816.38,1632.76,Lotion,Personal Care,"Sampath, Mane and Mody"
5669689881,448752,1,160.07,160.07,Toilet Cleaner,Household Care,Batta-Doctor
5352265711,440875,1,275.03,275.03,Baby Wipes,Baby Care,Loyal Inc
5498551836,871592,1,870.29,870.29,Carrots,Fruits & Vegetables,"Shankar, Nadkarni and Kumer"
6556845822,799688,1,309.62,309.62,Lotion,Personal Care,Arora LLC
5167008199,883013,1,989.88,989.88,Eggs,Dairy & Breakfast,Chahal Group
966294309,654297,3,13.25,39.75,Potatoes,Fruits & Vegetables,Chandran-Dass
3163611427,962591,2,130.01,260.02,Orange Juice,Cold Drinks & Juices,Murthy-Kaul
203136866,6405,1,236.51,236.51,Baby Food,Baby Care,Kashyap-Reddy
1815555165,382511,1,702.54,702.54,Butter,Dairy & Breakfast,Bora-Thakkar
1874499212,697683,1,123.74,123.74,Toilet Cleaner,Household Care,"Murty, Varghese and Saxena"
4012779165,462526,2,449.97,899.94,Curd,Dairy & Breakfast,Pau and Sons
3669023899,707935,2,820.9,1641.8,Cat Food,Pet Care,"Anne, Mammen and Khatri"
9296381620,89084,2,598.83,1197.66,Milk,Dairy & Breakfast,"Wali, Virk and Iyer"
2725513934,604184,3,397.55,1192.65,Toilet Cleaner,Household Care,"Gaba, Sodhi and Choudhary"
5564338561,257719,1,281.73,281.73,Eggs,Dairy & Breakfast,Chaudhuri PLC
4701778121,700048,1,141.28,141.28,Dish Soap,Household Care,Khalsa-Bhavsar
9529272337,91670,1,439.24,439.24,Dish Soap,Household Care,Barman-Ahluwalia
869910650,451933,1,568.94,568.94,Wheat Flour,Grocery & Staples,Nadig Ltd
2127080399,222892,3,869.22,2607.66,Tomatoes,Fruits & Vegetables,Ramakrishnan-Ghose
3547439109,706112,3,478.79,1436.37,Vitamins,Pharmacy,"Magar, Gara and Garg"
997535715,606256,1,369.28,369.28,Frozen Biryani,Instant & Frozen Food,Agate Ltd
2442453181,146840,2,786.85,1573.7,Bread,Dairy & Breakfast,"Bains, Deol and Vaidya"
1182120536,9436,1,88.43,88.43,Toothpaste,Personal Care,Naidu PLC
2819297954,500739,2,359.98,719.96,Bread,Dairy & Breakfast,Aggarwal Group
9870956079,937542,1,97.04,97.04,Wheat Flour,Grocery & Staples,Khurana and Sons
6032675432,60619,2,726.41,1452.82,Iced Tea,Cold Drinks & Juices,Bhasin LLC
329790912,305754,1,979.99,979.99,Frozen Vegetables,Instant & Frozen Food,Mammen-Hegde
6459815532,951463,3,787.4,2362.2,Pet Treats,Pet Care,Balakrishnan-Kaur
9214523757,243235,3,109.03,327.09,Cat Food,Pet Care,Batta Inc
9450279027,367391,2,939.55,1879.1,Baby Wipes,Baby Care,Talwar and Sons
6265551101,890623,2,354.52,709.04,Onions,Fruits & Vegetables,"Sangha, Nagar and Varty"
4138526838,555121,2,354.91,709.82,Carrots,Fruits & Vegetables,"Subramanian, Chaudhuri and Dora"
8005579633,992178,2,632.43,1264.86,Pain Reliever,Pharmacy,Basu and Sons
3442984170,673058,2,765.76,1531.52,Cough Syrup,Pharmacy,Balan-Madan
8711550413,914071,3,296.94,890.82,Chips,Snacks & Munchies,Datta Ltd
2509593585,186168,3,878.8,2636.4,Dog Food,Pet Care,"Parekh, Lad and Kadakia"
6126557370,563740,3,96.33,288.99,Chips,Snacks & Munchies,Mann-Kapadia
9876119035,689769,3,46.62,139.86,Frozen Vegetables,Instant & Frozen Food,Kothari-Datta
3739042166,642612,3,517.03,1551.09,Pet Treats,Pet Care,Pillay-Ahuja
7938944124,112390,3,877.98,2633.94,Toothpaste,Personal Care,"Kibe, Contractor and Randhawa"
506804807,470449,3,827.77,2483.31,Frozen Biryani,Instant & Frozen Food,Kohli-Sawhney
3577900599,140489,1,650.2,650.2,Soap,Personal Care,"Biswas, Kapoor and Patel"
8337599633,707935,3,820.9,2462.7,Cat Food,Pet Care,"Anne, Mammen and Khatri"
8611745429,146840,2,786.85,1573.7,Bread,Dairy & Breakfast,"Bains, Deol and Vaidya"
2990223879,373536,2,494.17,988.34,Dog Food,Pet Care,Chauhan-Sabharwal
52324496,888807,2,230.58,461.16,Bread,Dairy & Breakfast,Arya Group
6594929133,812607,1,416.65,416.65,Potatoes,Fruits & Vegetables,Rege Group
2480235830,63769,3,878.07,2634.21,Lotion,Personal Care,Dalal-Shan
9667072962,945635,1,778.9,778.9,Pulses,Grocery & Staples,Balasubramanian PLC
277700053,552496,2,508,1016,Dish Soap,Household Care,Dhar PLC
5691623788,41853,1,910.44,910.44,Curd,Dairy & Breakfast,Handa PLC
6845696161,194682,2,912.29,1824.58,Iced Tea,Cold Drinks & Juices,Sastry-Issac
4098488449,444361,3,822.63,2467.89,Pain Reliever,Pharmacy,"Prakash, Bawa and Kale"
5653623743,659290,3,319.34,958.02,Cheese,Dairy & Breakfast,Kapadia-D’Alia
6416399784,52729,1,316.02,316.02,Cat Food,Pet Care,Saini LLC
4365565386,490602,2,549.47,1098.94,Sugar,Grocery & Staples,Raghavan Inc
6423269418,890232,1,432,432,Mango Drink,Cold Drinks & Juices,Jha Group
1020534590,953175,3,225.21,675.63,Baby Food,Baby Care,Sehgal-Nagarajan
4015289878,692985,1,197.39,197.39,Pulses,Grocery & Staples,"Wable, Sankaran and Hari"
9959668334,361361,3,826.21,2478.63,Biscuits,Snacks & Munchies,"Kunda, Dave and Sahni"
8054387790,41853,1,910.44,910.44,Curd,Dairy & Breakfast,Handa PLC
4795344310,747801,3,277.76,833.28,Toilet Cleaner,Household Care,Saha-Vora
2205862234,891833,2,493.19,986.38,Curd,Dairy & Breakfast,Mani PLC
4686249863,319388,2,657.8,1315.6,Orange Juice,Cold Drinks & Juices,D’Alia-Dey
1270524770,679321,1,738.46,738.46,Cola,Cold Drinks & Juices,Khurana-Dewan
5743550453,679284,2,877.89,1755.78,Cough Syrup,Pharmacy,Pant LLC
5309699078,51036,1,931.61,931.61,Baby Food,Baby Care,Karnik PLC
7565768030,833557,3,422.87,1268.61,Cereal,Dairy & Breakfast,"Gole, Chand and Dada"
3210260715,63769,1,878.07,878.07,Lotion,Personal Care,Dalal-Shan
6657245289,679284,1,877.89,877.89,Cough Syrup,Pharmacy,Pant LLC
7854526965,658389,2,152.55,305.1,Popcorn,Snacks & Munchies,"Chanda, Som and Vohra"
2770948451,107548,1,891.6,891.6,Cola,Cold Drinks & Juices,"Bhandari, Bhasin and Palan"
624070426,951463,1,787.4,787.4,Pet Treats,Pet Care,Balakrishnan-Kaur
891583492,492958,2,84.2,168.4,Lotion,Personal Care,Acharya PLC
5811206654,818990,2,163.55,327.1,Tomatoes,Fruits & Vegetables,Dugar Group
809894905,537274,2,702.71,1405.42,Pet Treats,Pet Care,Lal-Chauhan
8209000496,661577,1,720.95,720.95,Cat Food,Pet Care,Majumdar PLC
4901288364,970529,3,827.44,2482.32,Diapers,Baby Care,"Kurian, Patla and Sanghvi"
5890338566,690565,2,951.27,1902.54,Cookies,Snacks & Munchies,"Roy, Seth and Patla"
2745295248,760828,1,563.45,563.45,Pet Treats,Pet Care,"Khurana, Khosla and Yohannan"
5708700204,274207,2,328.51,657.02,Cough Syrup,Pharmacy,"Savant, Batta and Mander"
8643851643,799952,2,922.64,1845.28,Cheese,Dairy & Breakfast,Padmanabhan-Virk
4525287277,305754,1,979.99,979.99,Frozen Vegetables,Instant & Frozen Food,Mammen-Hegde
6154459753,949818,3,483.05,1449.15,Biscuits,Snacks & Munchies,Yohannan Inc
2587790388,11422,3,127.16,381.48,Potatoes,Fruits & Vegetables,Ramaswamy-Tata
2665891587,767398,2,22.14,44.28,Dish Soap,Household Care,"Arya, Sundaram and Pingle"
6996561687,968887,2,40.7,81.4,Dish Soap,Household Care,Keer-Gill
961607638,954722,2,616.45,1232.9,Ice Cream,Instant & Frozen Food,Mohan-Virk
4385491839,146840,3,786.85,2360.55,Bread,Dairy & Breakfast,"Bains, Deol and Vaidya"
1279200190,291238,1,746.03,746.03,Chocolates,Snacks & Munchies,"Sinha, Pau and Chhabra"
9668698616,962054,1,16.86,16.86,Orange Juice,Cold Drinks & Juices,Toor-Nagar
4813038298,500739,3,359.98,1079.94,Bread,Dairy & Breakfast,Aggarwal Group
2030125421,222892,3,869.22,2607.66,Tomatoes,Fruits & Vegetables,Ramakrishnan-Ghose
6997235339,820541,1,576.22,576.22,Toilet Cleaner,Household Care,"Borde, Peri and Upadhyay"
7438342576,336847,2,936.98,1873.96,Toilet Cleaner,Household Care,"Dayal, Mammen and More"
9958423263,455755,2,44.09,88.18,Detergent,Household Care,Mangal-Sathe
3416693628,324809,3,608,1824,Bread,Dairy & Breakfast,Sidhu PLC
3440579647,222892,1,869.22,869.22,Tomatoes,Fruits & Vegetables,Ramakrishnan-Ghose
5307231496,799688,2,309.62,619.24,Lotion,Personal Care,Arora LLC
4779055734,818522,3,96.09,288.27,Cheese,Dairy & Breakfast,Hora-Roy
3834705841,432617,1,863.18,863.18,Baby Wipes,Baby Care,Dora-Pillai
9080324081,256783,3,906.54,2719.62,Pet Treats,Pet Care,"Basu, Thakur and Rege"
2500757555,284460,3,505.95,1517.85,Potatoes,Fruits & Vegetables,"Ramakrishnan, Anand and Khare"
1292986566,615545,2,448.16,896.32,Soap,Personal Care,Barman Inc
6602362287,642612,2,517.03,1034.06,Pet Treats,Pet Care,Pillay-Ahuja
184844043,349294,3,934.75,2804.25,Onions,Fruits & Vegetables,Ganesan Ltd
936587253,462526,2,449.97,899.94,Curd,Dairy & Breakfast,Pau and Sons
2834429147,700048,3,141.28,423.84,Dish Soap,Household Care,Khalsa-Bhavsar
114306835,448752,3,160.07,480.21,Toilet Cleaner,Household Care,Batta-Doctor
1675849477,679321,2,738.46,1476.92,Cola,Cold Drinks & Juices,Khurana-Dewan
5191052705,433521,3,321.33,963.99,Diapers,Baby Care,Mahal Group
7068834722,654623,3,422.14,1266.42,Chips,Snacks & Munchies,Pradhan and Sons
5051330893,425341,1,486.28,486.28,Pet Treats,Pet Care,"Mani, Dhar and Muni"
6065496420,500633,1,154.5,154.5,Cereal,Dairy & Breakfast,Trivedi-Ahluwalia
7574848635,4452,3,169.88,509.64,Baby Wipes,Baby Care,Morar-Mistry
8793868975,60619,3,726.41,2179.23,Iced Tea,Cold Drinks & Juices,Bhasin LLC
5381466176,94225,1,77.11,77.11,Toilet Cleaner,Household Care,"Gulati, Ram and Sarkar"
7709366480,228286,2,179.08,358.16,Cola,Cold Drinks & Juices,Bhattacharyya PLC
4936667930,131136,1,37.8,37.8,Salt,Grocery & Staples,Deshpande-Rama
6860925755,451812,1,530.85,530.85,Pain Reliever,Pharmacy,"Batra, Sant and Mandal"
5486433396,891833,2,493.19,986.38,Curd,Dairy & Breakfast,Mani PLC
7089292009,613942,1,545,545,Pet Treats,Pet Care,"Dyal, Saraf and Goel"
5350760367,734789,1,395.82,395.82,Popcorn,Snacks & Munchies,"Chaudhari, Pant and Singh"
5581769906,500739,1,359.98,359.98,Bread,Dairy & Breakfast,Aggarwal Group
6256637306,677169,3,261.03,783.09,Cough Syrup,Pharmacy,Char-Divan
2999946056,673058,1,765.76,765.76,Cough Syrup,Pharmacy,Balan-Madan
5218488175,183929,2,738.74,1477.48,Bread,Dairy & Breakfast,"Nagi, Sampath and Khurana"
8297436592,52729,3,316.02,948.06,Cat Food,Pet Care,Saini LLC
1806118907,500739,2,359.98,719.96,Bread,Dairy & Breakfast,Aggarwal Group
6999224625,689769,3,46.62,139.86,Frozen Vegetables,Instant & Frozen Food,Kothari-Datta
1809997641,82484,3,914.88,2744.64,Baby Food,Baby Care,Mallick PLC
7528090614,324809,2,608,1216,Bread,Dairy & Breakfast,Sidhu PLC
4884904912,382511,2,702.54,1405.08,Butter,Dairy & Breakfast,Bora-Thakkar
9811235698,837480,1,217.4,217.4,Cough Syrup,Pharmacy,Edwin and Sons
5616653529,329351,2,310.87,621.74,Cheese,Dairy & Breakfast,"Lala, Kalita and Sathe"
7188183056,455755,3,44.09,132.27,Detergent,Household Care,Mangal-Sathe
7898301143,707935,3,820.9,2462.7,Cat Food,Pet Care,"Anne, Mammen and Khatri"
5222677885,256051,2,400.92,801.84,Lotion,Personal Care,"Mannan, Naidu and Sama"
8544952346,853932,3,941.19,2823.57,Baby Wipes,Baby Care,Ranganathan-Peri
9403371764,9436,3,88.43,265.29,Toothpaste,Personal Care,Naidu PLC
3956205476,36412,3,397.68,1193.04,Dish Soap,Household Care,Muni-Shankar
5678362658,67197,3,552.2,1656.6,Butter,Dairy & Breakfast,Shetty-Bora
8131610255,692985,1,197.39,197.39,Pulses,Grocery & Staples,"Wable, Sankaran and Hari"
4722653990,990993,2,263.7,527.4,Chocolates,Snacks & Munchies,Guha-Subramaniam
6613853662,183929,1,738.74,738.74,Bread,Dairy & Breakfast,"Nagi, Sampath and Khurana"
8274987671,140489,1,650.2,650.2,Soap,Personal Care,"Biswas, Kapoor and Patel"
5519983123,449106,1,48.55,48.55,Soap,Personal Care,"Shere, Thakur and Naik"
2746329488,171602,2,883.44,1766.88,Cola,Cold Drinks & Juices,Pal-Sehgal
6443285614,723678,3,675.46,2026.38,Dog Food,Pet Care,"Lall, Datta and Swamy"
6932426427,832348,1,831.43,831.43,Biscuits,Snacks & Munchies,Jani-Ram
1796512004,462526,1,449.97,449.97,Curd,Dairy & Breakfast,Pau and Sons
1464518253,540618,1,317.05,317.05,Popcorn,Snacks & Munchies,Golla-Luthra
3585105627,753354,1,423.56,423.56,Shampoo,Personal Care,Sant-Mahajan
5387247994,217710,1,58.59,58.59,Eggs,Dairy & Breakfast,Rout-Sarna
7568171531,561860,2,874.78,1749.56,Orange Juice,Cold Drinks & Juices,Gupta Ltd
4111193446,133542,3,68.49,205.47,Detergent,Household Care,Edwin-Lall
8683154153,818522,2,96.09,192.18,Cheese,Dairy & Breakfast,Hora-Roy
5712367183,329351,3,310.87,932.61,Cheese,Dairy & Breakfast,"Lala, Kalita and Sathe"
3952854723,700048,2,141.28,282.56,Dish Soap,Household Care,Khalsa-Bhavsar
4631387671,56589,3,517.77,1553.31,Vitamins,Pharmacy,"Pai, Kashyap and Ramachandran"
2145309969,953175,3,225.21,675.63,Baby Food,Baby Care,Sehgal-Nagarajan
4314762741,587645,3,801.81,2405.43,Vitamins,Pharmacy,"Sura, Pillay and Mammen"
7401889152,888807,3,230.58,691.74,Bread,Dairy & Breakfast,Arya Group
1932040824,557908,3,942.37,2827.11,Vitamins,Pharmacy,Sundaram Inc
9836424713,367391,2,939.55,1879.1,Baby Wipes,Baby Care,Talwar and Sons
9882312203,540618,1,317.05,317.05,Popcorn,Snacks & Munchies,Golla-Luthra
3082649585,747801,3,277.76,833.28,Toilet Cleaner,Household Care,Saha-Vora
6033878151,837480,2,217.4,434.8,Cough Syrup,Pharmacy,Edwin and Sons
6395547592,319388,2,657.8,1315.6,Orange Juice,Cold Drinks & Juices,D’Alia-Dey
372962997,684939,1,727.95,727.95,Lotion,Personal Care,"Sibal, Bhatnagar and Rajan"
2988215377,274207,1,328.51,328.51,Cough Syrup,Pharmacy,"Savant, Batta and Mander"
7081583361,243235,1,109.03,109.03,Cat Food,Pet Care,Batta Inc
1860491452,63769,3,878.07,2634.21,Lotion,Personal Care,Dalal-Shan
7499656197,897083,2,972.69,1945.38,Detergent,Household Care,Dutta-Halder
4507112412,903336,2,551.88,1103.76,Pulses,Grocery & Staples,"Vaidya, Amble and Palla"
9214595868,56589,2,517.77,1035.54,Vitamins,Pharmacy,"Pai, Kashyap and Ramachandran"
253430904,14145,2,630.84,1261.68,Spinach,Fruits & Vegetables,"Thakur, Shah and Pingle"
5574588218,196719,1,217.5,217.5,Bananas,Fruits & Vegetables,Yogi Group
2817281674,91670,3,439.24,1317.72,Dish Soap,Household Care,Barman-Ahluwalia
4932779616,487065,2,374.68,749.36,Chips,Snacks & Munchies,Kadakia-Yadav
7932879650,621677,3,317.8,953.4,Frozen Biryani,Instant & Frozen Food,Sabharwal-Mital
997698125,876139,1,415.75,415.75,Pulses,Grocery & Staples,Cherian-Dara
2403547563,77308,3,223.27,669.81,Onions,Fruits & Vegetables,Ratta-Sagar
8875483494,578097,2,267.61,535.22,Nuts,Snacks & Munchies,Jha Group
883548284,689769,3,46.62,139.86,Frozen Vegetables,Instant & Frozen Food,Kothari-Datta
2364229435,478531,3,825.46,2476.38,Carrots,Fruits & Vegetables,Uppal Group
6845869445,925482,2,475.04,950.08,Frozen Biryani,Instant & Frozen Food,Viswanathan-Sha
397818832,692985,3,197.39,592.17,Pulses,Grocery & Staples,"Wable, Sankaran and Hari"
304166272,913428,3,392.22,1176.66,Pet Treats,Pet Care,Narayanan-Kumar
1575626085,863930,1,242.57,242.57,Shampoo,Personal Care,"Sathe, Agarwal and Dhar"
3945644714,654623,2,422.14,844.28,Chips,Snacks & Munchies,Pradhan and Sons
8370213291,397973,3,728.73,2186.19,Bananas,Fruits & Vegetables,"Wable, Randhawa and Mutti"
2185375786,337168,2,545.49,1090.98,Eggs,Dairy & Breakfast,Dasgupta PLC
1828975788,667163,1,441.2,441.2,Orange Juice,Cold Drinks & Juices,Palla LLC
4319450104,354409,1,325.08,325.08,Pulses,Grocery & Staples,Bose-Pandit
5059765199,564692,1,215.65,215.65,Cat Food,Pet Care,"Krishna, Bail and Dyal"
5360089735,925482,3,475.04,1425.12,Frozen Biryani,Instant & Frozen Food,Viswanathan-Sha
8008211695,623234,3,329.79,989.37,Frozen Biryani,Instant & Frozen Food,Chakrabarti-Batra
4400031082,500739,1,359.98,359.98,Bread,Dairy & Breakfast,Aggarwal Group
9582738204,604184,1,397.55,397.55,Toilet Cleaner,Household Care,"Gaba, Sodhi and Choudhary"
1368450162,525531,3,831.1,2493.3,Dog Food,Pet Care,Sandal PLC
56705032,692985,2,197.39,394.78,Pulses,Grocery & Staples,"Wable, Sankaran and Hari"
2407168640,34186,2,925.65,1851.3,Mangoes,Fruits & Vegetables,Mandal-Kar
530588807,954722,1,616.45,616.45,Ice Cream,Instant & Frozen Food,Mohan-Virk
9975541696,784827,1,274.25,274.25,Baby Wipes,Baby Care,Balakrishnan Ltd
8602707005,883013,2,989.88,1979.76,Eggs,Dairy & Breakfast,Chahal Group
2382595056,753354,3,423.56,1270.68,Shampoo,Personal Care,Sant-Mahajan
8056162498,317242,3,198.15,594.45,Pulses,Grocery & Staples,Rastogi Group
4593039089,490939,2,80.25,160.5,Lotion,Personal Care,"Roy, Barad and De"
7311288658,398340,2,651.93,1303.86,Instant Noodles,Instant & Frozen Food,"Nadig, Zachariah and Soni"
9157217130,306177,2,769.24,1538.48,Frozen Biryani,Instant & Frozen Food,Som Inc
9328094731,500739,2,359.98,719.96,Bread,Dairy & Breakfast,Aggarwal Group
3259266120,644847,1,622.81,622.81,Salt,Grocery & Staples,"Jhaveri, Kata and Kapur"
4656541041,592784,2,280.35,560.7,Biscuits,Snacks & Munchies,"Andra, Mander and Kari"
730839483,123983,1,785.67,785.67,Cough Syrup,Pharmacy,Kurian-Chhabra
6185824257,337168,3,545.49,1636.47,Eggs,Dairy & Breakfast,Dasgupta PLC
225195662,658389,2,152.55,305.1,Popcorn,Snacks & Munchies,"Chanda, Som and Vohra"
6771104541,833557,2,422.87,845.74,Cereal,Dairy & Breakfast,"Gole, Chand and Dada"
6146830622,435929,3,856.89,2570.67,Toilet Cleaner,Household Care,Memon Ltd
1380326453,14145,2,630.84,1261.68,Spinach,Fruits & Vegetables,"Thakur, Shah and Pingle"
728523620,687218,3,317.82,953.46,Mango Drink,Cold Drinks & Juices,"Sankaran, Pall and Gola"
27296314,313754,2,136.6,273.2,Biscuits,Snacks & Munchies,"Swaminathan, Mahal and Dara"
2608278705,237083,3,577.13,1731.39,Cough Syrup,Pharmacy,Hayer-Banerjee
6786366774,53833,3,134.69,404.07,Rice,Grocery & Staples,Tella-Master
5572475750,397973,3,728.73,2186.19,Bananas,Fruits & Vegetables,"Wable, Randhawa and Mutti"
8276417383,462526,1,449.97,449.97,Curd,Dairy & Breakfast,Pau and Sons
784435014,478531,1,825.46,825.46,Carrots,Fruits & Vegetables,Uppal Group
9442274046,969851,2,340.66,681.32,Frozen Vegetables,Instant & Frozen Food,"Kara, Sodhi and Bassi"
2470025903,839170,2,481.63,963.26,Curd,Dairy & Breakfast,Shetty and Sons
6774241153,707935,2,820.9,1641.8,Cat Food,Pet Care,"Anne, Mammen and Khatri"
3874644184,853932,3,941.19,2823.57,Baby Wipes,Baby Care,Ranganathan-Peri
8078065454,679865,3,347.91,1043.73,Wheat Flour,Grocery & Staples,Memon-Barad
340113260,621677,1,317.8,317.8,Frozen Biryani,Instant & Frozen Food,Sabharwal-Mital
2978839318,435929,2,856.89,1713.78,Toilet Cleaner,Household Care,Memon Ltd
3896922017,677542,3,212.61,637.83,Toilet Cleaner,Household Care,Thaman-Lanka
7621954956,298985,1,183.76,183.76,Vitamins,Pharmacy,"Ramanathan, Joshi and Srinivasan"
581178324,578097,2,267.61,535.22,Nuts,Snacks & Munchies,Jha Group
8469170680,240179,1,90.56,90.56,Cough Syrup,Pharmacy,Ram-Suri
6779626333,871592,2,870.29,1740.58,Carrots,Fruits & Vegetables,"Shankar, Nadkarni and Kumer"
6335704206,592784,1,280.35,280.35,Biscuits,Snacks & Munchies,"Andra, Mander and Kari"
8314342490,440875,2,275.03,550.06,Baby Wipes,Baby Care,Loyal Inc
1948795658,186168,1,878.8,878.8,Dog Food,Pet Care,"Parekh, Lad and Kadakia"
9187864807,871592,1,870.29,870.29,Carrots,Fruits & Vegetables,"Shankar, Nadkarni and Kumer"
8399666962,287070,3,443.17,1329.51,Wheat Flour,Grocery & Staples,"Gala, Magar and Rajagopal"
6196321055,767398,2,22.14,44.28,Dish Soap,Household Care,"Arya, Sundaram and Pingle"
8128518434,449106,2,48.55,97.1,Soap,Personal Care,"Shere, Thakur and Naik"
9854897999,991434,2,237.62,475.24,Cookies,Snacks & Munchies,Mital-Oza
2603584546,366066,3,918.58,2755.74,Soap,Personal Care,Mandal LLC
1295119665,378676,2,881.42,1762.84,Orange Juice,Cold Drinks & Juices,Baral-Kamdar
599975885,473647,3,43.05,129.15,Toothpaste,Personal Care,Ben-Ravi
5834861324,89084,3,598.83,1796.49,Milk,Dairy & Breakfast,"Wali, Virk and Iyer"
2032005162,883013,2,989.88,1979.76,Eggs,Dairy & Breakfast,Chahal Group
8391900458,704868,1,193.46,193.46,Detergent,Household Care,"Parikh, Oak and Kara"
1887687323,490602,1,549.47,549.47,Sugar,Grocery & Staples,Raghavan Inc
2120411967,34200,3,319.8,959.4,Lotion,Personal Care,Munshi-Grewal
3158340906,398340,1,651.93,651.93,Instant Noodles,Instant & Frozen Food,"Nadig, Zachariah and Soni"
2387343456,820541,2,576.22,1152.44,Toilet Cleaner,Household Care,"Borde, Peri and Upadhyay"
338609144,349294,3,934.75,2804.25,Onions,Fruits & Vegetables,Ganesan Ltd
9056190831,890232,3,432,1296,Mango Drink,Cold Drinks & Juices,Jha Group
2803081135,385113,2,816.38,1632.76,Lotion,Personal Care,"Sampath, Mane and Mody"
5970759669,194682,1,912.29,912.29,Iced Tea,Cold Drinks & Juices,Sastry-Issac
3226693729,444361,3,822.63,2467.89,Pain Reliever,Pharmacy,"Prakash, Bawa and Kale"
8132845656,965755,3,532.57,1597.71,Bananas,Fruits & Vegetables,"Doshi, Sarraf and Sama"
7850550725,317242,3,198.15,594.45,Pulses,Grocery & Staples,Rastogi Group
2934547619,567671,1,418.48,418.48,Biscuits,Snacks & Munchies,Nagar LLC
608179182,298985,3,183.76,551.28,Vitamins,Pharmacy,"Ramanathan, Joshi and Srinivasan"
5191326847,621677,3,317.8,953.4,Frozen Biryani,Instant & Frozen Food,Sabharwal-Mital
7614561036,739448,1,755.66,755.66,Dish Soap,Household Care,Mand-Choudhry
2947791133,837480,2,217.4,434.8,Cough Syrup,Pharmacy,Edwin and Sons
6538760883,133542,1,68.49,68.49,Detergent,Household Care,Edwin-Lall
8872250952,94225,3,77.11,231.33,Toilet Cleaner,Household Care,"Gulati, Ram and Sarkar"
8173258734,712003,1,671.68,671.68,Cola,Cold Drinks & Juices,"Karan, Bandi and Acharya"
5465833352,243235,3,109.03,327.09,Cat Food,Pet Care,Batta Inc
2106569369,853932,2,941.19,1882.38,Baby Wipes,Baby Care,Ranganathan-Peri
9039440500,228286,3,179.08,537.24,Cola,Cold Drinks & Juices,Bhattacharyya PLC
8281482042,313754,3,136.6,409.8,Biscuits,Snacks & Munchies,"Swaminathan, Mahal and Dara"
479528548,564692,3,215.65,646.95,Cat Food,Pet Care,"Krishna, Bail and Dyal"
8087519921,500739,2,359.98,719.96,Bread,Dairy & Breakfast,Aggarwal Group
4869691623,913428,3,392.22,1176.66,Pet Treats,Pet Care,Narayanan-Kumar
7155177625,952168,3,236.95,710.85,Popcorn,Snacks & Munchies,"Krishnamurthy, Sibal and Das"
7254499390,146840,1,786.85,786.85,Bread,Dairy & Breakfast,"Bains, Deol and Vaidya"
7394439260,376447,3,724.84,2174.52,Butter,Dairy & Breakfast,Gara and Sons
6581715589,661577,2,720.95,1441.9,Cat Food,Pet Care,Majumdar PLC
9457009010,712003,3,671.68,2015.04,Cola,Cold Drinks & Juices,"Karan, Bandi and Acharya"
2859660695,672059,2,672.73,1345.46,Toothpaste,Personal Care,Kaur-Gola
6392348668,473647,2,43.05,86.1,Toothpaste,Personal Care,Ben-Ravi
6933011590,839170,1,481.63,481.63,Curd,Dairy & Breakfast,Shetty and Sons
5809441378,990993,3,263.7,791.1,Chocolates,Snacks & Munchies,Guha-Subramaniam
411113020,217710,1,58.59,58.59,Eggs,Dairy & Breakfast,Rout-Sarna
5512796364,661577,3,720.95,2162.85,Cat Food,Pet Care,Majumdar PLC
2610813239,690565,3,951.27,2853.81,Cookies,Snacks & Munchies,"Roy, Seth and Patla"
3236748462,305754,3,979.99,2939.97,Frozen Vegetables,Instant & Frozen Food,Mammen-Hegde
6652395897,56589,1,517.77,517.77,Vitamins,Pharmacy,"Pai, Kashyap and Ramachandran"
5517901926,803607,3,949.73,2849.19,Soap,Personal Care,"Kadakia, Mohan and Sathe"
2174753933,120532,1,697.53,697.53,Wheat Flour,Grocery & Staples,Nazareth Ltd
1525700767,890232,2,432,864,Mango Drink,Cold Drinks & Juices,Jha Group
7232692149,681063,2,321.28,642.56,Mango Drink,Cold Drinks & Juices,Dass and Sons
8556607504,194682,1,912.29,912.29,Iced Tea,Cold Drinks & Juices,Sastry-Issac
5841260317,478531,1,825.46,825.46,Carrots,Fruits & Vegetables,Uppal Group
9471427840,378230,3,166.42,499.26,Nuts,Snacks & Munchies,Kala-Vig
2070610257,652118,2,22.04,44.08,Frozen Biryani,Instant & Frozen Food,Agate and Sons
1884811437,762527,2,690.08,1380.16,Biscuits,Snacks & Munchies,"Chad, Yohannan and Chopra"
5331747573,4452,2,169.88,339.76,Baby Wipes,Baby Care,Morar-Mistry
9977285985,425341,3,486.28,1458.84,Pet Treats,Pet Care,"Mani, Dhar and Muni"
1715175070,291238,3,746.03,2238.09,Chocolates,Snacks & Munchies,"Sinha, Pau and Chhabra"
4117790162,91670,3,439.24,1317.72,Dish Soap,Household Care,Barman-Ahluwalia
9051644316,914071,3,296.94,890.82,Chips,Snacks & Munchies,Datta Ltd
4903335316,34186,2,925.65,1851.3,Mangoes,Fruits & Vegetables,Mandal-Kar
3341481363,435929,1,856.89,856.89,Toilet Cleaner,Household Care,Memon Ltd
4074537770,361361,3,826.21,2478.63,Biscuits,Snacks & Munchies,"Kunda, Dave and Sahni"
5374589112,540618,2,317.05,634.1,Popcorn,Snacks & Munchies,Golla-Luthra
6401406847,894539,3,445.48,1336.44,Dish Soap,Household Care,"Pall, Sule and Sood"
698439139,677169,1,261.03,261.03,Cough Syrup,Pharmacy,Char-Divan
881367843,34200,2,319.8,639.6,Lotion,Personal Care,Munshi-Grewal
6438115781,563740,2,96.33,192.66,Chips,Snacks & Munchies,Mann-Kapadia
1706198744,444361,2,822.63,1645.26,Pain Reliever,Pharmacy,"Prakash, Bawa and Kale"
3115167739,36412,1,397.68,397.68,Dish Soap,Household Care,Muni-Shankar
8608111158,652118,1,22.04,22.04,Frozen Biryani,Instant & Frozen Food,Agate and Sons
8167540645,832348,2,831.43,1662.86,Biscuits,Snacks & Munchies,Jani-Ram
898210033,490939,3,80.25,240.75,Lotion,Personal Care,"Roy, Barad and De"
5415454466,897083,2,972.69,1945.38,Detergent,Household Care,Dutta-Halder
9240312177,34186,3,925.65,2776.95,Mangoes,Fruits & Vegetables,Mandal-Kar
4880265969,382511,2,702.54,1405.08,Butter,Dairy & Breakfast,Bora-Thakkar
5056583192,945635,1,778.9,778.9,Pulses,Grocery & Staples,Balasubramanian PLC
1921412688,222892,2,869.22,1738.44,Tomatoes,Fruits & Vegetables,Ramakrishnan-Ghose
5829741995,673058,3,765.76,2297.28,Cough Syrup,Pharmacy,Balan-Madan
9830742370,679284,1,877.89,877.89,Cough Syrup,Pharmacy,Pant LLC
509041342,679321,1,738.46,738.46,Cola,Cold Drinks & Juices,Khurana-Dewan
8420144998,799688,1,309.62,309.62,Lotion,Personal Care,Arora LLC
7353766541,385113,1,816.38,816.38,Lotion,Personal Care,"Sampath, Mane and Mody"
8617979440,552496,1,508,508,Dish Soap,Household Care,Dhar PLC
680476823,183929,3,738.74,2216.22,Bread,Dairy & Breakfast,"Nagi, Sampath and Khurana"
5424536852,123983,2,785.67,1571.34,Cough Syrup,Pharmacy,Kurian-Chhabra
1142004448,567671,1,418.48,418.48,Biscuits,Snacks & Munchies,Nagar LLC
1814491335,34186,2,925.65,1851.3,Mangoes,Fruits & Vegetables,Mandal-Kar
445929405,798639,1,211.25,211.25,Eggs,Dairy & Breakfast,Subramaniam LLC
3849003596,677169,3,261.03,783.09,Cough Syrup,Pharmacy,Char-Divan
6367757670,681063,1,321.28,321.28,Mango Drink,Cold Drinks & Juices,Dass and Sons
4925321106,820541,3,576.22,1728.66,Toilet Cleaner,Household Care,"Borde, Peri and Upadhyay"
4463294381,654297,1,13.25,13.25,Potatoes,Fruits & Vegetables,Chandran-Dass
9077946933,487065,2,374.68,749.36,Chips,Snacks & Munchies,Kadakia-Yadav
6688079478,462526,2,449.97,899.94,Curd,Dairy & Breakfast,Pau and Sons
8712304346,537274,1,702.71,702.71,Pet Treats,Pet Care,Lal-Chauhan
3748957111,243235,3,109.03,327.09,Cat Food,Pet Care,Batta Inc
2388792163,513199,2,422.23,844.46,Cola,Cold Drinks & Juices,Rastogi Inc
2583035857,337168,1,545.49,545.49,Eggs,Dairy & Breakfast,Dasgupta PLC
2649487718,557908,2,942.37,1884.74,Vitamins,Pharmacy,Sundaram Inc
5936628691,888807,2,230.58,461.16,Bread,Dairy & Breakfast,Arya Group
7662682121,673058,3,765.76,2297.28,Cough Syrup,Pharmacy,Balan-Madan
736115661,473929,1,440.19,440.19,Carrots,Fruits & Vegetables,"Bhardwaj, Bhatia and Deshmukh"
2448741950,760684,1,71.6,71.6,Rice,Grocery & Staples,Kanda-Gupta
9321629905,186168,1,878.8,878.8,Dog Food,Pet Care,"Parekh, Lad and Kadakia"
9020583379,317242,3,198.15,594.45,Pulses,Grocery & Staples,Rastogi Group
2642275862,757274,3,98.32,294.96,Pet Treats,Pet Care,"Minhas, Kapoor and Sethi"
6932431317,34186,1,925.65,925.65,Mangoes,Fruits & Vegetables,Mandal-Kar
9126871366,154179,3,582.87,1748.61,Pain Reliever,Pharmacy,"Barad, Devi and Andra"
3244572785,563740,1,96.33,96.33,Chips,Snacks & Munchies,Mann-Kapadia
6485432691,60619,3,726.41,2179.23,Iced Tea,Cold Drinks & Juices,Bhasin LLC
6047222755,681063,2,321.28,642.56,Mango Drink,Cold Drinks & Juices,Dass and Sons
6167501412,600767,2,722.42,1444.84,Toothpaste,Personal Care,Balan Group
2052163872,376447,2,724.84,1449.68,Butter,Dairy & Breakfast,Gara and Sons
7740339645,704868,2,193.46,386.92,Detergent,Household Care,"Parikh, Oak and Kara"
2761855959,36412,3,397.68,1193.04,Dish Soap,Household Care,Muni-Shankar
8010347195,451812,2,530.85,1061.7,Pain Reliever,Pharmacy,"Batra, Sant and Mandal"
2384153985,684939,3,727.95,2183.85,Lotion,Personal Care,"Sibal, Bhatnagar and Rajan"
3584794157,951463,2,787.4,1574.8,Pet Treats,Pet Care,Balakrishnan-Kaur
8186709947,449106,3,48.55,145.65,Soap,Personal Care,"Shere, Thakur and Naik"
6027355216,144124,2,162.67,325.34,Detergent,Household Care,Lalla-Srinivasan
9823160533,451812,1,530.85,530.85,Pain Reliever,Pharmacy,"Batra, Sant and Mandal"
8694663463,186168,3,878.8,2636.4,Dog Food,Pet Care,"Parekh, Lad and Kadakia"
1296772969,124290,3,39.65,118.95,Lotion,Personal Care,Sachdev Group
5856838171,652118,3,22.04,66.12,Frozen Biryani,Instant & Frozen Food,Agate and Sons
915473142,891833,1,493.19,493.19,Curd,Dairy & Breakfast,Mani PLC
6992097680,51036,2,931.61,1863.22,Baby Food,Baby Care,Karnik PLC
6870670122,760828,3,563.45,1690.35,Pet Treats,Pet Care,"Khurana, Khosla and Yohannan"
6626994121,144124,2,162.67,325.34,Detergent,Household Care,Lalla-Srinivasan
6125813500,784827,2,274.25,548.5,Baby Wipes,Baby Care,Balakrishnan Ltd
6899859775,606256,2,369.28,738.56,Frozen Biryani,Instant & Frozen Food,Agate Ltd
1825560091,82484,1,914.88,914.88,Baby Food,Baby Care,Mallick PLC
1320638425,490602,2,549.47,1098.94,Sugar,Grocery & Staples,Raghavan Inc
5320995509,140489,2,650.2,1300.4,Soap,Personal Care,"Biswas, Kapoor and Patel"
4249535395,714999,1,882.51,882.51,Bread,Dairy & Breakfast,Kala Group
804881381,382511,2,702.54,1405.08,Butter,Dairy & Breakfast,Bora-Thakkar
4858560187,859361,1,432.39,432.39,Shampoo,Personal Care,Mitter Group
6425666148,6405,3,236.51,709.53,Baby Food,Baby Care,Kashyap-Reddy
9021754099,60619,2,726.41,1452.82,Iced Tea,Cold Drinks & Juices,Bhasin LLC
7728205680,687218,3,317.82,953.46,Mango Drink,Cold Drinks & Juices,"Sankaran, Pall and Gola"
9346166799,120532,3,697.53,2092.59,Wheat Flour,Grocery & Staples,Nazareth Ltd
3377313085,897083,3,972.69,2918.07,Detergent,Household Care,Dutta-Halder
8167716321,52729,2,316.02,632.04,Cat Food,Pet Care,Saini LLC
2024637181,784827,3,274.25,822.75,Baby Wipes,Baby Care,Balakrishnan Ltd
9310630290,563740,3,96.33,288.99,Chips,Snacks & Munchies,Mann-Kapadia
2276505075,449106,1,48.55,48.55,Soap,Personal Care,"Shere, Thakur and Naik"
6615188116,803607,1,949.73,949.73,Soap,Personal Care,"Kadakia, Mohan and Sathe"
6858336318,883013,1,989.88,989.88,Eggs,Dairy & Breakfast,Chahal Group
7601638642,968887,2,40.7,81.4,Dish Soap,Household Care,Keer-Gill
1191565627,820973,3,114.52,343.56,Baby Wipes,Baby Care,Lall LLC
4785021992,721521,1,417.39,417.39,Rice,Grocery & Staples,"Ramanathan, Agarwal and Baria"
3452964753,757274,1,98.32,98.32,Pet Treats,Pet Care,"Minhas, Kapoor and Sethi"
3490919801,537274,1,702.71,702.71,Pet Treats,Pet Care,Lal-Chauhan
105578518,329351,3,310.87,932.61,Cheese,Dairy & Breakfast,"Lala, Kalita and Sathe"
2978719561,144124,3,162.67,488.01,Detergent,Household Care,Lalla-Srinivasan
9979010790,914071,1,296.94,296.94,Chips,Snacks & Munchies,Datta Ltd
4435636116,366066,1,918.58,918.58,Soap,Personal Care,Mandal LLC
5909879259,949818,2,483.05,966.1,Biscuits,Snacks & Munchies,Yohannan Inc
2686390867,903336,2,551.88,1103.76,Pulses,Grocery & Staples,"Vaidya, Amble and Palla"
6698537000,131748,1,81.35,81.35,Dog Food,Pet Care,"Shroff, Wason and Dugar"
4395604675,914071,2,296.94,593.88,Chips,Snacks & Munchies,Datta Ltd
3475041787,712003,1,671.68,671.68,Cola,Cold Drinks & Juices,"Karan, Bandi and Acharya"
5817989751,687218,3,317.82,953.46,Mango Drink,Cold Drinks & Juices,"Sankaran, Pall and Gola"
1433129858,647462,1,326.42,326.42,Lotion,Personal Care,"Balan, Samra and Sekhon"
3571922553,137909,3,864.3,2592.9,Cough Syrup,Pharmacy,Dalal PLC
7940229189,52729,1,316.02,316.02,Cat Food,Pet Care,Saini LLC
3801240688,313754,3,136.6,409.8,Biscuits,Snacks & Munchies,"Swaminathan, Mahal and Dara"
1295268290,952124,1,127.08,127.08,Onions,Fruits & Vegetables,"Wali, Sood and Bala"
4552636670,120385,3,597.91,1793.73,Pet Treats,Pet Care,Dubey-Sarin
6805071689,82484,3,914.88,2744.64,Baby Food,Baby Care,Mallick PLC
8026827967,9436,1,88.43,88.43,Toothpaste,Personal Care,Naidu PLC
6417774057,739534,3,994.56,2983.68,Toilet Cleaner,Household Care,"Gera, Narang and Karpe"
7877665931,354409,3,325.08,975.24,Pulses,Grocery & Staples,Bose-Pandit
7754237266,51036,2,931.61,1863.22,Baby Food,Baby Care,Karnik PLC
7985418058,760684,2,71.6,143.2,Rice,Grocery & Staples,Kanda-Gupta
5287733777,667163,3,441.2,1323.6,Orange Juice,Cold Drinks & Juices,Palla LLC
7112725384,319388,1,657.8,657.8,Orange Juice,Cold Drinks & Juices,D’Alia-Dey
6261926473,455083,2,959.01,1918.02,Butter,Dairy & Breakfast,Dutta Inc
1495465938,913428,2,392.22,784.44,Pet Treats,Pet Care,Narayanan-Kumar
7891205593,490939,2,80.25,160.5,Lotion,Personal Care,"Roy, Barad and De"
924888012,39154,2,946.86,1893.72,Mangoes,Fruits & Vegetables,"Suresh, Bose and Bajwa"
943278538,812607,2,416.65,833.3,Potatoes,Fruits & Vegetables,Rege Group
9981950902,284460,1,505.95,505.95,Potatoes,Fruits & Vegetables,"Ramakrishnan, Anand and Khare"
7769253886,760828,1,563.45,563.45,Pet Treats,Pet Care,"Khurana, Khosla and Yohannan"
9350977708,739448,2,755.66,1511.32,Dish Soap,Household Care,Mand-Choudhry
4525211942,490939,1,80.25,80.25,Lotion,Personal Care,"Roy, Barad and De"
7232049635,300159,2,44.35,88.7,Cola,Cold Drinks & Juices,"Basu, Rout and Mistry"
679546532,136533,2,826.21,1652.42,Eggs,Dairy & Breakfast,"Raghavan, Magar and Shanker"
4665187954,337168,1,545.49,545.49,Eggs,Dairy & Breakfast,Dasgupta PLC
3914760118,153019,1,947.95,947.95,Onions,Fruits & Vegetables,Aurora LLC
155568486,807452,1,144.19,144.19,Pulses,Grocery & Staples,Naik Ltd
3773972929,669378,1,212.14,212.14,Potatoes,Fruits & Vegetables,Chadha and Sons
2168808412,378287,2,332.84,665.68,Lemonade,Cold Drinks & Juices,Ramesh-Jain
7697315553,692985,1,197.39,197.39,Pulses,Grocery & Staples,"Wable, Sankaran and Hari"
804414742,707935,3,820.9,2462.7,Cat Food,Pet Care,"Anne, Mammen and Khatri"
918328199,970529,2,827.44,1654.88,Diapers,Baby Care,"Kurian, Patla and Sanghvi"
3084493525,219598,1,367.08,367.08,Shampoo,Personal Care,Arora-Magar
8047256000,721521,1,417.39,417.39,Rice,Grocery & Staples,"Ramanathan, Agarwal and Baria"
5176597414,6405,2,236.51,473.02,Baby Food,Baby Care,Kashyap-Reddy
110303417,654623,3,422.14,1266.42,Chips,Snacks & Munchies,Pradhan and Sons
1809212176,818522,2,96.09,192.18,Cheese,Dairy & Breakfast,Hora-Roy
1765001264,654623,1,422.14,422.14,Chips,Snacks & Munchies,Pradhan and Sons
4220306391,537274,1,702.71,702.71,Pet Treats,Pet Care,Lal-Chauhan
1275637731,137909,1,864.3,864.3,Cough Syrup,Pharmacy,Dalal PLC
7729557529,961614,1,227.22,227.22,Chocolates,Snacks & Munchies,Goda Inc
9279017414,131937,1,287.81,287.81,Frozen Pizza,Instant & Frozen Food,"Varkey, Devi and Ganguly"
8726185624,712003,2,671.68,1343.36,Cola,Cold Drinks & Juices,"Karan, Bandi and Acharya"
3192177869,677542,3,212.61,637.83,Toilet Cleaner,Household Care,Thaman-Lanka
5033541164,969851,3,340.66,1021.98,Frozen Vegetables,Instant & Frozen Food,"Kara, Sodhi and Bassi"
4495977117,378287,2,332.84,665.68,Lemonade,Cold Drinks & Juices,Ramesh-Jain
8866977450,564692,1,215.65,215.65,Cat Food,Pet Care,"Krishna, Bail and Dyal"
7542030170,77308,3,223.27,669.81,Onions,Fruits & Vegetables,Ratta-Sagar
8782031586,820541,3,576.22,1728.66,Toilet Cleaner,Household Care,"Borde, Peri and Upadhyay"
7177553918,425341,1,486.28,486.28,Pet Treats,Pet Care,"Mani, Dhar and Muni"
9157563215,77308,1,223.27,223.27,Onions,Fruits & Vegetables,Ratta-Sagar
989452284,51036,2,931.61,1863.22,Baby Food,Baby Care,Karnik PLC
9972678893,305754,2,979.99,1959.98,Frozen Vegetables,Instant & Frozen Food,Mammen-Hegde
8561203503,937542,1,97.04,97.04,Wheat Flour,Grocery & Staples,Khurana and Sons
1388300707,848226,2,209.59,419.18,Tomatoes,Fruits & Vegetables,Barad and Sons
4054816025,876139,3,415.75,1247.25,Pulses,Grocery & Staples,Cherian-Dara
9943206333,378287,2,332.84,665.68,Lemonade,Cold Drinks & Juices,Ramesh-Jain
3948498236,136533,2,826.21,1652.42,Eggs,Dairy & Breakfast,"Raghavan, Magar and Shanker"
8096169523,739448,3,755.66,2266.98,Dish Soap,Household Care,Mand-Choudhry
8803091944,697683,2,123.74,247.48,Toilet Cleaner,Household Care,"Murty, Varghese and Saxena"
7409519974,679284,2,877.89,1755.78,Cough Syrup,Pharmacy,Pant LLC
456278500,525531,1,831.1,831.1,Dog Food,Pet Care,Sandal PLC
9912965340,153019,1,947.95,947.95,Onions,Fruits & Vegetables,Aurora LLC
2802653261,455083,3,959.01,2877.03,Butter,Dairy & Breakfast,Dutta Inc
8629948751,901144,1,340.36,340.36,Sugar,Grocery & Staples,Deo-Kamdar
9169008097,196719,1,217.5,217.5,Bananas,Fruits & Vegetables,Yogi Group
3186513319,492958,1,84.2,84.2,Lotion,Personal Care,Acharya PLC
8837578937,33797,1,888.12,888.12,Pain Reliever,Pharmacy,Gaba LLC
1468095888,455083,1,959.01,959.01,Butter,Dairy & Breakfast,Dutta Inc
3055120492,604184,2,397.55,795.1,Toilet Cleaner,Household Care,"Gaba, Sodhi and Choudhary"
6083457185,57405,3,607.67,1823.01,Baby Food,Baby Care,Srinivas PLC
7154956248,313754,2,136.6,273.2,Biscuits,Snacks & Munchies,"Swaminathan, Mahal and Dara"
246971181,901144,1,340.36,340.36,Sugar,Grocery & Staples,Deo-Kamdar
2452915406,890232,3,432,1296,Mango Drink,Cold Drinks & Juices,Jha Group
9458183390,361361,2,826.21,1652.42,Biscuits,Snacks & Munchies,"Kunda, Dave and Sahni"
576571858,114414,3,832.06,2496.18,Vitamins,Pharmacy,Kara-Golla
9544803182,807452,2,144.19,288.38,Pulses,Grocery & Staples,Naik Ltd
2121652047,962054,3,16.86,50.58,Orange Juice,Cold Drinks & Juices,Toor-Nagar
8891725854,120532,3,697.53,2092.59,Wheat Flour,Grocery & Staples,Nazareth Ltd
4870772869,669378,1,212.14,212.14,Potatoes,Fruits & Vegetables,Chadha and Sons
262562615,264803,3,995.98,2987.94,Vitamins,Pharmacy,Gole-Doshi
5142912812,324809,1,608,608,Bread,Dairy & Breakfast,Sidhu PLC
1225289500,378230,2,166.42,332.84,Nuts,Snacks & Munchies,Kala-Vig
7337555525,537274,1,702.71,702.71,Pet Treats,Pet Care,Lal-Chauhan
5719806088,272170,2,140.8,281.6,Ice Cream,Instant & Frozen Food,Purohit Group
6890191424,154179,3,582.87,1748.61,Pain Reliever,Pharmacy,"Barad, Devi and Andra"
5695198653,557908,2,942.37,1884.74,Vitamins,Pharmacy,Sundaram Inc
482670263,621677,2,317.8,635.6,Frozen Biryani,Instant & Frozen Food,Sabharwal-Mital
7857904467,953175,1,225.21,225.21,Baby Food,Baby Care,Sehgal-Nagarajan
614435661,578097,2,267.61,535.22,Nuts,Snacks & Munchies,Jha Group
2284551326,257719,1,281.73,281.73,Eggs,Dairy & Breakfast,Chaudhuri PLC
8614991290,642612,2,517.03,1034.06,Pet Treats,Pet Care,Pillay-Ahuja
9865566300,753354,2,423.56,847.12,Shampoo,Personal Care,Sant-Mahajan
6672582413,11422,2,127.16,254.32,Potatoes,Fruits & Vegetables,Ramaswamy-Tata
3004834987,604184,3,397.55,1192.65,Toilet Cleaner,Household Care,"Gaba, Sodhi and Choudhary"
4486349175,566052,3,87.3,261.9,Pain Reliever,Pharmacy,"Apte, Soman and Raju"
3098655541,697683,2,123.74,247.48,Toilet Cleaner,Household Care,"Murty, Varghese and Saxena"
1912293606,124290,3,39.65,118.95,Lotion,Personal Care,Sachdev Group
7465280557,689769,3,46.62,139.86,Frozen Vegetables,Instant & Frozen Food,Kothari-Datta
343050015,146840,2,786.85,1573.7,Bread,Dairy & Breakfast,"Bains, Deol and Vaidya"
6414606364,723678,2,675.46,1350.92,Dog Food,Pet Care,"Lall, Datta and Swamy"
4092550629,264803,1,995.98,995.98,Vitamins,Pharmacy,Gole-Doshi
9810964144,542300,1,255.35,255.35,Popcorn,Snacks & Munchies,Gulati-Tandon
6513851276,491314,2,973.44,1946.88,Ice Cream,Instant & Frozen Food,Banerjee Inc
6080784069,487065,2,374.68,749.36,Chips,Snacks & Munchies,Kadakia-Yadav
1967283733,897083,1,972.69,972.69,Detergent,Household Care,Dutta-Halder
2683672396,36412,2,397.68,795.36,Dish Soap,Household Care,Muni-Shankar
1464736195,425341,1,486.28,486.28,Pet Treats,Pet Care,"Mani, Dhar and Muni"
3258963661,644847,1,622.81,622.81,Salt,Grocery & Staples,"Jhaveri, Kata and Kapur"
9956872454,11422,1,127.16,127.16,Potatoes,Fruits & Vegetables,Ramaswamy-Tata
867630114,123983,2,785.67,1571.34,Cough Syrup,Pharmacy,Kurian-Chhabra
3333752740,70969,2,631.7,1263.4,Carrots,Fruits & Vegetables,Mohan Group
4835197446,492958,2,84.2,168.4,Lotion,Personal Care,Acharya PLC
1888517793,329351,2,310.87,621.74,Cheese,Dairy & Breakfast,"Lala, Kalita and Sathe"
5148599328,871592,2,870.29,1740.58,Carrots,Fruits & Vegetables,"Shankar, Nadkarni and Kumer"
3405089431,491314,2,973.44,1946.88,Ice Cream,Instant & Frozen Food,Banerjee Inc
9286199495,647462,1,326.42,326.42,Lotion,Personal Care,"Balan, Samra and Sekhon"
6418255337,154179,1,582.87,582.87,Pain Reliever,Pharmacy,"Barad, Devi and Andra"
7442478777,222892,3,869.22,2607.66,Tomatoes,Fruits & Vegetables,Ramakrishnan-Ghose
5170777528,679284,2,877.89,1755.78,Cough Syrup,Pharmacy,Pant LLC
1255941187,478531,3,825.46,2476.38,Carrots,Fruits & Vegetables,Uppal Group
4704980993,564692,1,215.65,215.65,Cat Food,Pet Care,"Krishna, Bail and Dyal"
7310604669,183929,1,738.74,738.74,Bread,Dairy & Breakfast,"Nagi, Sampath and Khurana"
7970608721,839170,1,481.63,481.63,Curd,Dairy & Breakfast,Shetty and Sons
3164727163,542300,1,255.35,255.35,Popcorn,Snacks & Munchies,Gulati-Tandon
2388064449,473929,3,440.19,1320.57,Carrots,Fruits & Vegetables,"Bhardwaj, Bhatia and Deshmukh"
757816226,14145,3,630.84,1892.52,Spinach,Fruits & Vegetables,"Thakur, Shah and Pingle"
259772553,34200,2,319.8,639.6,Lotion,Personal Care,Munshi-Grewal
8388644219,9436,1,88.43,88.43,Toothpaste,Personal Care,Naidu PLC
1545044936,329351,1,310.87,310.87,Cheese,Dairy & Breakfast,"Lala, Kalita and Sathe"
6995571310,336847,1,936.98,936.98,Toilet Cleaner,Household Care,"Dayal, Mammen and More"
8801161214,313754,3,136.6,409.8,Biscuits,Snacks & Munchies,"Swaminathan, Mahal and Dara"
1751319400,561860,2,874.78,1749.56,Orange Juice,Cold Drinks & Juices,Gupta Ltd
10448052,945635,2,778.9,1557.8,Pulses,Grocery & Staples,Balasubramanian PLC
3047076079,723678,1,675.46,675.46,Dog Food,Pet Care,"Lall, Datta and Swamy"
5085860780,513199,3,422.23,1266.69,Cola,Cold Drinks & Juices,Rastogi Inc
6213909425,455083,3,959.01,2877.03,Butter,Dairy & Breakfast,Dutta Inc
3712789789,455755,2,44.09,88.18,Detergent,Household Care,Mangal-Sathe
278794976,378676,3,881.42,2644.26,Orange Juice,Cold Drinks & Juices,Baral-Kamdar
3420357591,365133,1,915.45,915.45,Dish Soap,Household Care,Hans Inc
4551386734,951463,3,787.4,2362.2,Pet Treats,Pet Care,Balakrishnan-Kaur
7609681987,365132,1,229.38,229.38,Instant Noodles,Instant & Frozen Food,Dar-Kumar
1721655048,589812,1,163.03,163.03,Detergent,Household Care,Bir PLC
7040151151,94225,3,77.11,231.33,Toilet Cleaner,Household Care,"Gulati, Ram and Sarkar"
6719661881,140154,1,171.2,171.2,Shampoo,Personal Care,Malhotra LLC
5195004299,567671,3,418.48,1255.44,Biscuits,Snacks & Munchies,Nagar LLC
5441946621,859361,1,432.39,432.39,Shampoo,Personal Care,Mitter Group
3508992095,734789,2,395.82,791.64,Popcorn,Snacks & Munchies,"Chaudhari, Pant and Singh"
8454449180,324809,1,608,608,Bread,Dairy & Breakfast,Sidhu PLC
9251851237,993331,3,102.44,307.32,Pulses,Grocery & Staples,"Parmer, Gola and Yogi"
6739811103,256783,3,906.54,2719.62,Pet Treats,Pet Care,"Basu, Thakur and Rege"
7590827828,661577,3,720.95,2162.85,Cat Food,Pet Care,Majumdar PLC
310213322,880510,2,951.43,1902.86,Bread,Dairy & Breakfast,Roy-Char
934908369,324809,2,608,1216,Bread,Dairy & Breakfast,Sidhu PLC
3817617199,712003,1,671.68,671.68,Cola,Cold Drinks & Juices,"Karan, Bandi and Acharya"
2622709030,968887,3,40.7,122.1,Dish Soap,Household Care,Keer-Gill
3843689992,36412,2,397.68,795.36,Dish Soap,Household Care,Muni-Shankar
8732395640,448752,1,160.07,160.07,Toilet Cleaner,Household Care,Batta-Doctor
3889721330,120532,2,697.53,1395.06,Wheat Flour,Grocery & Staples,Nazareth Ltd
7064093619,962591,1,130.01,130.01,Orange Juice,Cold Drinks & Juices,Murthy-Kaul
6798661163,552496,2,508,1016,Dish Soap,Household Care,Dhar PLC
2878307830,186168,2,878.8,1757.6,Dog Food,Pet Care,"Parekh, Lad and Kadakia"
4133369643,667163,1,441.2,441.2,Orange Juice,Cold Drinks & Juices,Palla LLC
3394787348,63769,1,878.07,878.07,Lotion,Personal Care,Dalal-Shan
4830380663,57405,2,607.67,1215.34,Baby Food,Baby Care,Srinivas PLC
3441042301,604184,1,397.55,397.55,Toilet Cleaner,Household Care,"Gaba, Sodhi and Choudhary"
3984353474,557908,3,942.37,2827.11,Vitamins,Pharmacy,Sundaram Inc
4495916529,112390,3,877.98,2633.94,Toothpaste,Personal Care,"Kibe, Contractor and Randhawa"
5075205264,15314,3,578.85,1736.55,Cheese,Dairy & Breakfast,Banik-Ratta
6129180304,146840,3,786.85,2360.55,Bread,Dairy & Breakfast,"Bains, Deol and Vaidya"
3311686914,945635,1,778.9,778.9,Pulses,Grocery & Staples,Balasubramanian PLC
3907403745,33797,2,888.12,1776.24,Pain Reliever,Pharmacy,Gaba LLC
9924696305,876139,2,415.75,831.5,Pulses,Grocery & Staples,Cherian-Dara
7348508805,942001,1,671.55,671.55,Cat Food,Pet Care,Acharya Ltd
1665004352,883013,2,989.88,1979.76,Eggs,Dairy & Breakfast,Chahal Group
1049800958,131937,3,287.81,863.43,Frozen Pizza,Instant & Frozen Food,"Varkey, Devi and Ganguly"
2937550786,739448,3,755.66,2266.98,Dish Soap,Household Care,Mand-Choudhry
486724008,901144,1,340.36,340.36,Sugar,Grocery & Staples,Deo-Kamdar
9361578823,652118,3,22.04,66.12,Frozen Biryani,Instant & Frozen Food,Agate and Sons
6249585672,144124,1,162.67,162.67,Detergent,Household Care,Lalla-Srinivasan
2111712383,969851,3,340.66,1021.98,Frozen Vegetables,Instant & Frozen Food,"Kara, Sodhi and Bassi"
2962076108,131136,1,37.8,37.8,Salt,Grocery & Staples,Deshpande-Rama
7509638056,327290,1,862.28,862.28,Sugar,Grocery & Staples,Nadkarni Inc
6074743537,300159,3,44.35,133.05,Cola,Cold Drinks & Juices,"Basu, Rout and Mistry"
3560026527,578097,2,267.61,535.22,Nuts,Snacks & Munchies,Jha Group
7005103077,52729,1,316.02,316.02,Cat Food,Pet Care,Saini LLC
8175826750,661577,1,720.95,720.95,Cat Food,Pet Care,Majumdar PLC
8572946020,537274,2,702.71,1405.42,Pet Treats,Pet Care,Lal-Chauhan
2936701883,140154,1,171.2,171.2,Shampoo,Personal Care,Malhotra LLC
9948324640,107548,1,891.6,891.6,Cola,Cold Drinks & Juices,"Bhandari, Bhasin and Palan"
2865872281,291238,3,746.03,2238.09,Chocolates,Snacks & Munchies,"Sinha, Pau and Chhabra"
5785351358,707935,2,820.9,1641.8,Cat Food,Pet Care,"Anne, Mammen and Khatri"
5204776107,818522,3,96.09,288.27,Cheese,Dairy & Breakfast,Hora-Roy
8689865723,970529,1,827.44,827.44,Diapers,Baby Care,"Kurian, Patla and Sanghvi"
7822329516,34200,2,319.8,639.6,Lotion,Personal Care,Munshi-Grewal
5995393950,324809,3,608,1824,Bread,Dairy & Breakfast,Sidhu PLC
5458784818,953175,3,225.21,675.63,Baby Food,Baby Care,Sehgal-Nagarajan
5611686165,217710,3,58.59,175.77,Eggs,Dairy & Breakfast,Rout-Sarna
6390653932,962054,3,16.86,50.58,Orange Juice,Cold Drinks & Juices,Toor-Nagar
1215008706,349294,1,934.75,934.75,Onions,Fruits & Vegetables,Ganesan Ltd
7357727116,82484,2,914.88,1829.76,Baby Food,Baby Care,Mallick PLC
7562975685,284460,2,505.95,1011.9,Potatoes,Fruits & Vegetables,"Ramakrishnan, Anand and Khare"
3118070064,760828,2,563.45,1126.9,Pet Treats,Pet Care,"Khurana, Khosla and Yohannan"
8255753870,398340,2,651.93,1303.86,Instant Noodles,Instant & Frozen Food,"Nadig, Zachariah and Soni"
5924715529,455755,2,44.09,88.18,Detergent,Household Care,Mangal-Sathe
9593816617,440875,3,275.03,825.09,Baby Wipes,Baby Care,Loyal Inc
6143213997,739534,2,994.56,1989.12,Toilet Cleaner,Household Care,"Gera, Narang and Karpe"
4516009647,969851,1,340.66,340.66,Frozen Vegetables,Instant & Frozen Food,"Kara, Sodhi and Bassi"
291900074,376447,3,724.84,2174.52,Butter,Dairy & Breakfast,Gara and Sons
3178700341,704868,1,193.46,193.46,Detergent,Household Care,"Parikh, Oak and Kara"
4231742059,690565,1,951.27,951.27,Cookies,Snacks & Munchies,"Roy, Seth and Patla"
7437613292,237083,2,577.13,1154.26,Cough Syrup,Pharmacy,Hayer-Banerjee
5609346062,925482,1,475.04,475.04,Frozen Biryani,Instant & Frozen Food,Viswanathan-Sha
909033820,433521,3,321.33,963.99,Diapers,Baby Care,Mahal Group
470624828,679321,2,738.46,1476.92,Cola,Cold Drinks & Juices,Khurana-Dewan
9608676386,487065,1,374.68,374.68,Chips,Snacks & Munchies,Kadakia-Yadav
6846160702,131937,3,287.81,863.43,Frozen Pizza,Instant & Frozen Food,"Varkey, Devi and Ganguly"
4248168019,378676,3,881.42,2644.26,Orange Juice,Cold Drinks & Juices,Baral-Kamdar
9057909300,120532,1,697.53,697.53,Wheat Flour,Grocery & Staples,Nazareth Ltd
2171816966,537274,1,702.71,702.71,Pet Treats,Pet Care,Lal-Chauhan
1387025817,490939,2,80.25,160.5,Lotion,Personal Care,"Roy, Barad and De"
6801124715,305754,2,979.99,1959.98,Frozen Vegetables,Instant & Frozen Food,Mammen-Hegde
6117979297,298985,1,183.76,183.76,Vitamins,Pharmacy,"Ramanathan, Joshi and Srinivasan"
4902314626,140154,2,171.2,342.4,Shampoo,Personal Care,Malhotra LLC
361595059,700048,1,141.28,141.28,Dish Soap,Household Care,Khalsa-Bhavsar
5309683159,757274,2,98.32,196.64,Pet Treats,Pet Care,"Minhas, Kapoor and Sethi"
2300265337,654623,3,422.14,1266.42,Chips,Snacks & Munchies,Pradhan and Sons
199903168,847349,3,781.08,2343.24,Potatoes,Fruits & Vegetables,Chhabra-Agrawal
4923840119,764014,2,612.04,1224.08,Salt,Grocery & Staples,"Grewal, Swamy and Dayal"
2209550085,679865,1,347.91,347.91,Wheat Flour,Grocery & Staples,Memon-Barad
120178110,739534,3,994.56,2983.68,Toilet Cleaner,Household Care,"Gera, Narang and Karpe"
6647259959,39154,3,946.86,2840.58,Mangoes,Fruits & Vegetables,"Suresh, Bose and Bajwa"
3859980017,992178,1,632.43,632.43,Pain Reliever,Pharmacy,Basu and Sons
9196827234,741341,2,923.84,1847.68,Eggs,Dairy & Breakfast,Prasad LLC
3499440849,965755,2,532.57,1065.14,Bananas,Fruits & Vegetables,"Doshi, Sarraf and Sama"
7114775833,592784,1,280.35,280.35,Biscuits,Snacks & Munchies,"Andra, Mander and Kari"
7812364366,552883,1,888.16,888.16,Potatoes,Fruits & Vegetables,"Balan, Patel and Mall"
7525899857,723678,3,675.46,2026.38,Dog Food,Pet Care,"Lall, Datta and Swamy"
3917847107,587420,2,357.42,714.84,Cookies,Snacks & Munchies,Raj and Sons
1229828587,432617,2,863.18,1726.36,Baby Wipes,Baby Care,Dora-Pillai
4249345096,564692,1,215.65,215.65,Cat Food,Pet Care,"Krishna, Bail and Dyal"
4002407580,256051,3,400.92,1202.76,Lotion,Personal Care,"Mannan, Naidu and Sama"
5982122427,707935,3,820.9,2462.7,Cat Food,Pet Care,"Anne, Mammen and Khatri"
3280431261,327290,2,862.28,1724.56,Sugar,Grocery & Staples,Nadkarni Inc
5066338759,41853,2,910.44,1820.88,Curd,Dairy & Breakfast,Handa PLC
9087426355,114414,2,832.06,1664.12,Vitamins,Pharmacy,Kara-Golla
5512907,659290,3,319.34,958.02,Cheese,Dairy & Breakfast,Kapadia-D’Alia
4174741467,930284,2,189.47,378.94,Baby Food,Baby Care,"Garg, Saraf and Dutta"
6270463968,883013,1,989.88,989.88,Eggs,Dairy & Breakfast,Chahal Group
1239385001,897083,3,972.69,2918.07,Detergent,Household Care,Dutta-Halder
5250202756,555121,2,354.91,709.82,Carrots,Fruits & Vegetables,"Subramanian, Chaudhuri and Dora"
4099185509,968887,2,40.7,81.4,Dish Soap,Household Care,Keer-Gill
7875903450,563740,3,96.33,288.99,Chips,Snacks & Munchies,Mann-Kapadia
7561642939,146840,2,786.85,1573.7,Bread,Dairy & Breakfast,"Bains, Deol and Vaidya"
5438908316,942001,1,671.55,671.55,Cat Food,Pet Care,Acharya Ltd
357437373,667163,3,441.2,1323.6,Orange Juice,Cold Drinks & Juices,Palla LLC
8972877222,373536,1,494.17,494.17,Dog Food,Pet Care,Chauhan-Sabharwal
1163798451,954722,2,616.45,1232.9,Ice Cream,Instant & Frozen Food,Mohan-Virk
3588229485,67197,3,552.2,1656.6,Butter,Dairy & Breakfast,Shetty-Bora
1205823348,707935,2,820.9,1641.8,Cat Food,Pet Care,"Anne, Mammen and Khatri"
2867008541,914071,3,296.94,890.82,Chips,Snacks & Munchies,Datta Ltd
5794917332,60619,1,726.41,726.41,Iced Tea,Cold Drinks & Juices,Bhasin LLC
4726520098,77308,2,223.27,446.54,Onions,Fruits & Vegetables,Ratta-Sagar
6251716165,914071,3,296.94,890.82,Chips,Snacks & Munchies,Datta Ltd
5991829458,329351,2,310.87,621.74,Cheese,Dairy & Breakfast,"Lala, Kalita and Sathe"
1142626566,337168,2,545.49,1090.98,Eggs,Dairy & Breakfast,Dasgupta PLC
2595161999,771228,2,83.18,166.36,Pet Treats,Pet Care,Raja and Sons
8865698939,107548,2,891.6,1783.2,Cola,Cold Drinks & Juices,"Bhandari, Bhasin and Palan"
1776582175,56589,2,517.77,1035.54,Vitamins,Pharmacy,"Pai, Kashyap and Ramachandran"
7323157341,478531,1,825.46,825.46,Carrots,Fruits & Vegetables,Uppal Group
8997413283,839170,2,481.63,963.26,Curd,Dairy & Breakfast,Shetty and Sons
2548452255,131136,3,37.8,113.4,Salt,Grocery & Staples,Deshpande-Rama
7906839225,33955,3,186.08,558.24,Frozen Pizza,Instant & Frozen Food,Baral Group
4113927200,144124,3,162.67,488.01,Detergent,Household Care,Lalla-Srinivasan
4233626614,542300,3,255.35,766.05,Popcorn,Snacks & Munchies,Gulati-Tandon
2886463378,140489,2,650.2,1300.4,Soap,Personal Care,"Biswas, Kapoor and Patel"
1823348306,669378,2,212.14,424.28,Potatoes,Fruits & Vegetables,Chadha and Sons
8706556166,567671,2,418.48,836.96,Biscuits,Snacks & Munchies,Nagar LLC
5139433840,123983,2,785.67,1571.34,Cough Syrup,Pharmacy,Kurian-Chhabra
769731596,837480,1,217.4,217.4,Cough Syrup,Pharmacy,Edwin and Sons
1346090496,659290,3,319.34,958.02,Cheese,Dairy & Breakfast,Kapadia-D’Alia
9339629293,542300,3,255.35,766.05,Popcorn,Snacks & Munchies,Gulati-Tandon
3043993017,451812,1,530.85,530.85,Pain Reliever,Pharmacy,"Batra, Sant and Mandal"
274863669,990993,1,263.7,263.7,Chocolates,Snacks & Munchies,Guha-Subramaniam
3736611791,398340,3,651.93,1955.79,Instant Noodles,Instant & Frozen Food,"Nadig, Zachariah and Soni"
9628875555,903336,1,551.88,551.88,Pulses,Grocery & Staples,"Vaidya, Amble and Palla"
6367306297,196719,3,217.5,652.5,Bananas,Fruits & Vegetables,Yogi Group
4393113152,56589,1,517.77,517.77,Vitamins,Pharmacy,"Pai, Kashyap and Ramachandran"
1239928207,961614,2,227.22,454.44,Chocolates,Snacks & Munchies,Goda Inc
5473002872,992178,2,632.43,1264.86,Pain Reliever,Pharmacy,Basu and Sons
6536847919,965755,2,532.57,1065.14,Bananas,Fruits & Vegetables,"Doshi, Sarraf and Sama"
5480709564,89084,1,598.83,598.83,Milk,Dairy & Breakfast,"Wali, Virk and Iyer"
1393100618,723678,3,675.46,2026.38,Dog Food,Pet Care,"Lall, Datta and Swamy"
6999330116,120385,3,597.91,1793.73,Pet Treats,Pet Care,Dubey-Sarin
7816842690,564692,1,215.65,215.65,Cat Food,Pet Care,"Krishna, Bail and Dyal"
3186586558,654297,3,13.25,39.75,Potatoes,Fruits & Vegetables,Chandran-Dass
7927955136,11422,1,127.16,127.16,Potatoes,Fruits & Vegetables,Ramaswamy-Tata
3518172697,500633,1,154.5,154.5,Cereal,Dairy & Breakfast,Trivedi-Ahluwalia
4557188271,871592,1,870.29,870.29,Carrots,Fruits & Vegetables,"Shankar, Nadkarni and Kumer"
2893244627,34200,2,319.8,639.6,Lotion,Personal Care,Munshi-Grewal
1996683408,39154,2,946.86,1893.72,Mangoes,Fruits & Vegetables,"Suresh, Bose and Bajwa"
1673794089,378287,3,332.84,998.52,Lemonade,Cold Drinks & Juices,Ramesh-Jain
9931161723,679865,2,347.91,695.82,Wheat Flour,Grocery & Staples,Memon-Barad
856799416,611575,2,482.06,964.12,Frozen Pizza,Instant & Frozen Food,"Bhat, Nigam and Hayer"
6668508959,137909,2,864.3,1728.6,Cough Syrup,Pharmacy,Dalal PLC
4914874727,240179,1,90.56,90.56,Cough Syrup,Pharmacy,Ram-Suri
7869104895,820973,1,114.52,114.52,Baby Wipes,Baby Care,Lall LLC
5094989752,478531,2,825.46,1650.92,Carrots,Fruits & Vegetables,Uppal Group
4305377896,799952,2,922.64,1845.28,Cheese,Dairy & Breakfast,Padmanabhan-Virk
7017136473,953175,1,225.21,225.21,Baby Food,Baby Care,Sehgal-Nagarajan
3303209513,183929,3,738.74,2216.22,Bread,Dairy & Breakfast,"Nagi, Sampath and Khurana"
8607953669,34186,3,925.65,2776.95,Mangoes,Fruits & Vegetables,Mandal-Kar
1940918101,140154,1,171.2,171.2,Shampoo,Personal Care,Malhotra LLC
6494615659,757274,1,98.32,98.32,Pet Treats,Pet Care,"Minhas, Kapoor and Sethi"
4280890409,89084,2,598.83,1197.66,Milk,Dairy & Breakfast,"Wali, Virk and Iyer"
7598489331,425341,2,486.28,972.56,Pet Treats,Pet Care,"Mani, Dhar and Muni"
8755280486,589812,3,163.03,489.09,Detergent,Household Care,Bir PLC
8281093933,642612,1,517.03,517.03,Pet Treats,Pet Care,Pillay-Ahuja
7415765726,647462,3,326.42,979.26,Lotion,Personal Care,"Balan, Samra and Sekhon"
6266072804,196719,1,217.5,217.5,Bananas,Fruits & Vegetables,Yogi Group
1542448934,118820,3,12.32,36.96,Iced Tea,Cold Drinks & Juices,"Warrior, Ravel and Amble"
2896979776,992178,3,632.43,1897.29,Pain Reliever,Pharmacy,Basu and Sons
169867835,927651,3,426.72,1280.16,Baby Wipes,Baby Care,Narula Group
9493456526,516376,3,877.43,2632.29,Onions,Fruits & Vegetables,Agarwal-Dhar
9423261830,611575,1,482.06,482.06,Frozen Pizza,Instant & Frozen Food,"Bhat, Nigam and Hayer"
5793453795,378676,2,881.42,1762.84,Orange Juice,Cold Drinks & Juices,Baral-Kamdar
2141680269,820541,1,576.22,576.22,Toilet Cleaner,Household Care,"Borde, Peri and Upadhyay"
6457122136,589812,3,163.03,489.09,Detergent,Household Care,Bir PLC
8447536518,542300,2,255.35,510.7,Popcorn,Snacks & Munchies,Gulati-Tandon
3191672889,897083,2,972.69,1945.38,Detergent,Household Care,Dutta-Halder
2521995712,219598,3,367.08,1101.24,Shampoo,Personal Care,Arora-Magar
8194578267,669378,2,212.14,424.28,Potatoes,Fruits & Vegetables,Chadha and Sons
2811341619,762527,1,690.08,690.08,Biscuits,Snacks & Munchies,"Chad, Yohannan and Chopra"
5562576298,578097,2,267.61,535.22,Nuts,Snacks & Munchies,Jha Group
7446009755,954722,3,616.45,1849.35,Ice Cream,Instant & Frozen Food,Mohan-Virk
7343262659,492958,1,84.2,84.2,Lotion,Personal Care,Acharya PLC
7147677361,490939,1,80.25,80.25,Lotion,Personal Care,"Roy, Barad and De"
8732072897,366066,2,918.58,1837.16,Soap,Personal Care,Mandal LLC
6418604551,243235,2,109.03,218.06,Cat Food,Pet Care,Batta Inc
4989511905,373536,3,494.17,1482.51,Dog Food,Pet Care,Chauhan-Sabharwal
2520527893,18035,3,968.94,2906.82,Dish Soap,Household Care,Ramesh Inc
4753989820,672059,1,672.73,672.73,Toothpaste,Personal Care,Kaur-Gola
8285547588,264803,2,995.98,1991.96,Vitamins,Pharmacy,Gole-Doshi
5824924668,382511,3,702.54,2107.62,Butter,Dairy & Breakfast,Bora-Thakkar
7703854141,990993,3,263.7,791.1,Chocolates,Snacks & Munchies,Guha-Subramaniam
7380361209,487065,2,374.68,749.36,Chips,Snacks & Munchies,Kadakia-Yadav
5053033745,803607,1,949.73,949.73,Soap,Personal Care,"Kadakia, Mohan and Sathe"
4859489972,848226,3,209.59,628.77,Tomatoes,Fruits & Vegetables,Barad and Sons
9690396315,812607,2,416.65,833.3,Potatoes,Fruits & Vegetables,Rege Group
448732557,689769,1,46.62,46.62,Frozen Vegetables,Instant & Frozen Food,Kothari-Datta
4927306668,540618,2,317.05,634.1,Popcorn,Snacks & Munchies,Golla-Luthra
1669690997,925482,3,475.04,1425.12,Frozen Biryani,Instant & Frozen Food,Viswanathan-Sha
8340761903,124290,2,39.65,79.3,Lotion,Personal Care,Sachdev Group
5936301790,491314,3,973.44,2920.32,Ice Cream,Instant & Frozen Food,Banerjee Inc
5710579377,319388,2,657.8,1315.6,Orange Juice,Cold Drinks & Juices,D’Alia-Dey
2494813730,136533,1,826.21,826.21,Eggs,Dairy & Breakfast,"Raghavan, Magar and Shanker"
