customer_id,customer_name,email,phone,address,area,pincode,registration_date,customer_segment,total_orders,avg_order_value
97475543,Niharika Nagi,ektataneja@example.org,913000000000,"23, Nayar Path, Bihar Sharif-154625",Udupi,321865,13-05-2023,Premium,13,451.92
22077605,Megha Sachar,vedant45@example.com,915000000000,"51/302, Buch Chowk
Srinagar-570271",Aligarh,149394,14-05-2023,Inactive,4,825.48
47822591,Hema Bahri,samiazaan@example.com,910000000000,"941
Anne Street, Darbhanga 186125",Begusarai,621411,15-05-2023,Regular,17,1969.81
79726146,Zaitra Vig,ishanvi87@example.org,916000000000,"43/94, Ghosh, Alappuzha 635655",Kozhikode,826054,16-05-2023,New,4,220.09
57102800,Januja Verma,atideshpande@example.org,917000000000,"06
Om, Ambarnath 477463",Ichalkaranji,730539,17-05-2023,Inactive,14,578.14
54748429,Darsh More,ynayar@example.org,913000000000,"26/961
Salvi Circle, Durg 406361",Visakhapatnam,883122,18-05-2023,New,2,669.35
49152878,Patrick Sandhu,zehaanmahajan@example.org,912000000000,"304
Tara Road, Gandhinagar-559930",Gwalior,649817,19-05-2023,Premium,4,973.62
16379942,Harshil Kuruvilla,pathakanirudh@example.org,914000000000,"37/62, Basu Chowk
Sikar 515907",Orai,332997,20-05-2023,Inactive,15,1370.56
11071601,Ojas Ahuja,sneha11@example.com,913000000000,"H.No. 99
Kade Road
Ramgarh 695009",Buxar,528426,21-05-2023,Inactive,17,1950.54
68164013,Netra Chander,hwarrior@example.org,918000000000,"H.No. 94
Gupta Path, Hospet-831040",Malegaon,4515,22-05-2023,New,1,1061.82
80404839,Kashish Dora,pushti81@example.net,912000000000,"H.No. 24
Pant Street, Mathura 348430",Katni,642727,23-05-2023,Inactive,10,1537.35
27038630,Megha Thakkar,zinalsarna@example.com,917000000000,"H.No. 81
Sama Street, Danapur-137828",Fatehpur,393286,24-05-2023,Regular,11,1307.28
1655637,Turvi Radhakrishnan,mpandit@example.org,919000000000,"H.No. 404, Bhalla Chowk
Visakhapatnam 048875",Ichalkaranji,548633,25-05-2023,Regular,19,723.95
75566105,Dipta Doctor,peterdhaliwal@example.org,913000000000,"586
Badami Zila, Madhyamgram-394655",Hyderabad,871594,26-05-2023,Regular,18,1432.53
23961725,Zayyan Buch,kalpithayre@example.net,913000000000,"71/67, Oommen Ganj, Purnia 250900",Bhiwandi,629210,27-05-2023,Regular,6,367.74
67749649,Oviya Mitra,aaravdugar@example.com,920000000000,"103, Mahajan Circle
Silchar 256345",Mira-Bhayandar,222577,28-05-2023,Inactive,11,281.16
61461253,Arin Setty,naidushivani@example.org,917000000000,"63/164, Kari Chowk
Moradabad 624164",Amravati,381991,29-05-2023,Inactive,4,789.5
30619659,Lohit Kalla,vincent81@example.com,914000000000,"58/882, Ramanathan
Nashik 371218",Kochi,400041,30-05-2023,Inactive,14,1992.42
50229203,Rushil Dhingra,htella@example.org,911000000000,"H.No. 99
Ravel Street
Avadi 655413",Tiruchirappalli,598757,31-05-2023,Regular,7,1731.87
13567338,Wahab Borah,bhattlakshit@example.com,912000000000,"H.No. 739, Dewan Marg
Jamshedpur 475311",Hubli–Dharwad,509163,01-06-2023,Premium,10,1054.12
7591711,Triya Kakar,xshetty@example.net,913000000000,"H.No. 65, Ratti Circle, Nellore-187667",Nagercoil,792550,02-06-2023,Regular,12,1494
22102079,Vrinda Lalla,balakrishnanyutika@example.net,918000000000,"H.No. 73
Gupta Road, Barasat 506282",Alwar,595920,03-06-2023,Premium,10,615.86
48910430,Janani Prasad,abhirambabu@example.com,919000000000,"149
Pall Path, Aurangabad-876025",Bardhaman,125846,04-06-2023,Premium,3,1474.04
27604184,Tripti Nadig,tmaster@example.com,919000000000,"04/18
Maharaj Zila
Pudukkottai 529324",Nandyal,279361,05-06-2023,New,9,1108.86
79672044,Jagdish Vora,hemangini55@example.com,916000000000,"92, Choudhury Ganj, Bhopal-000074",Hapur,964688,06-06-2023,New,8,1115.88
13461704,Zayan Ratta,shivansh35@example.com,915000000000,"33/78
Joshi Path, Ludhiana-975587",Nanded,770516,07-06-2023,Premium,4,1024.45
66135710,Zayan Thakkar,ranveer19@example.net,915000000000,"68/55, Bhattacharyya Zila, Coimbatore 134031",Ramgarh,352680,08-06-2023,New,6,308.63
50572914,Ishani Mukherjee,shivani15@example.net,916000000000,"H.No. 68, Gade Chowk
Siliguri-878991",Bihar Sharif,654429,09-06-2023,Regular,20,701.55
4386273,Jagrati Sengupta,pandeymahika@example.org,912000000000,"20, Jayaraman Zila
Khora -207127",Nandyal,494307,10-06-2023,Inactive,12,298.97
57537308,Ayush Buch,morejagdish@example.net,912000000000,"079
Goyal Zila, Bhiwani-715658",Jorhat,779981,11-06-2023,New,8,1641.88
34526442,Harita Chatterjee,gaurika82@example.com,911000000000,"H.No. 249, Malhotra
Ghaziabad-893659",Raipur,674102,12-06-2023,Regular,14,1956.45
67383024,Riya Kothari,chowdhuryimaran@example.net,918000000000,"648, Biswas Street, Jalandhar 957104",Kollam,436202,13-06-2023,Premium,14,1240.9
28350645,Alka Srinivasan,xtalwar@example.org,917000000000,"623, Bassi Chowk, Patiala-864851",Ratlam,360999,14-06-2023,Inactive,9,553
81940369,Nilima Chaudhuri,agrawalmugdha@example.com,913000000000,"H.No. 466, Bhavsar Nagar, Kalyan-Dombivli-115231",Nellore,522947,15-06-2023,Premium,10,316.79
89950235,Aarav Dayal,darsh33@example.net,913000000000,"H.No. 639
Chowdhury Path, Tadepalligudem-993818",Warangal,334280,16-06-2023,Premium,13,1179.29
88202341,Jagrati Dubey,vasatika03@example.net,916000000000,"470, Kibe Zila, Tirupati-332036",Kottayam,174979,17-06-2023,Inactive,9,644.06
41155125,Yahvi Doshi,daliaoviya@example.com,919000000000,"11
Kaul Path, Berhampore 085176",Tenali,82916,18-06-2023,Inactive,14,1454.3
46369552,Keya Modi,bbumb@example.org,917000000000,"49/76
Bansal Path, Bangalore-861073",Jaipur,688982,19-06-2023,Regular,17,456.51
48943848,Tarak Nair,atwalmeghana@example.org,914000000000,"145, Apte Street
Orai-869408",Patiala,993533,20-06-2023,Premium,13,245.46
39645619,Indira Jaggi,falaksunder@example.org,913000000000,"08/524
Toor Path, Imphal 250392",Maheshtala,740640,21-06-2023,Regular,13,1512.4
76917159,Hiral Arya,mason40@example.net,919000000000,"53/93, Saran Road, Sambhal 129176",Ludhiana,591173,22-06-2023,Premium,11,1777.83
72366758,Vedant Sengupta,xbarad@example.net,916000000000,"51/364, Dewan Path
Mumbai-975747",Ichalkaranji,228827,23-06-2023,Inactive,9,513.7
66140659,Omya Iyengar,ishanimaharaj@example.net,917000000000,"H.No. 51, Lanka Street
Bettiah 293595",Ongole,15696,24-06-2023,Premium,8,509.85
87457446,Yashodhara Sarraf,prabhudaksha@example.com,916000000000,"H.No. 80
Seshadri Chowk
Chittoor 085684",Katihar,525466,25-06-2023,Premium,7,1301.39
10830043,Gabriel Iyer,bbala@example.com,918000000000,"H.No. 369, Buch Circle, Jammu-963201",Hospet,548469,26-06-2023,New,9,899.6
97150234,Ishaan Brahmbhatt,madhavi33@example.com,918000000000,"997, Lala Path
Anantapuram-222697",Bihar Sharif,945899,27-06-2023,New,13,1527.55
72489544,Sanaya Joshi,gsampath@example.net,918000000000,"H.No. 551, Bava Chowk
Madurai-398541",Siwan,332066,28-06-2023,Inactive,17,1600.17
81352781,Brinda Bassi,jminhas@example.net,912000000000,"03/95, Virk Road
Satna 527580",Dehradun,455587,29-06-2023,Regular,4,564.55
88130777,Darsh Gupta,xdash@example.org,918000000000,"508
Brar Path, Machilipatnam 589416",North Dumdum,424291,30-06-2023,New,16,301.23
65294340,Jasmit Kota,arjunbandi@example.com,919000000000,"53/982, Pandya Marg
Anantapur-635508",Jamalpur,835263,01-07-2023,New,17,356.29
40387944,Chavvi Gill,qabil65@example.net,914000000000,"584, Mohanty Marg, Mirzapur-256533",Parbhani,373298,02-07-2023,Regular,10,569.91
91868185,Raghav Sathe,ekaniparmer@example.org,920000000000,"00/26, Chandra Chowk, Uluberia 117916",Srinagar,517675,03-07-2023,New,1,1657.84
31846190,Charan Choudhary,tristantank@example.org,914000000000,"23/56, Kadakia Marg
Patna-321511",Kolkata,264654,04-07-2023,New,4,1176.18
15529446,Pallavi Goda,samarthpandey@example.com,911000000000,"H.No. 264
Master Chowk, Patna-122382",Haridwar,665417,05-07-2023,Premium,9,854.35
20956158,Kashish Misra,issacjalsa@example.net,918000000000,"55/77
Nadkarni Zila
Machilipatnam 232117",Kavali,767570,06-07-2023,Premium,7,312.69
68159723,Yashvi Pathak,wallaarunima@example.org,916000000000,"866, Zachariah Zila
Madurai 896328",Orai,197279,07-07-2023,New,6,1214.62
48554440,Rohan Ganesan,bhavika36@example.net,919000000000,"27/72
Raj Chowk, Bhiwani-471346",Malegaon,231443,08-07-2023,Regular,17,1354.99
966247,Jeevika Deo,sbalasubramanian@example.net,915000000000,"894, Chanda Road
Kamarhati 134874",Junagadh,410259,09-07-2023,Inactive,13,1110.76
40015980,Dipta Deshmukh,dugarpooja@example.org,920000000000,"96/245, Karnik Street
Bijapur-598528",Katni,118043,10-07-2023,New,18,1031.91
63262519,Benjamin Balakrishnan,nkaran@example.com,912000000000,"H.No. 08
Kalla Road
Udupi 906901",Karaikudi,681242,11-07-2023,Regular,10,607.45
81763298,Laban Kumar,xhanda@example.com,917000000000,"71
Chadha Marg, Tezpur 405760",Ichalkaranji,469063,12-07-2023,Premium,1,1747.14
49985597,Neel Rastogi,rachana02@example.net,911000000000,"27/024, Kumer Circle, Kurnool-562150",Kishanganj,147502,13-07-2023,Regular,3,775.73
21282544,Warda Basak,lchoudhary@example.net,920000000000,"413
Kakar Road
Ujjain 345914",Jaunpur,808063,14-07-2023,Regular,16,657.98
78868716,Sai Chhabra,mahika95@example.net,912000000000,"H.No. 581
Prabhakar Road, Morena 912519",Madhyamgram,179333,15-07-2023,Inactive,5,1774.41
30733165,Gaurang Grewal,gramesh@example.org,917000000000,"94/94, Hayer Ganj, Dhanbad-672298",Ujjain,119364,16-07-2023,Inactive,10,1609.11
78678612,Kritika Padmanabhan,divyaluthra@example.com,920000000000,"H.No. 71
Shroff Nagar, Bellary-820754",Mehsana,505469,17-07-2023,Premium,1,795.06
48511124,Girish Shankar,aggarwalhenry@example.org,913000000000,"H.No. 39, Sekhon Street, Sagar 312966",Korba,315557,18-07-2023,Inactive,10,1076.14
26412689,Yadavi Rastogi,hemanimander@example.net,916000000000,"H.No. 486, Chaudhary Road
Gangtok-942061",Bahraich,693005,19-07-2023,Regular,1,1700.46
26303194,Janaki Parsa,bhargavanachiket@example.org,911000000000,"49
Varghese Road, Raichur-972279",Pali,544786,20-07-2023,Premium,18,1045.94
93735495,Urvi Prasad,sanyathaman@example.org,915000000000,"H.No. 537, Solanki Nagar, Adoni-229163",Jehanabad,984732,21-07-2023,Regular,7,871.15
8395610,Ranveer Subramanian,gourkeya@example.org,920000000000,"892, Shukla Path
Nandyal 578526",Erode,820741,22-07-2023,Inactive,18,294.53
41640262,Vihaan Gola,samesh12@example.com,914000000000,"708
Rao Nagar
Gandhidham-720600",Ulhasnagar,275919,23-07-2023,Inactive,9,1805.87
60618999,Lopa Vig,dalbir15@example.org,916000000000,"551, Sawhney Road
Satna 010828",Pudukkottai,596613,24-07-2023,Regular,15,1631.96
77220027,Aryan Krish,agatedaksh@example.com,912000000000,"18/938, Pai Marg
Aurangabad 807716",Coimbatore,387538,25-07-2023,Premium,16,551.81
32019725,Tarak Rout,nitarabatta@example.net,918000000000,"H.No. 952, Munshi Zila
Pondicherry 250063",Panchkula,791364,26-07-2023,Premium,19,1169.96
38709137,Neha Gade,lmahal@example.com,917000000000,"34/477, Bali Ganj, Udaipur 580186",Mau,855661,27-07-2023,Inactive,18,1307.64
11540364,Jonathan Virk,wiyer@example.net,919000000000,"H.No. 14, Bir Path
Ujjain 314070",Firozabad,94033,28-07-2023,New,20,517.32
59207798,Chakrika Bhargava,omlopa@example.org,913000000000,"18
Master Zila
Miryalaguda 319766",Ballia,78765,29-07-2023,Premium,4,1441.64
10797688,Sudiksha Mannan,janigauri@example.net,911000000000,"782, Golla Ganj
Kottayam-979207",Bathinda,220981,30-07-2023,New,7,1017.39
88965399,Darsh Sura,yachanabalakrishnan@example.net,916000000000,"H.No. 599
Menon Path, Kalyan-Dombivli 164642",Guntur,563500,31-07-2023,Regular,3,1144.21
10608845,Aadi Gole,vbalan@example.com,919000000000,"69/876, Varughese Path
Tadipatri 100656",Bhilwara,702163,01-08-2023,Premium,2,735.36
28603182,Karan Narayan,zaid12@example.net,916000000000,"470
Ravi Ganj, Ulhasnagar-033422",South Dumdum,663469,02-08-2023,New,11,490.13
1152215,Yachana Pathak,chakradevnigam@example.org,913000000000,"067, Rao Street
Motihari 908674",Dhanbad,251590,03-08-2023,Inactive,2,1637.43
24357425,Wriddhish Munshi,nazaretharin@example.net,919000000000,"H.No. 36, Dani Nagar, Madurai-481558",Farrukhabad,399792,04-08-2023,Inactive,6,798.18
93924203,Xalak Goyal,iyengaryashoda@example.net,919000000000,"H.No. 86
Bath Path, Aligarh 524302",Jorhat,23557,05-08-2023,Premium,18,1360.15
61406908,Harrison Mistry,abhimanyu55@example.org,919000000000,"H.No. 08, Deo
Aizawl-412973",Deoghar,365307,06-08-2023,Regular,1,458.39
78841932,Bhavani Rai,varkeyalexander@example.com,915000000000,"H.No. 104
Tak Ganj, Bhatpara 028985",Guna,907803,07-08-2023,Inactive,4,979.63
67310893,Idika Patla,arya77@example.org,918000000000,"91/165, Dewan Circle
Ajmer-980052",Chennai,286135,08-08-2023,New,19,1592.94
666589,Kevin Bassi,jainchandani@example.net,912000000000,"25/224
Soni Ganj
Visakhapatnam-398942",Morbi,852969,09-08-2023,Regular,15,465.38
73639935,Urvi Deo,talwargautami@example.com,911000000000,"12/820, Radhakrishnan Ganj
Aligarh-496495",Medininagar,528705,10-08-2023,Inactive,10,360.91
51592174,Jasmit Sura,anusha59@example.com,912000000000,"H.No. 821, Barman Street
Bhagalpur 755691",Secunderabad,271886,11-08-2023,New,2,794.83
12338529,Rishi Nayak,yash47@example.org,912000000000,"59/031
Kohli Road, Bhilwara 572342",Bangalore,448389,12-08-2023,New,11,347.1
81757554,Yagnesh Nadkarni,srinivasnisha@example.net,920000000000,"46/12, Dash Street, Ujjain 348748",Shimoga,591693,13-08-2023,Premium,12,1815.02
95372766,Hitesh Morar,ikbalwagle@example.org,914000000000,"06
Dixit
Bahraich 227315",Latur,609032,14-08-2023,Regular,9,629.05
28111842,Charles Kannan,amrita30@example.org,915000000000,"55
Setty Ganj
Bijapur-974804",Tirunelveli,734693,15-08-2023,Premium,8,1892.45
27878182,Qabil Lata,aarnav41@example.com,911000000000,"76/44, Lata
Jhansi-232629",Thoothukudi,474639,16-08-2023,Inactive,1,1023.51
27353891,Gabriel Ahluwalia,tahuja@example.com,917000000000,"295, Varty
Jabalpur-431897",Parbhani,889940,17-08-2023,Premium,20,1110.61
19179897,Tarak Nagi,dasoliver@example.net,918000000000,"H.No. 031
Subramaniam Street
Tezpur 787717",Orai,757209,18-08-2023,Premium,18,1491.58
63630649,Indira Golla,atikhanna@example.org,913000000000,"44/45
Kamdar Path, Mumbai 535037",Vijayawada,178528,19-08-2023,Premium,8,1626.79
16359370,Harsh Gaba,zayan66@example.org,919000000000,"H.No. 384
Yohannan Chowk, Nanded-222053",South Dumdum,945900,20-08-2023,Premium,1,1352.7
92123198,Diya Munshi,garimadutt@example.com,916000000000,"H.No. 86
Rastogi Road
Tiruchirappalli 971518",Bidar,505894,21-08-2023,Regular,8,224.01
77306672,Bina Seshadri,qsaha@example.com,919000000000,"58
Balay Nagar, Berhampore 873691",Motihari,249750,22-08-2023,Regular,20,456.24
67696145,Isaac Rattan,yuvrajkant@example.net,920000000000,"79/94, Kuruvilla Road, Bihar Sharif-023568",Bettiah,523966,23-08-2023,Regular,18,482.94
29902416,Falak Choudhry,gautampandit@example.org,919000000000,"08/63
Bhatt Path
Khammam-521999",Tenali,401415,24-08-2023,Inactive,18,1010.11
11446157,Nidhi Borra,upadhriti34@example.org,912000000000,"99/071, Dua Street, Sultan Pur Majra-817622",Shimoga,681393,25-08-2023,Inactive,8,400.97
84377964,Saumya Babu,palleta@example.com,920000000000,"49, Deol Nagar, Khammam 908157",Tezpur,257432,26-08-2023,Inactive,13,1458.37
12591752,Zilmil Krishna,ukant@example.org,919000000000,"116, Korpal Ganj
Junagadh 903149",Singrauli,711091,27-08-2023,Inactive,14,740.4
4940671,Sarthak Doshi,fariq53@example.org,911000000000,"42, Mand Nagar
Kolkata-949731",Silchar,431653,28-08-2023,Inactive,7,494.03
88111697,Ronith Rajagopal,hemalkala@example.org,920000000000,"68/88
Bhargava Marg, Rajahmundry-132192",Ballia,413102,29-08-2023,Regular,4,1731.14
98241853,Lila Mangal,reddydamini@example.com,912000000000,"99/06
Kala Zila
Gandhidham 366062",Vellore,575103,30-08-2023,Premium,19,1203.76
75482,Jeet Gandhi,amrita05@example.net,917000000000,"95/861, Jaggi, Sikar-343285",Korba,298093,31-08-2023,Regular,13,1938.38
6291143,Banjeet Oak,abhatia@example.com,918000000000,"56/942
Rajan Road
Mysore 031754",Yamunanagar,135844,01-09-2023,Inactive,19,1934.37
20209237,Anthony Ratti,aryan46@example.com,919000000000,"44/934, Varma Marg
Thiruvananthapuram-851021",Shimoga,467793,02-09-2023,Regular,19,1121.1
85435560,Viraj Nair,krishnavedhika@example.org,919000000000,"32/80
Rajan Zila, Anantapur 869770",Ludhiana,660678,03-09-2023,Inactive,8,1309
68063317,Reva Rajagopal,lavanya06@example.com,916000000000,"95, Bahl Zila
Kirari Suleman Nagar-350381",Muzaffarnagar,732932,04-09-2023,Inactive,4,1316.23
82594354,Harinakshi Sule,ocontractor@example.net,920000000000,"H.No. 608
Dhawan Ganj
Nizamabad 291392",Avadi,345071,05-09-2023,Regular,7,321.8
51040116,Inaya Pillai,wyattsavant@example.com,912000000000,"77
Mistry Ganj, Unnao-632141",Berhampur,595645,06-09-2023,Regular,11,783.03
78053306,Meera Naik,sdeo@example.org,915000000000,"96/063
Aggarwal Ganj, Kozhikode 808109",Visakhapatnam,436981,07-09-2023,Inactive,6,1037.09
66761643,Samuel Mukherjee,wriddhishwagle@example.net,916000000000,"63
Goel Zila
Ichalkaranji 944267",Anand,695591,08-09-2023,Regular,20,1432.01
81932548,Baghyawati Gill,vaishnaviagrawal@example.com,914000000000,"227
Panchal Ganj, Raiganj 028467",Etawah,439705,09-09-2023,Premium,12,1508.41
19682060,Hamsini Swamy,vedhikasawhney@example.net,918000000000,"14/652
Ganesan Nagar, Patna-892135",Jehanabad,273810,10-09-2023,Inactive,4,850.2
1719710,Pushti Sabharwal,ramachandranharini@example.com,914000000000,"49, Halder Circle, Dindigul-895174",Giridih,798390,11-09-2023,New,2,1332.82
74195536,Champak Chhabra,ishanviratti@example.org,917000000000,"21/29
Yohannan, Ambarnath-175439",Amaravati,861407,12-09-2023,Premium,5,650.62
15534747,Oviya Luthra,edhar@example.org,913000000000,"H.No. 51, Mahajan Street
Dehradun 313062",Kadapa,76910,13-09-2023,Inactive,15,362.34
95558510,Ekaraj Halder,jairaj73@example.com,911000000000,"59, Raj, Tenali 078584",Bhind,565088,14-09-2023,Inactive,5,466.28
767523,Maya Khosla,khannaijaya@example.org,919000000000,"H.No. 10
Venkatesh Street, Kakinada 570578",Vasai-Virar,375272,15-09-2023,Inactive,13,1737.28
55056284,Devika Lal,kamdarkalpit@example.com,912000000000,"H.No. 812, Iyengar Path
Jaunpur 333582",Ichalkaranji,969027,16-09-2023,Inactive,11,373.44
86167288,Rachana Rajagopal,cratta@example.net,918000000000,"H.No. 292
Baral Nagar
Bettiah-410932",Nagpur,155646,17-09-2023,Inactive,1,1049.94
96511007,Hema Mannan,minhasria@example.net,915000000000,"25/07
Sarraf Ganj
Ajmer-104308",Dindigul,470156,18-09-2023,New,14,1243.4
31084686,Jai Ramaswamy,ylad@example.net,914000000000,"60/650, Yogi Road
Baranagar 657937",Aurangabad,587018,19-09-2023,Regular,4,893.55
99594960,Amaira Tak,inarang@example.net,919000000000,"14/029
Rajan
Shimoga-387010",Madanapalle,446417,20-09-2023,Inactive,16,1475.23
53815931,Praneel Sekhon,dalbirganguly@example.org,913000000000,"06, Bedi, Sonipat-496094",Jaipur,663082,21-09-2023,Inactive,17,1739.94
21597477,Mugdha Chaudhuri,varshadate@example.net,914000000000,"H.No. 85, Johal Path, Nadiad 338564",Bhopal,801132,22-09-2023,Inactive,18,246.42
243838,Sudiksha Nagar,chandanikrish@example.net,914000000000,"H.No. 58
Cherian Zila
Dhule 851724",Visakhapatnam,865844,23-09-2023,New,11,1158.27
15484407,Saksham Kaur,nathmohammed@example.net,912000000000,"45, Gera Path, Medininagar-812341",Kakinada,457519,24-09-2023,Premium,18,560.95
21677923,Lipika Mukhopadhyay,masonnayar@example.net,916000000000,"045
Nath Circle, Nagpur-291495",Kakinada,247798,25-09-2023,New,17,465.55
24845814,Harshil Shukla,vedhikavora@example.net,914000000000,"H.No. 189
Brahmbhatt
Shimoga 947864",Raipur,46092,26-09-2023,Regular,17,423.79
99893898,Vedant Master,forumwable@example.com,916000000000,"123, Manda Circle, Dehradun 286985",Berhampore,893327,27-09-2023,New,16,365.4
95856869,Bahadurjit Ratta,dinradhika@example.org,915000000000,"H.No. 031, Lala Nagar, Nandyal 203236",Tirupati,650085,28-09-2023,New,12,531.83
40275138,Eiravati Thaker,umangbabu@example.net,914000000000,"14/926
Goswami Nagar
Bhiwani-379094",Bathinda,833704,29-09-2023,Inactive,18,1468.32
12814732,Janya Soni,shenoyharita@example.net,918000000000,"054
Acharya Ganj, Dhanbad 214980",Karaikudi,768626,30-09-2023,Regular,8,1473.36
4057678,Brijesh Khalsa,rrai@example.org,920000000000,"96/44, Bhargava
Bikaner 112116",Kadapa,383118,01-10-2023,Inactive,19,882.63
46682777,Simon Parekh,vigekiya@example.org,915000000000,"22
Balay Road
Thanjavur 478790",Medininagar,705746,02-10-2023,Inactive,10,600.09
10562528,Udant Dada,odika72@example.com,916000000000,"H.No. 19, Taneja Ganj, Malda-646819",Udaipur,579690,03-10-2023,Premium,12,887.02
31978160,Kiaan Khare,januja42@example.net,914000000000,"H.No. 76, Sharma Zila
Bharatpur 622055",Saharanpur,506540,04-10-2023,New,8,1881.61
14207332,Ucchal Uppal,epandya@example.com,911000000000,"88, Contractor
Silchar 827375",Aligarh,571862,05-10-2023,Regular,18,1263.17
76019750,Omisha Balan,advaithsahota@example.com,914000000000,"91, Uppal Path
Guwahati 827046",Thiruvananthapuram,320360,06-10-2023,New,20,310.83
36833857,Omya Banik,jeet65@example.org,914000000000,"19
Dada Marg, Hajipur-162049",Silchar,319422,07-10-2023,Premium,7,1882.18
84275450,Frederick Sem,ucchalsingh@example.com,920000000000,"50/504
Sha Zila
Agra-731162",Nellore,809285,08-10-2023,Premium,17,239.05
6367136,Yashica Jayaraman,kmane@example.org,910000000000,"47/70
Kalita Road
Jalgaon-197155",Rohtak,337064,09-10-2023,Regular,18,1662.44
27049432,Mitali Shankar,sahotaudarsh@example.net,917000000000,"91/62
Chandra, Ambala-225973",Nagaon,68240,10-10-2023,Premium,1,1866.16
69863493,Yashica Madan,jsehgal@example.com,914000000000,"36, Rau Circle
Meerut-833400",Junagadh,342288,11-10-2023,Regular,6,1620.01
35349582,Raksha Kalla,qvohra@example.net,912000000000,"159, Sahni Circle, Panihati 063296",Bhilai,563148,12-10-2023,Premium,6,932.85
20148223,Manbir Dua,schar@example.org,911000000000,"H.No. 573, Comar Road, Proddatur-125060",Kamarhati,675142,13-10-2023,Inactive,5,599.99
46684081,Darika Hans,shahaarna@example.com,910000000000,"223, Jani Road
Hindupur 177571",Ghaziabad,519748,14-10-2023,Premium,11,1225.01
49795571,Rajata Agrawal,charvikurian@example.net,912000000000,"43/482
Munshi Zila, Khandwa 356038",Loni,73093,15-10-2023,Premium,13,401.72
44935198,Chakrika Divan,wazirpandit@example.org,918000000000,"80/85, Thakkar Circle, Bikaner 110079",Tumkur,112464,16-10-2023,New,14,973.32
74515162,Aarnav Parsa,miteshvarghese@example.org,910000000000,"72
Koshy, Pali 271238",Durgapur,233703,17-10-2023,New,10,1605.13
54885705,David Date,ojasvisandhu@example.com,916000000000,"74/94, Badal Nagar, Jalna 695558",Amritsar,359792,18-10-2023,Premium,13,432.05
96793479,Abhimanyu Venkataraman,wramakrishnan@example.com,916000000000,"70, Wali Marg, Saharanpur-050662",Ambarnath,540050,19-10-2023,Inactive,18,1185.01
87335844,Chandran Chakraborty,nborah@example.com,917000000000,"218
Bedi Chowk, Nangloi Jat 363286",Shivpuri,133563,20-10-2023,Premium,11,1770.89
67340606,Onkar Arya,lekharadhakrishnan@example.org,920000000000,"H.No. 08, Goda Street
Madurai 153185",Tirunelveli,991020,21-10-2023,Premium,6,263.58
72667140,Neelima Raj,benharrison@example.net,913000000000,"00/569
Hayer Street, Srinagar 199551",Mysore,827748,22-10-2023,Premium,9,1106.22
71956734,Sneha Chaudhuri,kalasaanvi@example.org,913000000000,"759
Sahni Marg
Parbhani 296580",Adoni,396862,23-10-2023,New,8,1219.73
8536503,Ubika Om,daminikala@example.com,911000000000,"76/125, Bora Chowk
Bharatpur-089713",Ramagundam,111678,24-10-2023,Regular,9,399.57
70179018,Sai Brar,shaoni@example.net,917000000000,"H.No. 689
Tara Chowk
Phagwara-194850",Bhiwani,759090,25-10-2023,New,5,1725.79
68219091,Tanvi Dixit,deourvi@example.com,917000000000,"26
Shah Road, Nadiad 221103",Ongole,443175,26-10-2023,Regular,16,529.87
71890882,Mitali Parsa,khalsazaid@example.org,919000000000,"65
Balasubramanian Road, Akola 312577",Fatehpur,316173,27-10-2023,Premium,6,907.37
44928499,Aarav Andra,sonikabir@example.org,911000000000,"H.No. 730
Saraf Marg, Lucknow-500239",Ramgarh,227609,28-10-2023,New,10,915.27
35302195,Garima Chahal,wyatt01@example.com,915000000000,"467
Bains Ganj
Allahabad-875803",Maheshtala,476166,29-10-2023,New,16,420.19
25641500,Harshil Vaidya,michaelthakur@example.org,910000000000,"H.No. 76, Kamdar Street
Nizamabad 170922",Sultan Pur Majra,580141,30-10-2023,Premium,18,241.19
29272253,Brijesh Nadkarni,gaurangigarg@example.com,916000000000,"52
Subramaniam Road, Ozhukarai-599981",Kolhapur,373917,31-10-2023,New,18,1282.7
30643619,Ethan Nagi,dmukherjee@example.com,920000000000,"219, Ratti Street
Gwalior 736989",Shimla,499186,01-11-2023,Inactive,5,1084.47
40800762,Pranav Dar,urvashi38@example.org,916000000000,"70/167, Gaba Ganj
Madhyamgram 684375",Pallavaram,455611,02-11-2023,Inactive,10,1781.9
74212242,Netra Kaul,manya42@example.org,919000000000,"78
Nagy Street, Giridih-598307",Allahabad,725534,03-11-2023,Premium,2,1065.52
30265929,Nandini Brahmbhatt,dixitganga@example.org,918000000000,"32/39
Natt Ganj
Thrissur-034713",Nizamabad,844891,04-11-2023,Premium,15,1388.33
22321208,Pratyush Bedi,praneel86@example.net,913000000000,"74/583
Kapoor Nagar
Buxar-561567",Ballia,740752,05-11-2023,Regular,18,558.66
60385293,Edhitha Pandey,hchaudry@example.org,912000000000,"30/01, Pillay Road
Jammu-165930",Medininagar,950046,06-11-2023,Premium,17,228.44
94137242,Rohan Mallick,wasonmohammed@example.net,917000000000,"H.No. 80, Varty Street, Narasaraopet-597623",Bhagalpur,104396,07-11-2023,New,14,1592.85
45477575,Aarna Bawa,kondajagdish@example.com,913000000000,"14/351, Agarwal Path
Medininagar 636193",Vellore,117423,08-11-2023,Inactive,4,327.93
9401406,Lucky Babu,shivanisura@example.net,917000000000,"19/19, Prabhakar Circle
Khandwa-188633",Panipat,128140,09-11-2023,Regular,14,792.74
21948041,Oni Amble,devbarman@example.com,912000000000,"20/02, Magar Chowk, Jaipur 910334",Bhavnagar,541006,10-11-2023,New,13,1381.95
39968800,Gopal Bera,gavin30@example.net,915000000000,"98/202
Maharaj Chowk
Srinagar-720865",Malda,385040,11-11-2023,New,19,1877.55
29097987,Matthew Subramanian,samuel89@example.net,911000000000,"H.No. 42
Korpal Zila
Kollam 079499",Hosur,56400,12-11-2023,Inactive,12,224.41
83304571,Abha Dugar,vrittishukla@example.com,919000000000,"63/02
Lalla
Nagaon-893985",Dharmavaram,356502,13-11-2023,New,19,1772.47
69126963,Chatura Lad,gagankaran@example.com,917000000000,"354, Chaudhry, Guna-116016",Mirzapur,838057,14-11-2023,Premium,19,1352.41
26903313,Chandresh Sandal,chandreshyohannan@example.org,919000000000,"H.No. 834, Mistry Circle, Jalna 276281",Bhimavaram,460961,15-11-2023,Regular,1,284
50899600,Frado Arya,kthakur@example.com,919000000000,"11, Kar Zila
Pondicherry-026892",Bettiah,87102,16-11-2023,New,1,989.49
12988801,Darika Verma,pallahredhaan@example.net,912000000000,"H.No. 697, Solanki Circle, Raurkela Industrial Township-387322",Gurgaon,701201,17-11-2023,New,8,1179.5
85869195,Kashish Nigam,rajagopalansudiksha@example.net,917000000000,"11/091, Roy Ganj, Tirunelveli-404174",Rajpur Sonarpur,313275,18-11-2023,Regular,2,1125.96
76327561,Osha Khanna,utkarsh04@example.net,916000000000,"63/442, Seth Zila
Guwahati-133100",Adoni,471009,19-11-2023,Inactive,5,553.12
54580166,Jason Pradhan,lucky87@example.net,910000000000,"08, Dani Chowk, Shimla 913693",Silchar,67494,20-11-2023,Regular,8,1024.69
15931134,Azaan Gara,jai07@example.com,914000000000,"H.No. 099
Ghosh Zila, Serampore-691244",Darbhanga,121150,21-11-2023,Inactive,5,760.9
79919160,Qasim Rai,madhavhans@example.com,914000000000,"44/93, Mall Chowk, Guna-533461",Silchar,216361,22-11-2023,Premium,8,565.61
5763963,Chandran Seth,yashoda79@example.net,915000000000,"17/902
Mital Road
Kharagpur-793062",Pimpri-Chinchwad,773179,23-11-2023,Regular,12,1118.82
75213636,Bhanumati Chatterjee,xitiarya@example.com,920000000000,"97/38, Prakash Ganj
Sonipat 694456",Sonipat,971252,24-11-2023,Inactive,5,1482.83
16543242,Vihaan Korpal,dayalekaraj@example.net,910000000000,"H.No. 44, Garde Street
Indore 604835",Darbhanga,887597,25-11-2023,Premium,6,1523.88
61568565,Kashish Lala,pallrajeshri@example.org,911000000000,"H.No. 98
Samra Path, Naihati 015024",Yamunanagar,522411,26-11-2023,New,2,1943.51
42227189,Nilima Borah,kashishvenkatesh@example.com,912000000000,"H.No. 22, Oommen Marg
Bokaro-040725",Sonipat,618575,27-11-2023,Regular,19,723.21
23996221,Jackson Issac,kulkarniekapad@example.com,919000000000,"H.No. 040
Kala Ganj, Bardhaman-699657",Ramagundam,243517,28-11-2023,Inactive,7,1783.28
76309170,Chandran Agate,rayomkaar@example.net,919000000000,"H.No. 36
Seshadri Zila, Nanded-141728",Bhind,592981,29-11-2023,Regular,18,1824.43
78157360,Xavier Toor,rayaan93@example.net,918000000000,"82/63
Pant
Shimoga-462093",Udaipur,574799,30-11-2023,Regular,20,1310.87
49833888,Harini Raja,ekavir40@example.net,914000000000,"00, Varma Zila, Amaravati 118550",Parbhani,925782,01-12-2023,Inactive,3,1908.42
60591625,Fitan Kunda,gillgunbir@example.net,914000000000,"81/40, Borah Path
Aligarh 096524",Delhi,623581,02-12-2023,New,8,374.61
5238055,Chandani D’Alia,sahninandini@example.net,911000000000,"H.No. 37
Balakrishnan, Raurkela Industrial Township-608642",Guntur,745044,03-12-2023,Regular,3,1166.67
25221501,Pratyush De,royisaac@example.org,913000000000,"79/767, Thaker Marg
Mehsana 184520",Orai,179348,04-12-2023,Regular,20,1935.84
71905368,Chameli Magar,ugulati@example.org,914000000000,"26/58, Sawhney Road
Ichalkaranji 364954",Bathinda,943076,05-12-2023,Premium,7,479.45
54057428,Chatura Contractor,gsachdev@example.org,913000000000,"061
Kalla Path, Khandwa-739363",Panvel,751652,06-12-2023,New,13,1564.34
68475914,Ishita Sarna,bhallasaanvi@example.org,916000000000,"198
D’Alia Road, Anantapur-670874",Kishanganj,766236,07-12-2023,Inactive,6,1615.84
48358028,Xavier Kibe,agatesiya@example.org,915000000000,"986
Banerjee Marg, Bhagalpur 966590",Gudivada,666095,08-12-2023,Premium,14,1852.36
43367112,Chasmum Ramesh,jom@example.com,913000000000,"H.No. 620
Krishnamurthy Nagar, Pudukkottai-019414",Gopalpur,276624,09-12-2023,New,19,1861.66
69034027,Udarsh Gole,tatwal@example.com,915000000000,"H.No. 751
Khanna Street, Kolkata-181161",Nagaon,299457,10-12-2023,Regular,4,1230.08
7687234,Farhan Sheth,dhritijhaveri@example.com,917000000000,"H.No. 346, Walia Zila
Raichur-286527",Naihati,183562,11-12-2023,Inactive,18,892
97411107,Udarsh Sandhu,janaki58@example.net,917000000000,"11/78
Dugal Street
Orai 801891",Medininagar,970183,12-12-2023,New,18,1406.97
9423628,Chanakya Dutta,magarekbal@example.net,920000000000,"66/820, Vora Marg
Bokaro-175491",Malegaon,936957,13-12-2023,Inactive,19,1911.7
72797175,Aarush Ratti,harinikurian@example.net,913000000000,"21/12
Malhotra Path
Mangalore-066277",Loni,660030,14-12-2023,Regular,7,426.09
38875754,Yash Mitter,falaksrinivasan@example.net,916000000000,"004
Hayre Circle
Anand 997941",Ambattur,109408,15-12-2023,Premium,9,237.42
49881540,Xalak Muni,avni70@example.net,918000000000,"140, Mannan Circle
Nashik-798110",Kottayam,59206,16-12-2023,Inactive,10,1134.6
13462905,Bimala Rau,arinhans@example.org,911000000000,"59/269, Natarajan Chowk
Jhansi-391339",Farrukhabad,96804,17-12-2023,Premium,14,809.44
37556526,Anjali Varkey,triveni48@example.org,916000000000,"H.No. 66, D’Alia Zila
Muzaffarpur-364745",Farrukhabad,243420,18-12-2023,Inactive,18,1200.18
52032226,Jagvi Choudhury,shivanimani@example.com,918000000000,"12/11, Kala Circle
Amroha 185767",Jodhpur,921195,19-12-2023,Premium,19,1551.39
75289676,Yashica Borra,odikasaha@example.org,916000000000,"22
Karnik Ganj, Thoothukudi-104639",Bardhaman,123617,20-12-2023,Inactive,19,1170.53
9274874,Kashvi Ganguly,fray@example.org,919000000000,"H.No. 813
Vasa Marg
Darbhanga 804686",Arrah,271335,21-12-2023,Regular,20,792.52
36428139,Hemani Ben,reva92@example.com,915000000000,"H.No. 45
Maharaj Circle, Bardhaman-464292",Nagaon,993212,22-12-2023,Premium,15,619.69
51994597,Xavier Divan,sahotaavni@example.org,913000000000,"83/630, Morar Road, Chandrapur 044856",Mira-Bhayandar,964776,23-12-2023,Regular,12,1591.21
95309983,Vansha Atwal,ramankritika@example.net,919000000000,"23/11, Ramesh, Udupi 062614",Solapur,373773,24-12-2023,New,15,1990.83
2391900,Nisha Gokhale,priyasankaran@example.com,918000000000,"970
Oak Zila
Rajahmundry 305834",Bhagalpur,348478,25-12-2023,New,17,897.78
82425179,Gagan Patil,diyalal@example.net,910000000000,"83/41
Kota, New Delhi 417281",Kakinada,367377,26-12-2023,Regular,17,1532.5
45868300,Isha Sheth,revaatwal@example.net,916000000000,"H.No. 36
Doctor Path, Aurangabad 897507",Ratlam,406941,27-12-2023,Premium,7,584.9
1855421,Jasmit Kibe,kabiranand@example.net,914000000000,"94
Lal Road, Satara 661110",Kadapa,608163,28-12-2023,Inactive,10,260.2
87256913,Abhiram Kannan,wagate@example.org,919000000000,"H.No. 39
Master Marg
Silchar-029236",Bhiwandi,398030,29-12-2023,Regular,10,990.58
15545780,Ekansh Baria,mammenqasim@example.net,912000000000,"99/11, Bhattacharyya Street
Nangloi Jat-388866",Ambala,953801,30-12-2023,Regular,18,1268.44
20951294,Sathvik Dhar,atichoudhary@example.net,918000000000,"527, Choudhury Zila
Khammam-116209",Anantapur,766714,31-12-2023,Premium,4,223.45
11636968,Frado Ravel,rachitaaurora@example.org,919000000000,"36/97, Dutta Chowk
Bharatpur-153378",Srinagar,213214,01-01-2024,Inactive,1,1574.94
86636273,Saksham Bora,michael01@example.org,914000000000,"H.No. 881, Shroff Ganj, Imphal-936263",Chinsurah,958910,02-01-2024,Inactive,13,529.61
40593638,Wridesh Ratti,bgrewal@example.net,918000000000,"01
Bhargava Circle, Chandrapur-262870",Purnia,432260,03-01-2024,Premium,18,1146.85
701493,Ekaraj Saini,arya43@example.net,919000000000,"H.No. 327, Borde Circle, Dibrugarh 462007",Shahjahanpur,845299,04-01-2024,Inactive,2,290.07
29664214,Vrishti Chopra,csankaran@example.com,914000000000,"57, Gala Circle, Bhavnagar-180888",Chennai,979766,05-01-2024,Regular,13,553.65
26278566,Henry Zachariah,surimaanas@example.org,913000000000,"H.No. 87
Jain Street, Darbhanga-415731",Satna,604955,06-01-2024,New,14,1739.84
87251489,Reyansh Johal,ladpatrick@example.net,915000000000,"49/97
Thakkar Chowk, Jamalpur-188650",Thane,171389,07-01-2024,Premium,9,1940.4
67465084,Rachita Gill,meghana61@example.net,913000000000,"415
Keer Zila
Pondicherry 417130",Ratlam,549174,08-01-2024,Premium,20,1001.97
83236183,Zayan Kalla,chatreshtella@example.net,918000000000,"71/586
Puri
Vasai-Virar 324011",Panihati,760694,09-01-2024,New,20,1145.01
66710182,Max Mallick,sameshdate@example.com,915000000000,"H.No. 31
Chowdhury Ganj
Rohtak 005657",Korba,565436,10-01-2024,Inactive,11,1751.48
93507573,Raksha Prashad,ntank@example.com,913000000000,"020, Nagi Road, Jaunpur 764276",Purnia,88946,11-01-2024,Premium,2,555.78
8733344,Chandani Mishra,kalitafaraj@example.com,916000000000,"80/04
Garde Marg, Amaravati 689188",Jammu,100521,12-01-2024,Premium,10,1152.02
73098723,Abhiram Khare,wvora@example.org,919000000000,"644, Cherian Circle
Karimnagar 990326",Coimbatore,17255,13-01-2024,New,1,474.41
49050014,Chanakya Mukhopadhyay,edhithashetty@example.net,914000000000,"H.No. 648, Morar Road
Dharmavaram-350890",Ludhiana,610068,14-01-2024,Premium,8,1589.25
98144693,Varenya Ahluwalia,imohan@example.com,913000000000,"41/464
Bajwa Zila
Katihar-157022",Kota,839641,15-01-2024,Premium,10,701.68
43034188,Ekaraj Bora,kohlimeera@example.org,919000000000,"40/707, Soman Chowk
Latur-351743",Sirsa,569612,16-01-2024,Inactive,2,1638.62
77673290,Aditya Ram,sanya50@example.com,915000000000,"H.No. 985, Contractor Chowk
Sangli-Miraj & Kupwad-857082",Sagar,627474,17-01-2024,Premium,7,1881.39
41494517,Maya Dara,hamsini77@example.com,910000000000,"28/79, Peri Ganj, Satna 501343",Latur,726616,18-01-2024,Inactive,10,860.07
85233498,Arin Chad,banjeetanne@example.org,916000000000,"H.No. 28, Agarwal Zila, Karnal-493549",Bijapur,369390,19-01-2024,New,4,1715.9
79592021,Jack Basu,gulatitanvi@example.net,916000000000,"668, Jaggi Circle, Jorhat-664299",Chittoor,463029,20-01-2024,Regular,1,291.29
40104482,George Toor,kdave@example.com,911000000000,"510
Ramakrishnan Chowk, Thiruvananthapuram 670909",Morbi,752996,21-01-2024,New,5,1632.94
1469696,Gaurangi Banerjee,raghavanjagrati@example.com,912000000000,"98/623
Balasubramanian Zila, Alappuzha-147623",Jalna,74329,22-01-2024,Premium,6,1784.79
21658322,Balhaar Balasubramanian,tandoneiravati@example.com,912000000000,"94/125, Chhabra Circle
Suryapet 010747",Maheshtala,216235,23-01-2024,Regular,5,1416.06
55094848,Michael Sarraf,ckakar@example.net,914000000000,"22, Sant Street
Patna-748149",Madanapalle,90667,24-01-2024,Premium,14,422.78
15897933,Mohini Rao,asom@example.org,920000000000,"518, Mammen Chowk, Aurangabad 953213",Jabalpur,337945,25-01-2024,Regular,1,1221.23
8138417,Champak Narayan,xnath@example.com,918000000000,"292
Basak Street
Kumbakonam-181430",Nangloi Jat,773735,26-01-2024,Premium,7,1446.82
24581427,Yahvi Tiwari,yauvanibarad@example.net,917000000000,"43/477, Bath Marg, Panihati-316632",Ahmednagar,644558,27-01-2024,Premium,3,747.9
73428596,Nathaniel Sem,ekanta10@example.com,918000000000,"19/020, Apte Road, Bareilly-249358",Kakinada,530738,28-01-2024,Inactive,16,808.24
95428692,Janani Yohannan,chakradevwable@example.com,919000000000,"H.No. 76, Ravel Circle, Raurkela Industrial Township-413543",Motihari,512761,29-01-2024,New,14,1834.38
51048402,Leela Bhandari,wnarayan@example.com,915000000000,"82/635
Karan Street, Srinagar 417962",Ahmedabad,68801,30-01-2024,Premium,12,895.49
13455530,Yoshita Varty,mdoshi@example.com,916000000000,"98
Bose, Kozhikode 567183",Saharsa,419575,31-01-2024,Inactive,3,1812.55
62742184,Gabriel Luthra,qasim85@example.net,915000000000,"H.No. 569, Narain Marg
Hosur-065127",Nandyal,575266,01-02-2024,Premium,15,1518.76
26285589,Bakhshi De,reyanshbarad@example.net,915000000000,"62/286, Rege Chowk, Bhalswa Jahangir Pur-017260",Yamunanagar,962533,02-02-2024,New,15,535.12
31991019,Gauri Dhar,dominicperi@example.net,912000000000,"53/402
Gola Zila, Ulhasnagar 941321",New Delhi,151851,03-02-2024,Regular,12,1231.06
52862822,Aarini Khosla,ysaran@example.com,914000000000,"12, Rao Chowk, Bhatpara 780850",Anand,618615,04-02-2024,Regular,14,491.28
2365348,Zashil Varghese,rayaan71@example.net,919000000000,"H.No. 059, Swamy Ganj
Thoothukudi-956774",Siwan,119006,05-02-2024,Regular,11,1133.51
62917794,Chaman Setty,charlesprabhu@example.org,914000000000,"067, Sem Street, Thane-645689",Bharatpur,198010,06-02-2024,Regular,16,1686.74
49806393,Aarush Natt,nachiket49@example.com,912000000000,"33, Kurian Zila
Jorhat 539806",Latur,918497,07-02-2024,Regular,5,1229.25
65382130,Nachiket Mani,rajaijaya@example.net,917000000000,"65
Manne Circle, Gangtok-255633",Ahmednagar,88366,08-02-2024,Regular,18,557.2
97111119,Ridhi Sekhon,rmishra@example.com,914000000000,"H.No. 44
Hora Circle
Jabalpur 884514",Tiruchirappalli,980279,09-02-2024,Regular,13,1047.73
48268435,Triveni Padmanabhan,bishakhaprasad@example.com,914000000000,"40
Bandi Chowk
Bally-447625",Ramagundam,631598,10-02-2024,Inactive,15,1670.86
10796846,Waida Sanghvi,qbera@example.com,913000000000,"H.No. 080
Vala Path, Nizamabad 974676",Tiruvottiyur,379070,11-02-2024,Regular,2,1548.31
31233120,Veer Krish,mitesh54@example.org,917000000000,"60/849
Venkatesh Road
Navi Mumbai-093276",Lucknow,9792,12-02-2024,Regular,2,555.76
4192351,Leela Date,vbalasubramanian@example.net,916000000000,"H.No. 10
Banik Ganj, Kavali-006107",Nandyal,871014,13-02-2024,Inactive,17,625.36
9347990,Aarush Pingle,natarajantanay@example.com,912000000000,"39/93
Khare, Kolkata 775692",Nizamabad,16949,14-02-2024,Premium,6,492.04
46699982,Abhiram Sahni,vuppal@example.org,916000000000,"728, Mishra, Haridwar 182006",Ulhasnagar,837587,15-02-2024,Inactive,19,1171.6
46515922,Harish Setty,kamya82@example.net,919000000000,"63/69, Mital Chowk, Gandhinagar-801336",Ghaziabad,793626,16-02-2024,Regular,16,950.75
2164524,Kamala Natt,abha02@example.net,915000000000,"H.No. 130
Bhakta Chowk
Morbi-605758",Rohtak,398241,17-02-2024,Inactive,1,754.95
94854830,Aarna Dave,michaelmann@example.com,913000000000,"80/915
Pau Nagar
Haridwar-710710",Kochi,194790,18-02-2024,Inactive,5,415.65
53886685,Ayaan Dixit,henrykanda@example.net,912000000000,"90, Issac Circle
Giridih-159208",Bhimavaram,771068,19-02-2024,New,11,1066.86
89223620,Udyati Malhotra,raaginimitter@example.net,913000000000,"13
Kaul Road
Kulti-440393",Amravati,487205,20-02-2024,Inactive,17,579.91
17597449,Umang Dhingra,pprabhakar@example.com,916000000000,"47
Patil Circle, Srikakulam 796222",Guna,433729,21-02-2024,Inactive,15,229.4
14167111,Balvan Raman,bassigavin@example.org,918000000000,"H.No. 15, Shetty Zila, Buxar-796680",Kishanganj,21360,22-02-2024,New,18,963.9
93867669,Vrishti Bhatti,ochoudhary@example.net,919000000000,"H.No. 419, Ranganathan Road
Thane-511020",Khammam,755055,23-02-2024,Inactive,10,1954.42
8886587,Aishani Sura,neelima18@example.com,913000000000,"68, Sunder Marg
Tiruppur 470957",Moradabad,171879,24-02-2024,Regular,4,951.65
53292177,Tanmayi Vyas,eesha65@example.com,918000000000,"14/54
Banik
Kirari Suleman Nagar-412785",Panihati,635480,25-02-2024,Inactive,3,1449.4
66130660,Lopa Bhasin,tanishverma@example.com,913000000000,"78/65
Trivedi Road
Chandigarh 042818",Gandhinagar,773293,26-02-2024,New,1,1673.4
29562254,Devansh Murty,niteshdeshpande@example.com,910000000000,"07/32
Ghosh Street, Nagercoil 485520",Jaunpur,853545,27-02-2024,Inactive,19,1290.14
40703374,Wriddhish Ramachandran,sahaamara@example.org,917000000000,"65/892
Rastogi Street
Anantapuram-983602",Nandyal,854748,28-02-2024,Regular,10,1934.68
18259715,Finn Chacko,ggala@example.org,910000000000,"H.No. 080
Kari, Deoghar 884791",Pudukkottai,635726,29-02-2024,Regular,9,1731.11
63184222,Veer Cheema,geetika98@example.com,910000000000,"33/00
Sami Chowk
Saharanpur 693311",Kharagpur,304440,01-03-2024,Inactive,15,1035.69
5540556,Lakshit Balan,gunbirpillai@example.org,915000000000,"508, Dixit Zila
Nashik-521010",Gangtok,166077,02-03-2024,Regular,13,273.47
36587003,Amaira Nagi,jdeo@example.org,917000000000,"494, Shukla Path
Nizamabad 528423",Tumkur,471550,03-03-2024,New,5,1759.74
55028958,Pavani Yadav,mallorinder@example.org,910000000000,"71/201, Swamy, Thoothukudi-983182",Howrah,918618,04-03-2024,New,17,1168.29
86995126,Bimala Bhattacharyya,sanishaurya@example.org,915000000000,"830
Naik Chowk, Shivpuri-973829",Durgapur,924849,05-03-2024,New,10,316.82
22358567,Zansi Chakraborty,sarthaksuri@example.org,912000000000,"05
Kara Street
Bhagalpur-060052",Faridabad,410334,06-03-2024,Inactive,8,638.86
10745302,Yochana Shukla,jaigrover@example.net,917000000000,"16/77, Kuruvilla Road
Jamalpur-474745",Indore,49444,07-03-2024,Premium,5,1530.95
31410886,Ayush Manda,finnraman@example.com,918000000000,"56/79, Shere Nagar
Pallavaram-288622",Sasaram,122681,08-03-2024,Inactive,9,757.75
80476444,Qadim Bail,vrittikoshy@example.com,916000000000,"96/75
Dutta Street
Dhule-206857",Eluru,868809,09-03-2024,Premium,1,1677.06
98709982,Dhruv Kalita,toormegha@example.org,915000000000,"H.No. 40
Vig Ganj, Dehri 859344",Dehri,79160,10-03-2024,Inactive,1,1704.93
36142455,Rushil Walla,tristannarang@example.org,918000000000,"52, Toor Circle, Bhagalpur 502939",Katni,388331,11-03-2024,Premium,6,1476.25
71607166,Inaya Sama,wahab05@example.org,913000000000,"H.No. 08
Toor
Chapra 724446",Rohtak,242409,12-03-2024,Inactive,11,1251.88
6622751,Nachiket Ratti,dyalaahana@example.com,911000000000,"481, Jaggi Path
Barasat-074501",Thiruvananthapuram,690638,13-03-2024,Inactive,9,598.89
77217240,Tristan Aurora,dugalranbir@example.org,917000000000,"69
Khalsa Path
Arrah-734122",Karawal Nagar,585326,14-03-2024,Premium,9,414.76
31537100,Rajata Sampath,ekiya53@example.org,915000000000,"H.No. 253, Sundaram Chowk, Pondicherry-876626",Kozhikode,147671,15-03-2024,Regular,13,917.32
38969732,Manthan Chana,obarad@example.com,910000000000,"05/935
Kohli Path, Jabalpur 151623",Pune,893205,16-03-2024,New,10,1501.23
81091233,Divya Dada,hemal96@example.com,915000000000,"H.No. 10, Balay Zila, Panipat 734804",Durgapur,538157,17-03-2024,Regular,4,1993.07
13424885,Azaan Modi,pandyaarya@example.org,911000000000,"H.No. 581
Bawa Path
Ichalkaranji-554765",Malda,905782,18-03-2024,Premium,8,358.46
91789216,Rajeshri Rama,iyengarchasmum@example.net,911000000000,"979, Yohannan Circle
Aurangabad 976812",Thane,386024,19-03-2024,New,15,1708.89
25661033,Raksha Kannan,akshaymann@example.net,914000000000,"H.No. 19
Gole Ganj
Ludhiana-452366",Miryalaguda,761294,20-03-2024,New,3,1020.5
24153726,Azad Sachdev,ugara@example.net,917000000000,"68/08
Dube Zila
Ambala-132424",Orai,411944,21-03-2024,Premium,16,546.12
87222820,Aadhya Padmanabhan,nkala@example.org,918000000000,"23/386, Savant Street, Bharatpur-396119",Ulhasnagar,651234,22-03-2024,Inactive,13,497.66
79628054,Oscar Narula,charkrishna@example.com,919000000000,"59/374, Borra Ganj
Navi Mumbai-709758",Pondicherry,820810,23-03-2024,Premium,5,1737.81
99156138,Yatin Hayer,raghavangaurang@example.com,915000000000,"714
Choudhury Chowk, Chinsurah 000605",Morbi,906839,24-03-2024,Regular,19,911.74
6150721,Vaishnavi Master,ldeshpande@example.org,918000000000,"82/547
Deep Road
Phusro-585053",Panihati,15615,25-03-2024,New,2,1705.17
12531927,Ayush Tripathi,vmodi@example.net,912000000000,"H.No. 084, Mody Ganj, Panipat-412839",Bhiwandi,581091,26-03-2024,New,20,1511.87
87200291,Anya Panchal,ngandhi@example.net,912000000000,"04/693, Ramanathan Chowk
Faridabad-115332",Ichalkaranji,603624,27-03-2024,Inactive,12,526.58
34897081,Kamala Dasgupta,bhaktabhavika@example.org,919000000000,"33, Uppal Chowk, Mysore-453952",Shahjahanpur,647500,28-03-2024,Premium,18,425.92
68754962,Odika Rout,bsinha@example.com,917000000000,"849
Sani Ganj
Ahmednagar 929709",Khammam,12144,29-03-2024,Inactive,2,512.27
38613642,Ishani Pandya,wahab57@example.net,911000000000,"H.No. 59
Apte Chowk, Tiruvottiyur-913801",Erode,325134,30-03-2024,Regular,16,1380.08
70589930,Sai Taneja,bariaazaan@example.com,911000000000,"H.No. 84
Narang Ganj, Dehradun-756490",Sambalpur,353937,31-03-2024,Premium,12,985.23
93937586,Pranav Solanki,hayrewarjas@example.org,911000000000,"H.No. 758
Goyal Nagar
Orai 041239",Medininagar,683079,01-04-2024,New,1,651.43
8817168,Lajita Sharma,gaurang89@example.net,919000000000,"10/038
Subramanian Chowk
Begusarai 041864",Mehsana,294382,02-04-2024,Inactive,7,1382.39
85763665,Eshana Narula,lekha86@example.net,914000000000,"812, Dutta Zila, Hindupur-529803",Sikar,238167,03-04-2024,Premium,13,1062.57
39423691,Lucky Goel,wparikh@example.com,915000000000,"67/88, Mukherjee, Bellary-497259",Chandrapur,923560,04-04-2024,New,18,332.84
17675915,Rayaan Wable,warhi45@example.net,916000000000,"759, Karnik Nagar, Gurgaon 611202",Varanasi,107960,05-04-2024,Inactive,4,1146.18
59141605,Saksham Kala,triyadutt@example.net,913000000000,"H.No. 570
Kulkarni Marg, Berhampur-762758",Motihari,58086,06-04-2024,New,15,1739.58
89418072,Azad Wason,ranaforum@example.com,913000000000,"62/91, Ramanathan Nagar
Orai 783992",Deoghar,115200,07-04-2024,Regular,18,1748.85
89412038,Ekansh Nagi,aarinirau@example.com,915000000000,"H.No. 566, Parmar
Medininagar-071397",Kharagpur,198327,08-04-2024,New,7,937.66
14632090,Ria Baria,qsoman@example.net,918000000000,"H.No. 517, Bhatti Marg, Bihar Sharif-108740",Miryalaguda,564210,09-04-2024,Regular,15,1620.46
70220141,Reyansh Dhaliwal,jganguly@example.org,910000000000,"49
Chaudhary Circle, Yamunanagar 303831",Sambalpur,988097,10-04-2024,Premium,13,469.6
79298972,Zaid Kari,solankiabeer@example.net,916000000000,"37
Bajaj Circle, Siwan 761617",Nadiad,685405,11-04-2024,Regular,5,1975.13
78572233,Ucchal Nagy,chauhanliam@example.com,914000000000,"19/95, Mangal Road
Hyderabad-121004",Siwan,584166,12-04-2024,Regular,7,1845.28
91382237,Yashasvi Prasad,osanghvi@example.org,913000000000,"68/302, Dara
Agra 821445",Bhiwani,733394,13-04-2024,Regular,4,1790.07
25659794,Rajeshri Radhakrishnan,ganga35@example.org,911000000000,"H.No. 973
Tara Street
Jorhat 869913",Buxar,619160,14-04-2024,Inactive,11,1192.81
88203688,Chavvi Karan,hsaini@example.org,916000000000,"31/15
Sundaram Road, Meerut-572312",Chittoor,743672,15-04-2024,New,9,1570.98
60732869,Joshua Nath,anamika40@example.com,911000000000,"H.No. 29
Hora Nagar
Amritsar-740154",Rajahmundry,625859,16-04-2024,New,17,1140.22
40563029,Chandani Rege,parsafaraj@example.org,914000000000,"75/25, Borde Marg, Maheshtala 940203",Chandigarh,24783,17-04-2024,Inactive,12,1203.36
34237583,Ishwar Chand,mitalwidisha@example.net,914000000000,"37/02
Ganguly Circle
Barasat-737778",Hapur,769474,18-04-2024,New,1,231.43
51174875,Sara Prasad,oviyabhardwaj@example.com,919000000000,"H.No. 252
Sami Marg
Kochi 597640",Saharsa,739236,19-04-2024,Inactive,7,1276.61
41261495,Faris Deol,pdey@example.org,911000000000,"70/832
Sarkar Zila
Sonipat-700002",Bhagalpur,78428,20-04-2024,Inactive,5,687.71
46876240,Vihaan Doctor,jagvi98@example.org,916000000000,"H.No. 305
Sunder Street, Proddatur-711890",Vijayanagaram,447804,21-04-2024,Premium,5,1588.64
20940403,Tanvi Kala,zayyan13@example.com,918000000000,"H.No. 537
Krishna Circle
Gurgaon 910763",Dhule,711075,22-04-2024,Premium,11,1511.1
52234494,Chameli Kadakia,bhavinisandhu@example.com,918000000000,"H.No. 038, Rama Nagar, Pali 764609",Bhopal,648848,23-04-2024,Premium,4,766.95
25503067,Ikshita Yohannan,solankicharita@example.org,917000000000,"H.No. 27
Issac Ganj
Mau 581320",Alwar,730983,24-04-2024,New,1,1257.76
3491230,Ucchal Chana,bariabina@example.org,915000000000,"52/516, Khalsa Zila
Kota-913116",Khora ,876370,25-04-2024,New,14,226.62
16420489,Divya Peri,imaran88@example.net,918000000000,"032, Pandey Chowk, Medininagar-342499",Nandyal,543319,26-04-2024,New,14,1368.05
57291761,Samarth Muni,netrasarkar@example.org,913000000000,"H.No. 997, Hayre Marg, Dhule-782519",Pallavaram,260349,27-04-2024,Regular,8,1338.09
21573815,Urvashi Dalal,rajagopalmanthan@example.net,916000000000,"77
Konda Street
South Dumdum-782739",Allahabad,583410,28-04-2024,Premium,2,206.87
82854537,Yauvani Korpal,kulkarnidhriti@example.org,920000000000,"754
Mody Marg
Aligarh-411970",Varanasi,690385,29-04-2024,Inactive,2,1027.48
88684966,Jalsa Khanna,warhi99@example.com,915000000000,"372
Date, Pali 101228",Surat,612723,30-04-2024,New,10,711.72
65143359,Zinal Thakkar,pranavdara@example.net,916000000000,"08
Comar Circle, Secunderabad-809728",Bhind,238085,01-05-2024,Premium,14,1071.2
77625089,Omisha Kalla,yogividhi@example.net,913000000000,"69/285, Sarkar Street, Hospet-402412",Rourkela,735727,02-05-2024,New,1,1879.39
8361353,Pahal Kibe,gabriel01@example.org,912000000000,"231, Bhasin Circle
Berhampur-413214",Bhiwani,528702,03-05-2024,New,3,632.74
95269737,Aarini Vora,tmitra@example.com,915000000000,"152
Karan
Bathinda-640398",Machilipatnam,468669,04-05-2024,Regular,19,413.46
83701325,Chasmum Rau,advaithupadhyay@example.net,919000000000,"H.No. 191, Rout Circle
Narasaraopet 526905",Dehradun,227249,05-05-2024,Premium,10,1515.8
98667584,Sara Soman,salvigeetika@example.com,912000000000,"01/760
Natarajan Path
Parbhani-638480",Jaipur,439446,06-05-2024,Premium,8,1072.65
51476157,Abdul Bali,nandinibanik@example.net,919000000000,"62/25
Sarma Circle
Mahbubnagar-707575",Burhanpur,928472,07-05-2024,Inactive,10,1033.16
2848415,Anika Raja,ukamdar@example.org,914000000000,"71/451, Sura Road, Nanded 621248",Aurangabad,529864,08-05-2024,Inactive,9,1798.13
71235336,Gabriel Sawhney,chahalsamuel@example.net,912000000000,"H.No. 671, Doctor Chowk, Saharanpur 270113",Bokaro,551761,09-05-2024,Regular,16,248.21
79206969,Aadi Bains,girindra18@example.net,916000000000,"671, Khurana
Mango 598682",Jamalpur,574469,10-05-2024,Regular,1,721.13
27971619,Wriddhish Anne,jbhalla@example.org,914000000000,"19/372, Batra Nagar
Jodhpur-951616",Mirzapur,466962,11-05-2024,New,3,1691.32
66427343,Forum Iyer,rajavarsha@example.net,912000000000,"25/98, Mallick Nagar
Gudivada 670706",Dewas,212034,12-05-2024,Premium,17,265.15
50392139,Zehaan Hayer,yashoda79@example.net,913000000000,"03/182, Manda Circle
Mangalore 883696",Jamnagar,361935,13-05-2024,Inactive,16,991.26
46088132,Benjamin Ramanathan,ssahota@example.com,916000000000,"12/15, Jha Ganj, Adoni-465226",Sasaram,881157,14-05-2024,New,13,321.43
61226563,Chameli Kala,aadhya91@example.com,911000000000,"45/52, Kapoor, Mahbubnagar-558328",Vadodara,584496,15-05-2024,Regular,5,417.98
5386246,Oeshi Dhillon,mallmaya@example.com,919000000000,"41/05
Cheema Marg, Durg-626411",Kadapa,956529,16-05-2024,Inactive,5,1741.42
97739583,Vasudha Nair,nratti@example.net,919000000000,"878
Rajagopal Circle, Phagwara-745365",Hapur,333808,17-05-2024,Inactive,17,1522.55
67711384,Widisha Varkey,gautami04@example.net,910000000000,"H.No. 177, Bera Ganj, Jehanabad-028809",Bilaspur,116890,18-05-2024,Premium,8,700.6
77320193,Aarush Das,jainjanuja@example.net,920000000000,"70/159
Maharaj Zila
Bettiah 050676",Jalgaon,816791,19-05-2024,Premium,4,1568.02
44409533,Vihaan Sule,varghesevasatika@example.net,919000000000,"H.No. 08, Kapadia Zila, Nagpur-853011",Tadipatri,789300,20-05-2024,New,12,1728.95
84287579,Amrita Borde,orajagopalan@example.org,910000000000,"H.No. 57
Baral Road
Dhanbad-870742",Raurkela Industrial Township,625329,21-05-2024,Premium,4,1655.6
25595836,Sathvik Prabhakar,vihaan96@example.net,917000000000,"71/414
Vaidya Marg, Kumbakonam 076787",Orai,103518,22-05-2024,New,18,314.17
17681645,Maanav Bhat,zayan80@example.net,915000000000,"H.No. 571, Barad Path, Siliguri 766713",Bhagalpur,392367,23-05-2024,Premium,15,1381.26
95364457,Nitara Bandi,gaurangi65@example.org,913000000000,"H.No. 205, Bose Path
Sri Ganganagar-216738",Ramagundam,738005,24-05-2024,Premium,13,1137.59
23348269,Rudra Dutta,janya57@example.com,915000000000,"02/047
Patel Road
Dindigul 073010",Ahmednagar,398963,25-05-2024,Inactive,9,1251.82
95858939,Chakrika Shroff,nbalay@example.com,911000000000,"83/95, Sheth Marg, Chandrapur-896229",Raiganj,353023,26-05-2024,Regular,8,1823.58
46313756,Widisha Desai,nakul82@example.net,912000000000,"102, Chopra Ganj, Korba-838479",Kolhapur,449091,27-05-2024,Premium,10,1245.36
38694209,Harinakshi Patla,zbhagat@example.com,914000000000,"349, Doshi Circle, Ramgarh 805466",Uluberia,377044,28-05-2024,Premium,20,1335.82
54680459,Fariq Kala,danielbanerjee@example.com,913000000000,"97/611, Modi Ganj
Allahabad-554472",Vijayanagaram,319468,29-05-2024,Regular,8,585.9
67952740,Sathvik Majumdar,nadkarnidalbir@example.org,918000000000,"52/345
Aurora Circle
Guna 800744",Raebareli,304107,30-05-2024,Regular,19,319.1
90665975,Hamsini Dhingra,zaitra78@example.com,917000000000,"83/623, Halder Marg
Panchkula 692228",Nangloi Jat,402144,31-05-2024,Inactive,15,271.25
35237846,Bakhshi Varkey,baljiwan77@example.org,914000000000,"54/322
Prakash Circle
Nanded-846263",Guna,546699,01-06-2024,Premium,20,1968.65
85476508,Orinder Dua,sarafekavir@example.net,919000000000,"55/632
Ratta Path, Bareilly 643413",Pallavaram,314585,02-06-2024,Inactive,18,1607.33
20122449,Amaira Ahuja,raagini26@example.net,914000000000,"H.No. 348, Kannan Chowk
Bahraich-832004",Cuttack,19668,03-06-2024,New,12,1298.4
40392019,Yashvi Sur,omamrita@example.net,918000000000,"73/114
Bhatnagar Ganj, Kozhikode 920406",Eluru,287315,04-06-2024,Premium,8,1419.8
25587553,Nakul Venkatesh,hamsinikarpe@example.org,919000000000,"H.No. 136
Jani Road, Bhimavaram-112584",Imphal,369946,05-06-2024,Regular,12,689.82
27727819,Lavanya Bhasin,vidhidixit@example.org,910000000000,"69, Mohanty Nagar
Bhopal-712953",Nagercoil,165069,06-06-2024,Inactive,8,1175.48
65396354,Hemani Modi,tanmayinarayanan@example.net,916000000000,"66/23
Raju
Madhyamgram-282305",Hindupur,725268,07-06-2024,Inactive,20,1738.21
84953008,Sai Pal,rattayashvi@example.net,912000000000,"15
Shankar Circle
Danapur-131817",Bongaigaon,290142,08-06-2024,Inactive,3,1187.65
22081691,Yagnesh Bora,harrisonmore@example.net,917000000000,"41/94
Bora Path
Siliguri 237079",Satara,999018,09-06-2024,New,13,361.38
77086074,Ekantika Mannan,yatancherian@example.net,914000000000,"875
Mishra Street, North Dumdum 684088",Hazaribagh,41866,10-06-2024,Regular,3,737
13978108,Oscar Oak,dubeywatika@example.org,916000000000,"28, Shukla Chowk, South Dumdum-353489",Kota,596608,11-06-2024,Premium,7,1307.21
3421258,Ishita Chaudhuri,tara78@example.com,916000000000,"17/31, Dora Chowk
Erode-651124",Kota,192064,12-06-2024,Premium,19,806.62
82160592,Krisha Keer,ishaandey@example.com,918000000000,"339, Singhal Chowk, Raichur-860394",Chittoor,741410,13-06-2024,New,15,568.11
4458329,Nimrat Sandal,manyachatterjee@example.net,915000000000,"85/452
Khatri
Jammu 831625",Mira-Bhayandar,842142,14-06-2024,Inactive,10,1617
92038780,Geetika Bansal,minhasraagini@example.com,920000000000,"02, Chahal Zila
Thrissur 415323",Pallavaram,536778,15-06-2024,Premium,12,445
63376126,Michael Pall,bsahni@example.org,911000000000,"47/807
Doshi Path, Dehri 730907",Kollam,926884,16-06-2024,Inactive,2,1176.22
62816600,Gagan Kumar,karajhalak@example.org,914000000000,"H.No. 60
Garde Zila
Bikaner-229719",Kavali,243459,17-06-2024,Inactive,2,1790.22
25713335,Ojas Sridhar,nbhatnagar@example.org,913000000000,"H.No. 33, Gole Marg, Hubli–Dharwad-959877",Chennai,855454,18-06-2024,New,16,1362.71
58111297,Chasmum Mutti,vrindakumer@example.com,918000000000,"500
Bhat Ganj
Tadepalligudem 780400",Sambalpur,390809,19-06-2024,Regular,20,1149.62
22571994,Lakshit Bassi,badamivrishti@example.net,910000000000,"24, Bail Street
Jammu-808344",Bihar Sharif,83717,20-06-2024,Regular,2,912.9
47711422,Meghana Varkey,ebhatti@example.org,917000000000,"H.No. 33
Vig Circle
Kishanganj-213957",Bhatpara,244531,21-06-2024,Inactive,20,1234.7
35885052,Aadhya Ravi,urmibedi@example.org,918000000000,"20/26
Kuruvilla Road, Pondicherry-851116",Bhiwandi,745674,22-06-2024,Inactive,1,1838.87
51503088,Arin More,aashibiswas@example.org,914000000000,"H.No. 11, Krishnan Zila
Kirari Suleman Nagar-199625",Kumbakonam,867510,23-06-2024,New,20,1651.36
47043878,Frado Batra,birnicholas@example.net,913000000000,"581
Ramakrishnan Path
Naihati-117037",Bilaspur,280957,24-06-2024,Premium,18,1411.67
72495274,Vasatika Amble,bhattirishi@example.com,919000000000,"804, Prasad Ganj, Gulbarga 969848",Aizawl,945908,25-06-2024,New,11,1364.51
6081270,Caleb Sane,diptagour@example.net,915000000000,"009
Loyal Marg
Udaipur 582796",Gaya,603031,26-06-2024,Inactive,15,969.51
38048329,Harrison Loyal,niharika09@example.com,914000000000,"41/188, Bobal Ganj, Shimla-284469",Pali,987355,27-06-2024,New,1,904.76
69089982,Daniel Reddy,rrandhawa@example.org,919000000000,"H.No. 55, Ganesh Ganj, Proddatur 621180",Noida,758620,28-06-2024,Inactive,5,1831.09
59909004,Indali Master,samaksh55@example.org,911000000000,"H.No. 08
Dar
Sambhal-965654",Haridwar,910220,29-06-2024,New,15,731.88
79607319,Tanay Prabhakar,loyalluke@example.net,915000000000,"H.No. 565
Sura Ganj
Jaunpur-709356",Indore,988411,30-06-2024,New,6,942.14
66742602,Yatan Uppal,hchakraborty@example.net,913000000000,"18
Bala Zila, Katni 101174",Jalna,749857,01-07-2024,New,14,1981.09
24032469,Liam Khatri,chaayabalay@example.net,919000000000,"38
Bassi Ganj, Navi Mumbai-379945",Muzaffarnagar,722292,02-07-2024,New,14,814.5
65772743,William Kuruvilla,onveerbedi@example.net,914000000000,"43/82, Bala Nagar
Khammam 231196",Erode,283776,03-07-2024,Regular,14,1780.68
15661901,Warda Wagle,umangat@example.com,913000000000,"53/830
Date Circle, Indore-996250",Kumbakonam,996843,04-07-2024,Regular,1,764.57
21866852,Ojas Morar,gangulymahika@example.org,917000000000,"059
Narain Marg, Mau 610611",Guwahati,428400,05-07-2024,Premium,18,1480.38
79478655,Zilmil Rege,noah34@example.com,920000000000,"34
Saini Road, Begusarai-262999",Silchar,627881,06-07-2024,Regular,9,1845.26
13164195,Fitan Uppal,abeerbedi@example.org,913000000000,"94
Vohra Chowk, Kulti-326317",Durg,142902,07-07-2024,Premium,17,786.74
38565569,Udarsh Nayar,garimabala@example.com,918000000000,"36/815, Khosla Chowk, Karaikudi-978674",Anantapuram,200521,08-07-2024,Premium,5,1765.01
10225164,Siya Parmer,watika42@example.net,916000000000,"51/60
Chawla
Darbhanga-169445",Dehri,625283,09-07-2024,Inactive,20,491.07
72946405,Ria Kuruvilla,oscar26@example.net,914000000000,"H.No. 434
Pradhan Zila, Gorakhpur 540230",Kulti,547077,10-07-2024,Premium,6,1287.78
97557157,Priya Karan,ekiya65@example.net,918000000000,"56/24
Bhalla Road, Sirsa 663909",Bardhaman,361111,11-07-2024,Regular,1,800.21
32595806,Radha Bhardwaj,mchatterjee@example.com,919000000000,"65
Thaker Path, Ranchi 954884",Chandigarh,980380,12-07-2024,Inactive,19,442.13
53100521,Mitesh Bora,krishnanabhimanyu@example.com,913000000000,"H.No. 306, Lanka Ganj
Orai-124210",Gandhidham,108712,13-07-2024,Inactive,3,982.11
59252433,Vincent Raval,riya20@example.org,916000000000,"H.No. 212, Srinivas Chowk, Udupi-349021",Karaikudi,598368,14-07-2024,Regular,1,990.53
59890331,Raagini Badal,nicholas03@example.com,911000000000,"82/260
Chokshi Ganj
Etawah 946629",Chennai,382306,15-07-2024,Premium,16,552.68
95001589,Dayamai Bhasin,darika48@example.org,916000000000,"145, Bumb Street
Bidar 474547",Asansol,376431,16-07-2024,Regular,20,1788.42
53076417,Chaitanya Nayak,yuvrajmadan@example.com,916000000000,"63, Dyal Zila
Malda 584769",Malda,592396,17-07-2024,Inactive,6,411.27
82286725,Unnati Mishra,sarkarwarhi@example.net,917000000000,"910, Seth Ganj
Tirunelveli-419308",Orai,730156,18-07-2024,Premium,18,1322.85
13383642,Xavier Kashyap,okulkarni@example.org,910000000000,"61
Yadav Road
Jorhat-609503",Mumbai,385101,19-07-2024,Regular,16,1114.11
52215833,Lipika Parmer,gavinprabhakar@example.net,910000000000,"00/455, Chakraborty Road, Jammu 801712",Sirsa,414814,20-07-2024,Regular,5,305.65
67271824,Liam Rama,ebains@example.com,913000000000,"308, Dave Chowk
Tadipatri 154537",Salem,368044,21-07-2024,Inactive,11,1765.06
78903046,Dakshesh Sundaram,nidrachowdhury@example.com,915000000000,"63/496, Zacharia, Nagpur 548720",Karawal Nagar,481302,22-07-2024,Regular,7,1371.83
90021871,Pooja Dube,sudikshagokhale@example.org,911000000000,"H.No. 052
Chawla Marg, Ongole-389291",Thiruvananthapuram,326796,23-07-2024,Regular,2,1907.98
97286925,Omkaar Bedi,girindra67@example.com,913000000000,"H.No. 44
Sarma Chowk
Bettiah 917609",Vellore,106555,24-07-2024,Inactive,20,617.71
6186471,Dominic Koshy,choprachanchal@example.org,916000000000,"22/739
Sachdev Ganj
Madanapalle-093707",Chittoor,410608,25-07-2024,New,17,1619.95
5039883,Gavin Garg,nitesh75@example.org,911000000000,"H.No. 872
Oza Marg
Hazaribagh 512058",Purnia,360444,26-07-2024,Inactive,15,610.99
90882023,Benjamin Misra,craman@example.org,918000000000,"35/442
Merchant Circle, Uluberia 558909",Begusarai,686278,27-07-2024,Premium,11,1137.49
33295496,Imaran Chaudry,janyasaha@example.net,912000000000,"88/372, Gera Zila, Tiruchirappalli-103051",Haldia,234933,28-07-2024,Premium,14,1136.17
72393904,Amara Mahajan,kamala48@example.net,917000000000,"H.No. 030, Bhattacharyya Path, Thrissur-308964",Mumbai,130954,29-07-2024,Inactive,8,1920.6
15830066,Rishi Krishnan,anvimerchant@example.net,916000000000,"H.No. 56, Chahal Marg
Hosur 232465",Mira-Bhayandar,652139,30-07-2024,New,19,936.66
93341057,Ayaan Tiwari,nagiyashica@example.net,912000000000,"74/730
Zacharia Road, Karawal Nagar-451755",Maheshtala,660740,31-07-2024,Inactive,20,1783.53
64106072,Pratyush Majumdar,riasheth@example.org,912000000000,"H.No. 009
Sharma Marg
Loni 610495",Deoghar,787371,01-08-2024,Inactive,3,1704.43
62742797,Tanvi Dhar,xbaral@example.org,914000000000,"53
Bakshi Chowk
Tirunelveli 714052",Fatehpur,407022,02-08-2024,Premium,13,979.11
79591237,Osha Warrior,anika64@example.com,914000000000,"28/18
Banik Chowk
Rajpur Sonarpur 816154",Thane,394025,03-08-2024,Premium,6,1695.64
59095971,Jason Wagle,pahalsama@example.com,915000000000,"22/10, Tara Nagar
Nashik 495261",Amroha,238579,04-08-2024,Inactive,15,311.21
34768050,Ekalinga Dixit,ojas67@example.com,912000000000,"H.No. 66, Walia Street, Thoothukudi-930293",Dhanbad,35987,05-08-2024,Inactive,17,1358.51
15221182,Charles Munshi,yashodaanne@example.org,919000000000,"34/72
Ratta Ganj, Ramagundam-239302",Visakhapatnam,639677,06-08-2024,Inactive,11,1871.46
66655397,Hemal Grover,xalak59@example.org,918000000000,"H.No. 663, Badal Road, Dewas 856228",Pali,154251,07-08-2024,New,5,775.85
63971358,Leela Hayre,npalla@example.org,919000000000,"599
Sharaf Zila
Adoni 602296",Mau,621459,08-08-2024,Regular,2,1159.84
38615653,Xiti Sachdeva,hnarang@example.net,913000000000,"04/04, Padmanabhan Street, Hosur 637223",Motihari,309098,09-08-2024,Regular,8,1501.01
30192942,Darika Raj,indalisunder@example.net,913000000000,"45
Shroff Zila, Bhiwani 555758",Jodhpur,907183,10-08-2024,Premium,8,1400.72
4444673,Chatresh Patla,owenkhatri@example.net,915000000000,"H.No. 70
Kade Marg
Mysore 259029",Srikakulam,440337,11-08-2024,New,15,584.69
25850478,Jeevika Taneja,barkha46@example.net,915000000000,"H.No. 65
Balakrishnan Nagar
Ambarnath-424723",Danapur,112691,12-08-2024,Inactive,2,679.32
50484778,Hiral Saxena,kurianatharv@example.com,912000000000,"07/185
Agate Zila, Shivpuri 496563",Kanpur,7186,13-08-2024,Inactive,2,1495.86
30891209,Azaan Bora,manan23@example.org,914000000000,"381, Balan Circle, Anand 910232",Gudivada,347450,14-08-2024,New,1,1815.35
91144803,Hemang Singhal,njain@example.com,920000000000,"474
Sidhu Marg
Avadi-099148",Imphal,509332,15-08-2024,Regular,16,650.17
79764621,Darpan Sastry,dayita64@example.org,916000000000,"H.No. 910, Bora Zila, Tezpur-561747",Rajahmundry,148516,16-08-2024,Premium,5,1830.61
87823209,Hemang Suri,aggarwalwatika@example.net,916000000000,"75/184, Apte Ganj, Kurnool 695756",Tadepalligudem,826255,17-08-2024,Inactive,18,983.94
26432512,Warhi Iyer,petergrewal@example.net,919000000000,"H.No. 206
Varty Zila
South Dumdum 988271",Khora ,53631,18-08-2024,New,18,1092.52
34526570,Falak Edwin,jalsasetty@example.com,916000000000,"H.No. 240
Dhar Marg
Bhagalpur-524099",Mysore,369619,19-08-2024,New,19,847.76
35358395,Hiral Kumar,yadavxalak@example.net,912000000000,"H.No. 835
Sahota Street
Ramagundam 303158",Dindigul,587334,20-08-2024,Inactive,12,787.28
20634789,Aarnav Som,watikasule@example.org,913000000000,"202
Prabhakar Nagar, Latur-410481",Chinsurah,885507,21-08-2024,New,12,1223.43
11047835,Nathaniel Reddy,rsengupta@example.net,911000000000,"H.No. 31
Dugar Nagar, Nashik-602362",Tinsukia,553038,22-08-2024,Regular,6,573.38
17201639,Vidhi Toor,qsani@example.com,914000000000,"H.No. 413
Bera Marg
Madhyamgram 098129",Korba,139363,23-08-2024,New,15,1472.23
87718744,Max Pandit,vamakshi09@example.com,913000000000,"66/373
Wali
Singrauli-074003",Bathinda,966966,24-08-2024,Regular,6,863.84
75474920,Ojas Wali,khuranafrado@example.org,917000000000,"86/139
Wali Marg, Cuttack 645746",Serampore,234962,25-08-2024,Regular,18,569.23
57956497,Reva Sahota,frederick08@example.com,915000000000,"81, Naik, Dharmavaram-468737",Kurnool,2246,26-08-2024,Inactive,1,460.65
14114543,Vedika Aurora,rajagopalangeetika@example.net,911000000000,"H.No. 306
Palla Path, Guwahati-489162",Muzaffarnagar,76708,27-08-2024,Inactive,20,659.52
5043760,Chatresh Dara,dsinghal@example.org,919000000000,"93, Bansal Road
New Delhi 109118",Davanagere,638623,28-08-2024,Regular,2,1154.94
66359719,Diya Murty,mitalihayer@example.com,916000000000,"693, Sankar Road, Bhavnagar 420251",Nagercoil,262617,29-08-2024,Regular,2,949.36
32656885,Xiti Sane,nyadav@example.net,919000000000,"10, Chana Street, Thiruvananthapuram-939172",Durgapur,278727,30-08-2024,New,1,309.43
2457734,Onkar Garg,warhi85@example.com,914000000000,"51/82, Sathe Marg
Khora  495386",Ahmednagar,317271,31-08-2024,Premium,12,923.06
9702217,David Doshi,madhavkibe@example.com,911000000000,"51/90
Mani Road, Muzaffarnagar-728003",Shahjahanpur,708661,01-09-2024,New,6,1209.86
55425478,Karan Ramachandran,jackson54@example.net,916000000000,"03, Mann Circle
Sultan Pur Majra 572115",Surendranagar Dudhrej,408102,02-09-2024,Inactive,12,1605.51
50781611,Jeremiah Mallick,battayashasvi@example.com,916000000000,"010
Raju Zila, Sikar 787053",Nagpur,441000,03-09-2024,Regular,16,315.86
39150258,Dalaja Choudhury,beraprisha@example.com,913000000000,"08/794
Jha Circle
Bhavnagar 975604",Gandhinagar,788644,04-09-2024,Inactive,17,945.82
77035814,Ishaan Mohanty,dev69@example.com,918000000000,"04/69
Sahni Path
Guntakal-870680",Bhimavaram,250593,05-09-2024,Inactive,11,585.35
35459748,Ekbal Dasgupta,kchaudhary@example.org,910000000000,"88/275
Dasgupta Ganj, Giridih 295131",Firozabad,635776,06-09-2024,Inactive,12,288.29
7728356,Vasana Bumb,odikaraval@example.net,919000000000,"665, Vig Circle, Anand-237063",Raebareli,211437,07-09-2024,New,10,202.43
75632045,Shivansh Sharaf,minhasjacob@example.org,920000000000,"11/75, Khanna Marg, Ludhiana 820421",Silchar,207255,08-09-2024,Regular,15,1268.29
40667183,Yatin Setty,lthakkar@example.com,912000000000,"84, Sekhon Circle
Bijapur 527244",Bidar,428468,09-09-2024,New,19,1815.79
63368244,Jeevika Tara,rkapur@example.net,911000000000,"12/41, Uppal
Aizawl-053988",Danapur,905945,10-09-2024,New,19,1245.73
16448993,Chakradev Krishnan,ojasvi77@example.com,912000000000,"19/660
Sarma Circle, Jaipur-351693",Korba,426587,11-09-2024,Inactive,14,1691.92
3096845,Yashvi Chander,saksham67@example.com,915000000000,"H.No. 43, Swaminathan
Mau-891182",Guntakal,853373,12-09-2024,New,20,336.81
26863280,Aryan Dewan,balveer31@example.org,917000000000,"54/51, Bora Circle
Ramagundam-730584",Rajkot,80555,13-09-2024,Inactive,8,301.34
28428852,Libni Dada,pranit07@example.net,916000000000,"04/861, Kaul Chowk
Sikar-365292",Mira-Bhayandar,367282,14-09-2024,Inactive,7,872.25
37691544,Onkar Devan,bmane@example.com,915000000000,"57/859, Desai Chowk, Varanasi-296853",Darbhanga,210271,15-09-2024,Inactive,15,1599.46
70976153,Devansh Nanda,vihaankanda@example.com,910000000000,"95/511
Tak Nagar, Pudukkottai-475800",Ahmednagar,541588,16-09-2024,New,7,1480.3
25287111,Lakshmi Ratti,chakradhar10@example.com,914000000000,"H.No. 501, Deshpande Street
Madurai 919253",Thane,443182,17-09-2024,Inactive,9,581.43
82900175,Avni Som,hiralmunshi@example.net,919000000000,"362, Mitter Path
Arrah-104021",Baranagar,248293,18-09-2024,New,17,334.16
93699264,Bakhshi Ghose,fbalakrishnan@example.org,912000000000,"84/24
Hans Path, Kakinada-824537",Hubli–Dharwad,527137,19-09-2024,Inactive,17,1846.48
73869823,Nathan Ratti,radhakrishnanaarav@example.com,915000000000,"226, Lala Path
Satara 401183",Mysore,570165,20-09-2024,Regular,8,1225.49
32293017,Samarth Kapoor,mandalmohammed@example.org,913000000000,"H.No. 700, Sidhu Road, Gudivada-131588",Gudivada,371366,21-09-2024,Inactive,16,691.29
44030130,Laksh Dalal,gchawla@example.net,916000000000,"51/50, Salvi Marg
Jehanabad-358947",Ghaziabad,59886,22-09-2024,Regular,4,904.08
1200365,Avni Mistry,rkurian@example.net,916000000000,"29/45, Morar Road, Sangli-Miraj & Kupwad 629491",Thane,151739,23-09-2024,Regular,1,1170.74
96903782,Tanish Andra,chasmum69@example.net,918000000000,"261
Iyengar Zila
Proddatur-816790",Kakinada,206769,24-09-2024,Regular,5,504.83
35278126,Harinakshi Arya,agara@example.org,914000000000,"79/328
Prakash Zila
Sirsa 377650",Tumkur,365840,25-09-2024,Premium,12,1956.57
6756256,Ijaya Goel,qsarin@example.org,919000000000,"79
Sahni Chowk, Nagaon 813383",Bellary,83206,26-09-2024,Premium,13,1902.9
8073518,Mekhala Pandit,biswasosha@example.com,916000000000,"H.No. 05, Pau Zila, Nangloi Jat 527313",Nellore,377431,27-09-2024,Premium,16,946.2
76857266,Liam Nadig,siddharthissac@example.com,914000000000,"H.No. 70
Om Nagar
Mango 097340",Mumbai,3787,28-09-2024,Premium,17,1514.21
49241309,Pahal Palla,wrideshmannan@example.net,919000000000,"87/32, Parekh Nagar, Jaipur-419966",Gurgaon,751303,29-09-2024,Inactive,11,1340.89
80952275,Kevin Babu,aayush04@example.net,911000000000,"19/783, Saha Chowk
Bharatpur-389798",Bongaigaon,154167,30-09-2024,New,17,1928.27
31576845,Chasmum Raman,bimalaanne@example.org,914000000000,"01/925, Goda Zila
Ahmedabad-481472",Madurai,6864,01-10-2024,New,12,1389.96
47515046,Guneet Uppal,wvora@example.org,918000000000,"49, Borde Ganj
Vijayawada 334138",Jamshedpur,440555,02-10-2024,New,18,1095.92
98930670,Anjali Raju,wriddhish20@example.com,912000000000,"97, Singhal Circle, Howrah-648166",Singrauli,463489,03-10-2024,Regular,6,1092.16
24621386,Maanav Raghavan,ramanamika@example.org,918000000000,"74
Jaggi Road
Khammam-907374",Rajahmundry,607110,04-10-2024,Premium,14,344.08
53399500,Libni Sinha,rayaantiwari@example.org,914000000000,"H.No. 178
Ramakrishnan Zila, Ghaziabad-767609",Kadapa,687962,05-10-2024,Regular,18,1012.5
52815265,Daniel Bains,lopa03@example.net,912000000000,"H.No. 00
Tandon Street
Rohtak 114577",Pudukkottai,765060,06-10-2024,New,10,806.63
61015113,Dalaja Choudhury,jaggionveer@example.com,919000000000,"15/686, Sarin Road, Baranagar-665391",Amroha,471074,07-10-2024,Regular,4,1764.18
63624332,Krisha Zachariah,dhingraabha@example.org,915000000000,"40/476
Patla, Surat-220751",Rewa,391559,08-10-2024,Inactive,19,387.57
28286754,Bina Setty,nandini67@example.org,913000000000,"H.No. 864, Subramanian Ganj, Dibrugarh-834044",Singrauli,463264,09-10-2024,Regular,16,1337.18
60835946,Yoshita Sani,fganesh@example.org,911000000000,"H.No. 370, Nagi Street
Bulandshahr 539967",Fatehpur,847170,10-10-2024,Inactive,14,1400.1
59620534,Oeshi Sethi,parmarbhavika@example.com,917000000000,"H.No. 04, Salvi Street
Munger 206534",Ambattur,529502,11-10-2024,Premium,15,1340.99
820740,Mekhala Sathe,naveennatt@example.com,914000000000,"H.No. 20, Thakkar Marg
Ambala 748990",Ambala,634784,12-10-2024,Premium,1,1385.46
91602727,Rayaan Palla,yatin72@example.org,920000000000,"H.No. 82, Sridhar Nagar
Pali 461261",Indore,798247,13-10-2024,Inactive,5,1156.54
50848069,Yahvi Golla,tdutta@example.net,915000000000,"35/772, Varghese Street, Shimla-179982",Belgaum,881993,14-10-2024,Inactive,11,586.25
55049973,Nicholas Badami,nsavant@example.org,918000000000,"60/984
Rajagopalan Chowk, Howrah 811703",Srikakulam,633900,15-10-2024,Regular,16,206.54
12397668,Ojasvi Mahal,vedant21@example.org,911000000000,"H.No. 86, Aurora Ganj
Sikar-722421",Guwahati,637399,16-10-2024,Premium,13,204.06
61516967,Mohammed Morar,wreddy@example.net,915000000000,"08/07, Seshadri Chowk, Noida 969216",Erode,250388,17-10-2024,Regular,9,556.81
96853930,Jagvi Varty,tbaral@example.com,918000000000,"460, Viswanathan Nagar, Nangloi Jat 590971",Bhopal,349563,18-10-2024,Premium,16,462.19
91853589,Xavier Wali,jatin71@example.net,911000000000,"67/39
Yogi Ganj, Loni 127098",Jalna,649749,19-10-2024,New,5,918.69
7228206,Anmol Koshy,rdevi@example.com,914000000000,"95
Sinha Path, Ludhiana-771856",Jalgaon,132617,20-10-2024,New,15,843.79
41612464,Chatura Sodhi,adya94@example.com,916000000000,"54/092
Bhatnagar Road, Ozhukarai-567116",Bhavnagar,521802,21-10-2024,Regular,18,874.93
10683250,Manthan Sundaram,ekavir81@example.org,915000000000,"H.No. 464
Singhal Marg
Patna-308566",Bhagalpur,545885,22-10-2024,Regular,14,480.47
94078407,Praneel Baria,olata@example.org,913000000000,"H.No. 409, Badal Marg
Morena-092728",Uluberia,208164,23-10-2024,Premium,4,1370.22
26364643,Zehaan Keer,riya25@example.com,920000000000,"88
Bhandari Path, Raurkela Industrial Township 646085",Morena,6749,24-10-2024,Inactive,9,1086.68
85016568,Rudra Mall,nandra@example.com,918000000000,"26/84, Manne Road
Nadiad-091335",Tinsukia,355326,25-10-2024,Regular,2,367.12
11153360,Libni Sastry,warjaschoudhury@example.com,916000000000,"66/78
Baral Zila
Sonipat-698595",Amaravati,724136,26-10-2024,Inactive,20,1575.46
88532418,Ansh Bahl,bina13@example.com,913000000000,"546
Devi, Bardhaman-527064",Gorakhpur,13574,27-10-2024,New,12,344.66
66023110,Joshua Mishra,imaranchana@example.com,919000000000,"H.No. 62
Chand Path
Bhimavaram 617653",Kottayam,636641,28-10-2024,New,20,1807.56
18229949,William Bora,nlata@example.org,919000000000,"038
Varty Zila
Berhampore-791959",Danapur,397135,29-10-2024,Inactive,10,466.33
58873572,Chandran Kale,manbirdhawan@example.com,919000000000,"H.No. 77
Jayaraman Marg
Durgapur 062032",Nanded,745599,30-10-2024,Premium,13,1721.61
5001749,Dayamai Chanda,ekta28@example.com,918000000000,"H.No. 218
Srinivas Road, Kalyan-Dombivli-797929",Kota,761952,31-10-2024,Inactive,3,1623.48
6668498,Bimala Prakash,vchander@example.net,911000000000,"757, Sandhu Street
Nagpur-709424",Ratlam,62592,01-11-2024,Inactive,11,1413.4
13441874,Hemang Sandal,ysingh@example.net,920000000000,"89/07, Sangha Ganj
Suryapet-403179",Berhampur,970701,02-11-2024,Inactive,2,602.63
52915166,Harita Gulati,sanaya15@example.net,917000000000,"H.No. 019, Parsa Street, Deoghar 818465",Dehri,272048,03-11-2024,Inactive,18,505.66
41647393,Simon Padmanabhan,kevin23@example.com,917000000000,"H.No. 485
Mangat Street, Varanasi-453576",Sirsa,149812,04-11-2024,Inactive,11,1785.8
51945420,Geetika Kalita,bhandariaryan@example.com,913000000000,"839, Boase Zila, Bahraich 523840",Tiruppur,611743,05-11-2024,Premium,3,412.9
53640286,Quincy Cheema,vigvasatika@example.org,916000000000,"58/738, Dhar Zila, Phusro-372086",Mathura,28426,06-11-2024,Premium,20,1368.38
15599514,Yashodhara Magar,jeetbansal@example.org,914000000000,"H.No. 586, Sawhney Zila
Jamnagar-849026",Tezpur,170702,07-11-2024,Regular,20,1171.07
55552600,Baljiwan Nagar,barkha14@example.net,911000000000,"91/534
Solanki Marg, Chinsurah-132968",Gorakhpur,81284,08-11-2024,Regular,14,1412.54
78439088,Ria Taneja,mbanerjee@example.com,916000000000,"68, Verma Zila, Gurgaon 268634",Ballia,527348,09-11-2024,Regular,6,1507.04
42947770,Vincent Bahri,januja43@example.com,919000000000,"H.No. 198
Dhingra Nagar
Raiganj-712327",Bhalswa Jahangir Pur,582630,10-11-2024,New,16,1358.53
66252737,Umang Bhavsar,xiti79@example.org,918000000000,"91/97, Doctor Zila
Madurai-593317",Warangal,272505,11-11-2024,Premium,15,1188.67
71615827,Yash Contractor,aadi81@example.com,920000000000,"H.No. 89
Dhillon Path, Pondicherry 003231",Bulandshahr,346706,12-11-2024,Premium,3,900.98
15487049,Aadhya Cherian,rushil71@example.com,915000000000,"H.No. 071
Mane Circle
Jorhat 896774",Motihari,716665,13-11-2024,New,15,1928
85218071,Panini Mani,bhavanighosh@example.org,913000000000,"397
Ramaswamy Nagar, Motihari-389474",Hyderabad,908140,14-11-2024,New,20,1125.33
24456825,Vansha Khurana,patrickyohannan@example.com,919000000000,"94, Varty Zila
Pallavaram 302373",Indore,382788,15-11-2024,Inactive,18,363.12
15043066,Bakhshi Majumdar,mittalaarini@example.com,915000000000,"H.No. 597
Johal Ganj, Bhilwara 123696",Rohtak,707096,16-11-2024,Inactive,2,1748.41
98246574,Rachita Varty,hardik53@example.net,918000000000,"H.No. 85, Bail
Gandhidham-851792",Chinsurah,638222,17-11-2024,Premium,15,1904.61
80567870,Andrew Bajaj,ekavir45@example.org,913000000000,"740, Ramachandran, Shivpuri-023391",Khammam,390449,18-11-2024,Regular,1,1769.49
92843141,Mekhala Seshadri,shethchakradhar@example.com,916000000000,"H.No. 61, Mall Path, Gangtok-253081",Kota,595099,19-11-2024,Premium,1,502.79
62416456,Diya Chakrabarti,bhavanikala@example.com,920000000000,"937, Nayar Street
Ongole-865795",Medininagar,121675,20-11-2024,Inactive,18,752.91
6245778,Reva Shanker,edhitha04@example.org,915000000000,"H.No. 716
Ram Marg, Kakinada 548086",Guntakal,850565,21-11-2024,Premium,17,1779.46
80315623,Varenya Banik,aachalsarma@example.com,911000000000,"261
Yohannan Zila, Kalyan-Dombivli 109129",Loni,205436,22-11-2024,New,14,1313.73
46623192,Warinder Sastry,pallaraksha@example.com,914000000000,"H.No. 50, Uppal Marg
Anantapur-558351",Nizamabad,232354,23-11-2024,New,6,1970.59
27504517,Rayaan Gupta,tailorsimon@example.org,919000000000,"77, Mital Path
Rajahmundry 334280",Bardhaman,833561,24-11-2024,New,18,1175.7
22800586,Jacob Lad,ramakrishnanchandresh@example.net,917000000000,"09, Varma
Bareilly-794732",Bijapur,339864,25-11-2024,New,10,1332.02
17287733,Balhaar Chaudhari,ranveerkrish@example.com,915000000000,"824
Bedi Nagar
Siliguri 925880",Morbi,410335,26-11-2024,Premium,12,1897.84
87691707,Radha Jha,subramanianveer@example.org,917000000000,"95/78
Narain Path, Farrukhabad-849186",Miryalaguda,930945,27-11-2024,Inactive,18,1423.63
8655667,Ayaan Upadhyay,akapur@example.com,919000000000,"039
Bobal Path, Jalandhar-942451",Gwalior,479960,28-11-2024,Premium,1,456.16
2442235,Pushti Bhattacharyya,qmaharaj@example.org,910000000000,"H.No. 38
Loyal Street
Vellore 607787",Latur,117097,29-11-2024,Premium,11,661.58
41073776,Urmi Dara,anitakaur@example.com,914000000000,"93, Bhatnagar Marg, Hindupur-363934",Meerut,658588,30-11-2024,Premium,8,1366.55
45659330,Jackson Sandal,leena40@example.net,914000000000,"H.No. 607
Kar Nagar, Maheshtala 129369",Gwalior,236335,01-12-2024,New,19,1364.9
79369660,Bahadurjit Doctor,isaiahdesai@example.com,919000000000,"23/122, Kale Nagar
Aurangabad-034703",Purnia,782515,02-12-2024,Premium,13,1085.69
44269569,Chasmum Natarajan,nisha81@example.org,914000000000,"H.No. 852, Comar Chowk, Sangli-Miraj & Kupwad-332124",Agra,129271,03-12-2024,New,18,812.22
46848302,Praneel Ramesh,utara@example.com,912000000000,"542
Kota Chowk, Medininagar-457616",Gulbarga,748017,04-12-2024,Premium,15,1657.96
83034412,Unnati Deol,vchoudhary@example.com,918000000000,"H.No. 276
Dugal Circle
Rourkela-734631",Jamnagar,743423,05-12-2024,New,11,1077.88
26912171,Jagat Banerjee,sudikshabhatt@example.com,910000000000,"66/690
Gala Zila
Motihari 873668",Rampur,426824,06-12-2024,New,2,386.54
71229024,Manbir Ramesh,ekbaldeshmukh@example.net,919000000000,"38/411
Deshmukh Marg
Gangtok 554649",Jamalpur,761366,07-12-2024,New,4,1869.02
20835909,Inaya Ramanathan,madhavsom@example.org,916000000000,"87/765, Kota Ganj, Saharsa 993982",Tinsukia,681334,08-12-2024,Premium,9,713.25
83155219,Yauvani Chanda,ijayavasa@example.net,913000000000,"H.No. 66, Malhotra Zila
Mangalore-435105",Satara,88020,09-12-2024,Inactive,5,1433.81
80286283,Girindra Kalla,yash33@example.com,918000000000,"H.No. 328, Basu
Gangtok 697599",Ahmednagar,167124,10-12-2024,Regular,8,311.01
30367559,Bhavna Guha,isabharwal@example.com,917000000000,"H.No. 38
Prabhu Nagar, Gorakhpur-773747",Aligarh,885164,11-12-2024,Regular,6,1419.6
76082627,Ekalinga Goda,madhavijayaraman@example.com,915000000000,"91/217
Sachdev Zila
Bijapur 682568",Jehanabad,877090,12-12-2024,Inactive,4,770
41874489,Vrishti Baria,varsha76@example.com,918000000000,"70
Sawhney Street, Agra 309466",Ahmedabad,285855,13-12-2024,Regular,2,1944.43
47335806,Pavani Borde,yashodhara92@example.com,917000000000,"H.No. 70, Chatterjee
Thrissur-635211",Pimpri-Chinchwad,553989,14-12-2024,Regular,9,1188
59824662,Tanish Jayaraman,sarmaavi@example.net,917000000000,"H.No. 55, Kala Path
Dibrugarh 172574",Bhilwara,406032,15-12-2024,Premium,1,741.83
16436359,Yashica Ramesh,upasna58@example.net,910000000000,"41/28, Tella Zila
Bokaro-422478",Kota,362536,16-12-2024,New,9,1485.15
45383958,Aachal Mangat,yasti56@example.org,917000000000,"H.No. 37
Venkatesh, Sonipat-528712",Rewa,626591,17-12-2024,New,19,482.19
52613657,Kala Ravi,unni50@example.org,917000000000,"H.No. 521
Peri, Khora  519235",Sultan Pur Majra,685992,18-12-2024,New,9,470.5
36675827,Xiti Chowdhury,naksh47@example.com,920000000000,"47/62, Dhar, Jaipur-105116",Patiala,230470,19-12-2024,Inactive,15,1143.03
80800079,Shivani Barad,csanghvi@example.net,919000000000,"62/36, Bhatnagar Zila, Tiruchirappalli-339874",Bidhannagar,221116,20-12-2024,Inactive,18,508.84
45066676,Lipika Murthy,lankayagnesh@example.com,914000000000,"55, Bassi Marg, Bhilwara 898751",Satna,469678,21-12-2024,Premium,1,1076.85
1060685,Yadavi Rajagopalan,dipta24@example.net,913000000000,"48
Choudhary Ganj, Gorakhpur 965066",Mango,449803,22-12-2024,Inactive,4,999.24
87536050,Rushil Raja,xrau@example.org,917000000000,"H.No. 197
Mody Zila
Sirsa 179676",Vadodara,593400,23-12-2024,Regular,18,1857.99
67829645,Akshay Vohra,sainigam@example.net,915000000000,"35, Ramaswamy Road, Munger 879775",Jamalpur,675581,24-12-2024,New,4,711.83
45700473,Omkaar Padmanabhan,vedantgrover@example.com,915000000000,"808
Balakrishnan Ganj, Begusarai 914766",Thoothukudi,88698,25-12-2024,Inactive,12,525.38
90144978,Pooja Lad,kothariyashoda@example.net,915000000000,"013
Sarma Circle
Rohtak 943634",Chittoor,216756,26-12-2024,Regular,3,1017.23
96629258,Liam Joshi,choudharyelijah@example.net,916000000000,"78/80, Venkataraman, Lucknow 671983",Chandigarh,918398,27-12-2024,Inactive,14,1462.21
76925460,Tara Narasimhan,reva48@example.org,914000000000,"29, Tak Path, Yamunanagar 262795",Kharagpur,501619,28-12-2024,Regular,2,1526.55
59190584,Xiti Tata,jgolla@example.com,912000000000,"77/806, Sethi Nagar
Phusro-516017",Vijayawada,483920,29-12-2024,Premium,6,1175.38
24323106,Faras Edwin,janani01@example.net,913000000000,"96/09
Jaggi Circle
Siwan-762214",Amaravati,840367,30-12-2024,Inactive,19,384.21
66354642,Priya Behl,pdas@example.org,918000000000,"H.No. 37, Karpe Marg
Rajkot 008569",Tenali,696330,31-12-2024,Premium,7,1153.17
17390673,Raghav Wali,forum17@example.net,912000000000,"49/45, Doctor Road, Anand-556316",Korba,669102,01-01-2025,Regular,16,1043.26
80419534,Gunbir Pandey,baradvihaan@example.com,914000000000,"109, Bose Path
Bharatpur 828807",Sagar,841623,02-01-2025,Premium,19,993.78
4439806,Balendra Sethi,johalmadhavi@example.net,913000000000,"89/706, Grewal Street, Jalgaon-268348",Mathura,838796,03-01-2025,New,7,790.59
89811984,Saumya Yadav,mseshadri@example.net,916000000000,"H.No. 132, Behl Path, Kakinada 191344",Ramgarh,309567,04-01-2025,Regular,3,1957.67
44223796,Bakhshi Lad,indira89@example.com,910000000000,"38/453
Dasgupta Chowk, Tirunelveli-600855",Erode,41954,05-01-2025,Regular,16,1449.84
88223261,Yoshita Suri,xiti38@example.com,915000000000,"H.No. 42, Wali
Panihati-273533",Navi Mumbai,578028,06-01-2025,Regular,7,532.31
90372221,Rajeshri Hayre,pahal62@example.com,919000000000,"H.No. 571, De Chowk, Rampur-364379",Jabalpur,262984,07-01-2025,Regular,6,1923.68
87213891,Janani Malhotra,idikaamble@example.com,915000000000,"H.No. 54
Chowdhury Road, Phusro-208073",Sonipat,813317,08-01-2025,New,1,1382.19
45729563,Jagvi Chaudry,ishenoy@example.org,913000000000,"58/545, Doctor Zila, Sri Ganganagar 092880",Bijapur,919273,09-01-2025,New,14,725.66
10706516,Charita Srivastava,dakshesh23@example.org,918000000000,"57/12, Narula Road
Karaikudi 600784",Miryalaguda,85972,10-01-2025,Regular,13,1420.97
25526479,Mason Doctor,siyasinghal@example.net,913000000000,"H.No. 45
Nadig Ganj, Ongole-168533",Hazaribagh,154794,11-01-2025,Regular,2,391.73
90902199,Faras Dua,sairajagopal@example.com,911000000000,"72/803, Puri Ganj, Kottayam 970220",Kishanganj,502489,12-01-2025,Regular,17,707.15
89874335,Mitali Sheth,sinhahemang@example.org,912000000000,"58/50, Batta Zila, Chandigarh 648087",Raiganj,701928,13-01-2025,New,15,808.55
27381533,Zayan Guha,bahriforum@example.net,917000000000,"64/71, D’Alia Circle
Kochi 188675",Rampur,831630,14-01-2025,Premium,9,1414.83
50652833,Aarnav Mittal,mohananika@example.org,911000000000,"H.No. 921, Choudhary Marg
Ahmednagar-371806",Belgaum,138728,15-01-2025,Premium,16,274.21
65391539,Yashica Khurana,kkata@example.org,916000000000,"H.No. 134, Mangat
Jamshedpur-231579",Satara,480445,16-01-2025,New,3,446.4
59517074,Aarav Murty,chadhameera@example.com,913000000000,"H.No. 17, Mane Circle
Davanagere 301952",Ichalkaranji,862020,17-01-2025,Premium,3,1693.23
66943324,Gavin Karnik,rudrakrishna@example.com,915000000000,"36/02
Padmanabhan Ganj, Saharsa 133874",Gorakhpur,851838,18-01-2025,Premium,19,1013.57
67386193,Wakeeta Khurana,pillaifariq@example.net,919000000000,"H.No. 48, Luthra Ganj
Baranagar-391311",Pali,488313,19-01-2025,Regular,14,1029.98
96009692,Panini Naik,ekapad42@example.org,920000000000,"64/48
Nigam, Proddatur-341138",Bhagalpur,700626,20-01-2025,Regular,15,1970.23
89986926,Manya Barad,vihaandey@example.net,914000000000,"H.No. 15
Kalita Marg, Bijapur-881606",Kota,455704,21-01-2025,New,18,1235.14
58170168,Urmi Bansal,vamakshiramachandran@example.org,918000000000,"497
Madan, Anantapuram-223901",Sasaram,480016,22-01-2025,Premium,16,757.56
17392512,Lavanya Bumb,iwable@example.net,911000000000,"30/18
Bath Zila, Vijayanagaram 234562",Secunderabad,103058,23-01-2025,Premium,14,1902.78
10038382,Rajata Balay,sanaya20@example.net,914000000000,"43
Sood Circle
Anand 032303",Bahraich,605355,24-01-2025,Inactive,3,339.73
98691989,Dakshesh Lala,wsathe@example.org,913000000000,"H.No. 246
Khosla Path, Parbhani 480197",Bhavnagar,312609,25-01-2025,Regular,18,1980.1
14323169,Jai Raj,widishamerchant@example.org,914000000000,"54
Ramanathan Chowk, Miryalaguda-463278",Firozabad,781242,26-01-2025,Inactive,20,1651.18
67729191,Arin Grover,rsehgal@example.org,911000000000,"24
Ratta Nagar, Mumbai 505338",Karimnagar,981853,27-01-2025,New,17,722.69
57063557,Vaishnavi Srinivas,onisubramaniam@example.org,920000000000,"H.No. 54
Kumer, Ahmednagar-380592",Raurkela Industrial Township,307921,28-01-2025,Inactive,5,1465.59
83058329,Fariq Arya,aradhanaramachandran@example.com,913000000000,"90/99
Samra Marg, Belgaum-250930",Varanasi,807586,29-01-2025,Inactive,6,248.96
17521263,Tanvi Patla,kvarughese@example.com,913000000000,"H.No. 90
Pant Ganj
Bally 308097",Serampore,580825,30-01-2025,Inactive,19,1990.96
37904682,Krisha Shere,ssarin@example.org,914000000000,"209, Hegde Ganj
Bidhannagar 176217",Bhimavaram,730139,31-01-2025,Premium,20,567.65
30447453,Jagrati Lad,bjain@example.com,914000000000,"379, Cherian Zila, Panihati 138451",Thanjavur,425881,01-02-2025,Premium,14,389.39
73661993,Elijah Verma,jiyer@example.org,911000000000,"H.No. 87, Kuruvilla Marg, Madhyamgram 992879",Hajipur,170699,02-02-2025,Inactive,2,1800.62
97277696,Ijaya Halder,hariyug@example.net,910000000000,"506, Mohanty Chowk, Bulandshahr 342089",Jamalpur,190033,03-02-2025,Premium,8,1630.93
27336589,Bishakha Bhargava,siyathakur@example.org,917000000000,"41/83, Walia Path, Pune 923796",Ghaziabad,702025,04-02-2025,New,11,678.05
66499992,Anirudh Barad,nsundaram@example.org,917000000000,"29/059
Parsa Zila
Serampore-060287",Haridwar,240315,05-02-2025,Regular,11,927
14367270,Ganga Mody,siddharthkale@example.com,915000000000,"87
Barman Zila
Guna 597819",Jabalpur,191949,06-02-2025,Inactive,16,763.23
30373140,Sai Dhingra,jnagarajan@example.com,911000000000,"H.No. 191
Sarraf Path, Guntur-844266",Kishanganj,125766,07-02-2025,Regular,2,596.71
96171594,Pratyush Tak,ibanik@example.org,914000000000,"H.No. 885
Kara, Nadiad 204192",Jodhpur,808731,08-02-2025,Regular,19,385.02
35402531,Eta Gola,khareurishilla@example.com,911000000000,"H.No. 24
Khalsa Nagar
Kalyan-Dombivli-228271",Kulti,872429,09-02-2025,New,11,1808.3
82989313,Finn Ghose,chanderlogan@example.org,915000000000,"34/85
Sandhu Path, Dharmavaram 398768",Deoghar,667126,10-02-2025,Inactive,15,1060.18
93826036,Reyansh Sarma,awason@example.org,913000000000,"528, Dar Ganj
Kurnool-850226",Hazaribagh,267488,11-02-2025,Premium,19,1143.97
87444738,Meghana Prabhu,comarfrado@example.net,912000000000,"33/015
Basu Chowk
Hazaribagh 623922",Satna,647152,12-02-2025,Inactive,9,1435.78
92356639,Girish Lall,nihalmani@example.net,919000000000,"H.No. 722
Badal Street, Sangli-Miraj & Kupwad 073500",Udaipur,558949,13-02-2025,Inactive,10,261.81
46836361,Champak Nazareth,gabrielkapadia@example.org,912000000000,"66/47, Mitra Nagar
Tinsukia-056627",Bikaner,287396,14-02-2025,Premium,16,545.22
25770577,Janya Chhabra,sachdevabdul@example.net,920000000000,"546
Sampath Circle, Kurnool 566625",Jaipur,799444,15-02-2025,Regular,17,1095.13
59094034,Ekanta Dass,johalkala@example.net,918000000000,"H.No. 49
Khare Zila, Khammam-745540",Nangloi Jat,513907,16-02-2025,Regular,1,771.9
65543312,Logan Pillay,krish11@example.com,913000000000,"05, Buch Street, Faridabad 972146",Mumbai,706490,17-02-2025,New,4,1209.29
28205701,Vedika D’Alia,dhillonthomas@example.com,913000000000,"76/920
Reddy Ganj, Motihari-005549",Panvel,289627,18-02-2025,Inactive,10,1286.02
81346291,Yashasvi Acharya,ramaswamyedhitha@example.org,917000000000,"209
Ravi Ganj
Sambhal 050363",Nizamabad,656769,19-02-2025,Premium,11,490.48
79764458,Bhavani Kant,mekhala15@example.org,916000000000,"83, Murty Street, Mira-Bhayandar 564005",Etawah,466737,20-02-2025,New,3,501.25
42101831,Eshana Dutt,neelima02@example.net,912000000000,"84/796, Raju Nagar
Ballia-732796",Madhyamgram,546948,21-02-2025,Inactive,8,212.33
34657654,Vidhi Devi,zaid59@example.com,912000000000,"95, Srivastava Road, Rourkela 177189",Ramgarh,189096,22-02-2025,Inactive,18,1243.18
3730316,Ishanvi Shankar,daksha35@example.org,913000000000,"356
Mohan Nagar
Cuttack-228642",Berhampore,968515,23-02-2025,Regular,10,215.72
86479284,Harini Kadakia,jacobmadan@example.org,917000000000,"H.No. 43, Bhasin Marg, Nellore-336446",Davanagere,315863,24-02-2025,Premium,9,461.87
81174361,Shivansh Sawhney,kkhalsa@example.org,915000000000,"H.No. 92
Venkatesh Circle, Burhanpur-429078",Bhopal,487403,25-02-2025,Inactive,12,223.29
13251137,Ekalinga Vasa,kibesiddharth@example.net,911000000000,"926, Pradhan Ganj, Silchar-691207",Rampur,87377,26-02-2025,Premium,2,1633.07
53523251,Yashoda Chauhan,unnigoswami@example.net,917000000000,"64/682, Mannan Circle
Farrukhabad 476505",Ranchi,290313,27-02-2025,New,4,1871.94
84382654,Gaurangi Singh,vbumb@example.org,918000000000,"429, Goswami Chowk, Bhiwandi-975689",Pali,843683,28-02-2025,Inactive,3,540.83
22076522,Chaaya Andra,baniklila@example.org,916000000000,"11/294, Chander Zila, Ambarnath-944366",Hindupur,271246,01-03-2025,Regular,5,1670.28
26521850,Yatin Varma,shahadvika@example.com,911000000000,"29, Kothari Circle, Phusro-901162",Kishanganj,263131,02-03-2025,New,10,215.87
12277039,Manthan Trivedi,mparmer@example.org,916000000000,"83/51, Prakash Path
Parbhani 536736",Unnao,287796,03-03-2025,Regular,1,1422.63
39153585,Rishi Sur,modykaran@example.org,920000000000,"27/13, Prabhakar Ganj, Kishanganj 123587",Tirunelveli,325976,04-03-2025,Premium,9,1851.83
99231937,William Banerjee,bahadurjitsarin@example.net,917000000000,"86/296
Buch Marg
Satara 896641",Secunderabad,246460,05-03-2025,Regular,16,1757.01
49970560,Pallavi Rao,aryan83@example.net,912000000000,"11/37, Sahni Street, Madurai 667472",Guwahati,787564,06-03-2025,Regular,15,1587.05
68985290,Jack Memon,rmalhotra@example.net,914000000000,"51/961, Majumdar Zila
Jamshedpur-164148",Ujjain,770279,07-03-2025,Premium,17,1779.1
48000260,Dakshesh Jhaveri,kundaucchal@example.com,914000000000,"H.No. 772, Banerjee Zila, Imphal 073883",Bulandshahr,230718,08-03-2025,Inactive,18,592.51
2136830,Bhavya Goswami,saxenamadhavi@example.net,917000000000,"09/73
Bath Street
Parbhani-673476",Bidhannagar,598513,09-03-2025,New,4,485.78
44426129,Aahana Gopal,tdave@example.org,911000000000,"297
Kakar Zila
South Dumdum 826959",Vasai-Virar,945784,10-03-2025,Regular,10,591.55
57081965,Daksha Mutti,chaman40@example.org,917000000000,"168, Bala Circle
Vijayawada 590467",Patna,779376,11-03-2025,Regular,7,897.32
34156884,Rachita Lal,savantwarda@example.com,916000000000,"96/155
Srivastava Ganj, Farrukhabad 800537",Kolkata,769142,12-03-2025,Regular,14,877.65
27694927,Vedant Chandra,bhavikadara@example.org,910000000000,"H.No. 46
Oak Path, Dewas 419841",Nagpur,711139,13-03-2025,Premium,8,267.32
16230299,Urvi Koshy,mdatta@example.net,916000000000,"H.No. 010
Chandran Street
Mau 901345",Pune,858006,14-03-2025,Regular,4,1776.71
99424244,Bhavini Mander,yashasvipalan@example.net,916000000000,"800
Subramanian Street
Dhule-015954",Mumbai,184817,15-03-2025,Premium,15,379.8
3893903,Bimala Sura,aradhanaganesh@example.net,919000000000,"H.No. 05, Balay Zila, Hazaribagh 973916",Bathinda,546301,16-03-2025,New,20,1922.71
42989999,Ishwar Munshi,pganguly@example.org,920000000000,"643
Vaidya Circle
Kota-421541",Mahbubnagar,396934,17-03-2025,New,2,247.46
16617201,Ekaraj Bhandari,magarbanjeet@example.net,911000000000,"71/757
Sen Street
Kavali 743310",Hosur,790556,18-03-2025,New,8,355.17
46615831,Wishi Chada,avi03@example.org,916000000000,"30/93, Chadha Road
Nizamabad-229304",Raurkela Industrial Township,947965,19-03-2025,Inactive,4,855.3
55286608,Ekaraj Shan,psankaran@example.net,915000000000,"06/50, Loke Nagar, Tadepalligudem 421448",Kozhikode,112691,20-03-2025,New,11,374.96
79789048,Saumya Bassi,falgunichaudhari@example.net,914000000000,"H.No. 25, Kumer Zila, Jalandhar-370188",Ozhukarai,401049,21-03-2025,Regular,17,771.05
92885616,Noah Dey,nakshraghavan@example.net,914000000000,"88, Nadkarni Nagar, Gaya 628811",Delhi,342749,22-03-2025,Inactive,13,285.81
8375298,Yahvi Vora,misrathomas@example.net,917000000000,"92
Mahajan Marg
Tadepalligudem-886941",Begusarai,665539,23-03-2025,Premium,5,443.91
75560116,Indali Sehgal,qthaker@example.com,915000000000,"49/97
Gole Zila, Rampur 083595",Karaikudi,425210,24-03-2025,Regular,3,708.22
81462774,Ishaan Sarkar,bdara@example.net,913000000000,"78
Chaudhuri Marg, Phusro 720202",Junagadh,513437,25-03-2025,Regular,12,1895.04
89784343,Radhika Kaul,vidhimitra@example.net,911000000000,"24/53
Koshy Chowk, Bangalore-414625",Dibrugarh,451264,26-03-2025,Premium,11,673.6
38355752,Udyati Shenoy,ilad@example.net,917000000000,"882
Sharma Marg, Berhampore 371055",Panvel,848392,27-03-2025,Premium,20,336.21
39976965,Dayamai Sawhney,seshadrizilmil@example.com,910000000000,"980
Soni Circle, Chapra 478764",Pimpri-Chinchwad,858879,28-03-2025,Regular,13,714.17
33280073,Yuvraj Lad,saanvimandal@example.org,912000000000,"909
Krishnamurthy Circle
Nizamabad 447824",Tadepalligudem,102918,29-03-2025,Inactive,17,1537.47
46594066,Ishaan Lad,vsengupta@example.net,912000000000,"52/94, Choudhury Street
Chittoor-870282",Giridih,731803,30-03-2025,Premium,7,519.46
90298394,Urvashi Oak,tacharya@example.com,916000000000,"82, Nagi Ganj
Kulti 065984",Bhilwara,744905,31-03-2025,Regular,1,1947.79
42465414,Ria Mallick,lajitatrivedi@example.com,920000000000,"56/146
Rege Nagar, Kamarhati-492065",Kadapa,486794,01-04-2025,Regular,17,1898.12
13850004,Umang Ramakrishnan,warda08@example.org,912000000000,"724, Shah, Kishanganj 847017",Kozhikode,23455,02-04-2025,Premium,15,1129.76
55060796,Lopa Barman,yashodhara48@example.net,911000000000,"827
Narula Street, Karnal-354449",Satara,268202,03-04-2025,New,5,1299.25
25829710,Saumya Chhabra,gangaverma@example.com,916000000000,"H.No. 13
Sidhu Road, Gorakhpur-295747",Faridabad,289481,04-04-2025,New,4,1894.32
53782978,Laban Baria,mohinihari@example.net,913000000000,"H.No. 66, Kumer Street
Bongaigaon 699438",Junagadh,690652,05-04-2025,New,10,1390.84
76441843,Neelima Chander,znadkarni@example.org,911000000000,"H.No. 72, Raja Nagar, Anantapur 525150",Gulbarga,583506,06-04-2025,New,10,1437.54
4543215,Farhan Soni,binakala@example.com,910000000000,"84/481
Gupta Marg
Kolhapur-377160",Satna,339165,07-04-2025,Premium,6,526.7
86444757,Zaitra Walia,jason88@example.org,917000000000,"980, Boase Path
Shimoga 779674",Jabalpur,546325,08-04-2025,New,10,1212.75
22161071,Arunima Deol,dhruvlala@example.org,913000000000,"H.No. 579
Bala Zila
Durgapur 493585",Jalna,571163,09-04-2025,New,7,1582.43
66310963,Farhan Khare,bavaatharv@example.com,911000000000,"95/373, Mohanty Marg, Visakhapatnam-528253",Dewas,874424,10-04-2025,Inactive,6,1289.52
57340963,Wridesh Kothari,eshana23@example.com,914000000000,"56, Mangal Chowk, Nagercoil-046733",Proddatur,479748,11-04-2025,Regular,2,230.19
49147776,Meghana Khanna,qkari@example.net,918000000000,"290
Prabhakar Road
Purnia-614564",Panvel,468561,12-04-2025,Inactive,5,1115.7
90743791,Vidhi Saxena,yasti64@example.net,919000000000,"H.No. 239, Kuruvilla Marg, Shivpuri 484426",Morbi,187890,13-04-2025,Inactive,5,1871.81
54222320,Edhitha Kakar,pillayomisha@example.org,917000000000,"H.No. 47, Singh Nagar
Nellore 891716",Pali,375546,14-04-2025,Regular,19,295.18
6184558,Gaurang Grewal,jpalan@example.net,914000000000,"51/040, Mittal Chowk
Salem-548267",Tezpur,80875,15-04-2025,Regular,1,1352.97
46989310,Atharv Sharaf,lallwarinder@example.net,915000000000,"385, Varghese Street, Moradabad 456513",Hindupur,8262,16-04-2025,Regular,17,577.75
35420673,Anika Agrawal,ymukhopadhyay@example.com,914000000000,"H.No. 261
Chatterjee Ganj
Jalgaon-635598",Chennai,472044,17-04-2025,Premium,19,501.98
9450435,Sai Chaudhry,ravalbina@example.com,914000000000,"76/10
Guha Marg, Thiruvananthapuram-148407",Bellary,630243,18-04-2025,Regular,1,1567.76
34853377,William Dutta,ktandon@example.net,918000000000,"H.No. 165
Madan Zila, Ambarnath 801685",Nanded,986269,19-04-2025,Premium,8,732.53
91384030,Gaurika Sheth,guneet73@example.org,917000000000,"820
Doctor Ganj
Chennai 396453",Arrah,418798,20-04-2025,Premium,11,1621.1
84641682,Anthony Natt,devansh22@example.com,916000000000,"H.No. 18, Deshpande Marg
Sirsa 415949",Bhilai,103668,21-04-2025,Inactive,16,909.95
97259564,Watika Narayanan,soommen@example.com,914000000000,"H.No. 97, Sule Ganj
Moradabad 014721",Khammam,14378,22-04-2025,Premium,6,1047.69
88553721,Vritti Mangat,rchoudhary@example.com,915000000000,"H.No. 067
Bhat Marg, Tadipatri 600686",Kadapa,858622,23-04-2025,Regular,6,984.13
59518795,Wazir Sandal,pmangal@example.org,913000000000,"95/826
Bal
Secunderabad 223476",Jodhpur,589920,24-04-2025,New,16,947.51
81533356,Gauri Lala,veer75@example.net,916000000000,"49
Radhakrishnan Street
Tenali-419488",Tiruppur,63954,25-04-2025,Premium,14,674.3
12469338,Lavanya Dani,fsathe@example.org,915000000000,"39/71, Talwar Nagar
Sonipat 594726",Coimbatore,728275,26-04-2025,Inactive,2,1896.89
60561655,Rohan Palla,imukherjee@example.org,913000000000,"498
Mohanty Path
Udupi-000701",Nashik,563888,27-04-2025,Regular,3,378.17
9105829,David Gopal,kdeol@example.org,913000000000,"80/23, Kashyap Chowk, Nanded-894272",Begusarai,450245,28-04-2025,Regular,11,1350.06
33034249,Lavanya Hari,aarini44@example.org,911000000000,"H.No. 62
Padmanabhan Road
Raebareli 131857",Bhind,684458,29-04-2025,Inactive,5,861.55
69632084,Max Sandal,amrutakhosla@example.org,914000000000,"25, Master Ganj
Jorhat-231554",Etawah,59625,30-04-2025,Premium,17,1400.31
69516494,Veda Chad,nakulsani@example.org,915000000000,"63/911
Pandya Zila, Rohtak 316439",Kanpur,520506,01-05-2025,Regular,12,1291.92
87120918,Wyatt Basak,maanav92@example.com,911000000000,"08, Prabhu Path
Haldia 489368",Malda,526640,02-05-2025,Inactive,10,1017.63
25665997,Barkha Sodhi,esom@example.net,911000000000,"H.No. 810, Sarkar Chowk, Rajahmundry 931307",Muzaffarnagar,684302,03-05-2025,Regular,3,1188.16
48778633,Sarthak Chaudhari,jmore@example.net,912000000000,"H.No. 27
Keer Zila
Bettiah 229893",Pimpri-Chinchwad,519996,04-05-2025,New,14,609.63
89617089,Kamala Apte,warjasnayar@example.org,914000000000,"H.No. 63
Sarkar Circle
Orai 521594",Bidhannagar,710095,05-05-2025,New,9,541.33
61877649,Yuvraj Roy,fitanvarty@example.net,918000000000,"72, Mannan Circle, Durgapur-415078",Nagaon,251525,06-05-2025,Premium,12,1739.04
46185579,Vidhi Pillai,ishanvi02@example.org,918000000000,"01/95, Mangat
Tinsukia 747651",Siliguri,88753,07-05-2025,Premium,3,1874.34
8734819,Balveer Verma,henry39@example.org,912000000000,"38/07
Chawla Marg, Farrukhabad 603507",Surendranagar Dudhrej,150558,08-05-2025,New,13,1466.9
46208150,Watika Bedi,lallawilliam@example.net,912000000000,"H.No. 513
Buch Chowk, Mau-355674",Meerut,266700,09-05-2025,New,3,1283.1
13189939,Ishanvi Raman,kalaoviya@example.net,916000000000,"38, Goyal Road
Ballia 891603",Bhopal,626288,10-05-2025,Inactive,17,1906.92
93318833,Jagat Sridhar,kashvi96@example.org,916000000000,"09/099, Oommen Zila
Mumbai 615873",Indore,920281,11-05-2025,New,19,490.94
75640174,Advik Bhakta,yashodharaseshadri@example.org,916000000000,"60/893
Das Chowk, Adoni 157491",Akola,186830,12-05-2025,Premium,2,1380.54
69415494,Yashvi Iyer,hkurian@example.net,914000000000,"H.No. 952, Viswanathan Chowk
Ongole-121550",Rajkot,742368,13-05-2025,New,9,706.67
58505903,Harinakshi Sibal,borabarkha@example.org,919000000000,"H.No. 68
Kohli
Suryapet 129805",Kottayam,289118,14-05-2025,New,18,1079.81
90184276,Vasudha Brar,rachitraju@example.com,918000000000,"50, Murthy Nagar
Howrah-738443",Kurnool,264663,15-05-2025,Inactive,1,580.47
5226128,Wridesh Mander,samakshshere@example.org,911000000000,"02/758, Garg Zila, Tinsukia-257738",Bhimavaram,227013,16-05-2025,New,10,1049.1
99347871,Robert Kashyap,gnadkarni@example.net,915000000000,"37/115
Kade Nagar
Baranagar 427420",Muzaffarnagar,535677,17-05-2025,Regular,3,1535.03
57081917,Nidra Choudhary,htiwari@example.net,914000000000,"H.No. 578
Gaba Zila
Nagercoil-822965",Howrah,420892,18-05-2025,Inactive,6,1378.87
18791381,Avni Gera,haritagandhi@example.net,918000000000,"80/24
Singhal Path
Anantapur 636515",Jamalpur,585239,19-05-2025,Premium,1,1206.26
94979163,Warda Sarin,yloke@example.com,918000000000,"07/82
Brahmbhatt Zila, Tumkur-832067",Kanpur,98338,20-05-2025,New,7,1146.5
81822935,Dhruv Ganguly,balvansule@example.org,913000000000,"23/02
Mane
Bhind 848106",Nanded,425857,21-05-2025,Regular,18,1808.94
63310076,Chavvi Jani,dbhandari@example.com,917000000000,"067
Dalal Zila
Sambalpur-237974",Etawah,334921,22-05-2025,Regular,17,1123.43
80862136,Pallavi Seth,deshpandebalhaar@example.net,919000000000,"21/80, Shetty Path, Haldia-849255",Ambattur,924868,23-05-2025,Premium,16,393.28
64316806,Yadavi Bhagat,yahviparsa@example.org,918000000000,"036, Taneja Nagar, Sonipat-029200",Karnal,930174,24-05-2025,Regular,2,836.58
37183511,Neel Minhas,upma50@example.net,917000000000,"55
Rout Chowk
Bardhaman-834635",Gopalpur,231644,25-05-2025,New,13,1855.04
52085702,Irya Soni,kadereyansh@example.com,912000000000,"H.No. 05, Sachdev Circle
Munger-508158",Fatehpur,231895,26-05-2025,New,8,801.83
16376189,Samaksh Srivastava,vsom@example.org,915000000000,"H.No. 417
Goel Road, Alappuzha-241112",Chapra,840977,27-05-2025,Premium,10,271.53
17132416,Diya Tak,timothy84@example.com,915000000000,"86, Swamy Marg, Agra 946002",Solapur,302449,28-05-2025,Regular,20,644.85
66440188,Ira Radhakrishnan,thomas14@example.org,914000000000,"610
Baral Path
Mahbubnagar-336583",Haldia,894414,29-05-2025,Premium,9,1976.52
10700664,Rehaan Tara,ishere@example.org,917000000000,"09/35, Kar
Jabalpur 573121",Raebareli,287997,30-05-2025,Regular,5,1535.01
12769552,Chameli Ranganathan,yutikaraja@example.org,911000000000,"32/73, Yadav Zila, Junagadh-515395",Ratlam,414930,31-05-2025,Regular,10,1316.09
89142848,Vasudha Jain,rameshzaitra@example.org,919000000000,"H.No. 190
Pandey Nagar, Bikaner-019291",Rajkot,286052,01-06-2025,New,11,1459.23
32006907,Mohammed Din,egandhi@example.com,914000000000,"H.No. 00
Contractor Street, Hindupur-954443",Guwahati,192156,02-06-2025,Regular,13,879.66
85072416,Brinda Sekhon,nayarnathan@example.org,916000000000,"75, Dhar
Durg-621338",Loni,973101,03-06-2025,New,20,467.12
23755474,Jhalak Rajagopal,rajugeetika@example.org,910000000000,"H.No. 888, Ranganathan Zila, Gulbarga 969531",Jodhpur,891412,04-06-2025,Premium,9,854.81
26752630,Nakul Gade,samuel16@example.net,915000000000,"40/280, Balakrishnan Path, Bongaigaon 601425",Delhi,313960,05-06-2025,Inactive,5,1340.67
59353207,Aayush Oza,wmangat@example.org,914000000000,"H.No. 293
Divan Road
Berhampur 659733",Khammam,89328,06-06-2025,Inactive,2,1618.52
12090436,Tripti Yogi,sekhonjhalak@example.org,913000000000,"24/89, Gour, Chandigarh 624564",Asansol,684483,07-06-2025,Regular,18,1307.52
97419742,Wishi Doshi,gauri61@example.com,919000000000,"290, Chad Street, Shahjahanpur-216192",Adoni,603224,08-06-2025,Inactive,7,1663.04
99772709,Xiti Jaggi,girishgour@example.net,916000000000,"39/76, Yogi Chowk, Jalna-806277",Tadepalligudem,798755,09-06-2025,Regular,11,1905.19
88667557,Gunbir Anand,avni95@example.net,915000000000,"H.No. 13, Sarma Path
Bhilwara 520495",Chennai,478377,10-06-2025,New,10,792.85
4394659,Xalak Goel,thakurmitali@example.org,915000000000,"69/41, Sen Nagar
Bhagalpur-361305",Pune,92392,11-06-2025,New,7,291.77
52757321,Hritik Narain,jagvi66@example.net,915000000000,"500
Raghavan Circle
Nellore 449924",Bulandshahr,262684,12-06-2025,New,11,1059.22
19275474,Girik Hora,azadchoudhary@example.org,918000000000,"78/37
Gera Zila, Alappuzha-096565",Lucknow,916112,13-06-2025,New,14,698.12
55404382,Isaiah Issac,csahni@example.net,916000000000,"H.No. 428
Dewan Road, Hospet-604940",Guntakal,245224,14-06-2025,Premium,19,950.79
70084516,Ishaan Baria,gulatichaitaly@example.org,915000000000,"H.No. 765, Sangha, Pimpri-Chinchwad-976190",Pallavaram,932798,15-06-2025,New,11,486.51
29265216,Samuel Buch,ethankala@example.com,919000000000,"05
Wable Nagar, Varanasi-387829",Bidar,638496,16-06-2025,New,3,609.49
16785724,Indali Majumdar,ozaomkaar@example.com,919000000000,"610
Thaker Zila
Bilaspur-483457",Vellore,61886,17-06-2025,Regular,16,1768.52
14272050,Rajata Misra,quincy04@example.net,912000000000,"59/380
Dewan Ganj
Malegaon-743475",Satna,120950,18-06-2025,New,7,662.99
95736310,Bishakha Vora,sinhasudiksha@example.com,915000000000,"H.No. 642
Dewan Circle, Bhiwani-554746",Morbi,759352,19-06-2025,Premium,11,1954.12
14079305,Jeevika Narain,rattiikshita@example.org,920000000000,"144
Gokhale Nagar, Bhalswa Jahangir Pur 956383",Warangal,702601,20-06-2025,Premium,17,567.1
71189232,Darsh Bedi,agastyabhatia@example.net,915000000000,"51/101, Sarna Nagar, Bettiah 417621",New Delhi,116341,21-06-2025,Inactive,14,1754.14
61486140,Jeremiah Chand,zdeep@example.com,915000000000,"38/80
Parikh
Jamshedpur 875730",Amritsar,569153,22-06-2025,Inactive,15,1967.78
76008165,Hemangini Mutti,maniomisha@example.com,918000000000,"45/266
Tara Marg, Silchar 957848",Katihar,262577,23-06-2025,Premium,6,1724.44
63060947,Kamala Bobal,canne@example.net,918000000000,"613, Saran Road, Alappuzha 680503",Hindupur,56676,24-06-2025,New,18,1884.15
25706121,Baghyawati Toor,thomas08@example.com,918000000000,"127
Korpal Street, Kakinada 138460",Srinagar,466303,25-06-2025,Premium,12,1453.68
55803572,Champak Palla,gbail@example.net,917000000000,"58/271
Parmar Circle
Nagaon-635394",Rewa,391552,26-06-2025,Premium,17,1237.96
38133873,Rehaan Borde,janya13@example.net,919000000000,"93, Das Path
Haridwar 763529",Khammam,123704,27-06-2025,Premium,10,770.71
73735548,Ishanvi Bala,praneelgolla@example.com,919000000000,"712
Kamdar Path, Raipur-299266",Haldia,567104,28-06-2025,Premium,7,554.65
12778027,Eshana Prabhu,isha32@example.com,915000000000,"H.No. 446
Soni
Bihar Sharif 011073",New Delhi,862253,29-06-2025,New,9,1513.18
42781544,Isaiah Sankar,saxenalogan@example.org,919000000000,"088, Sane Marg
Sambalpur 100191",Faridabad,898529,30-06-2025,New,1,1248.16
78725001,David Thaker,janujaahuja@example.org,912000000000,"H.No. 99
Sawhney Path, Satna 073907",Machilipatnam,343097,01-07-2025,Regular,15,1105.15
20254516,Tanveer Samra,triptisama@example.com,912000000000,"37/67, Tak Zila
Nadiad 662567",Nandyal,696091,02-07-2025,Inactive,18,1536.88
97928781,Dhriti Om,ychander@example.org,919000000000,"37
Kade Marg
Raichur 315310",Gaya,464706,03-07-2025,Inactive,2,1278.88
3875480,Harshil Mital,qnarula@example.com,919000000000,"58
Chaudhry Zila
Bhind 676771",Berhampur,743842,04-07-2025,Inactive,8,1863.49
27416314,Anika Hari,garima95@example.org,912000000000,"91, Ramanathan Nagar, Bhatpara-172778",Kanpur,803498,05-07-2025,Inactive,3,820.6
77214094,Raksha Walla,oakkaran@example.org,911000000000,"04, Atwal Nagar, Kanpur 851914",Khammam,105283,06-07-2025,New,6,1957.35
77661491,Jyoti Srinivas,zramesh@example.org,915000000000,"236, Parikh Nagar, Rajpur Sonarpur-736094",Hosur,276733,07-07-2025,New,20,1628.56
10285414,Meera Nigam,priyalanka@example.org,910000000000,"76, Jaggi
Kirari Suleman Nagar-469099",Shimla,186927,08-07-2025,Inactive,18,993.5
8205155,Vrishti Din,pooja30@example.com,911000000000,"45, Dhawan Marg, Mahbubnagar-157273",Sagar,165438,09-07-2025,New,3,305.85
29361038,Idika Gade,oscarchaudhari@example.com,913000000000,"09/56
Palla Street, Bhatpara-222615",Aurangabad,160138,10-07-2025,New,19,282
6319646,Rehaan Suresh,ryan15@example.com,916000000000,"38, Chandran Chowk
Phusro 940532",Udupi,413954,11-07-2025,Regular,9,518.17
22738465,Gabriel Oak,advayluthra@example.com,918000000000,"42/463
Rana Street, Chennai 439851",Narasaraopet,890953,12-07-2025,Inactive,16,1903.09
37947202,Eta Srinivasan,mitali78@example.org,911000000000,"H.No. 486, Sen Road, Silchar-440108",Nandyal,87344,13-07-2025,Regular,3,259.96
93284515,Tejas Mahal,naksh19@example.org,919000000000,"31/521, Pingle Marg, Amravati 270216",Mumbai,953623,14-07-2025,New,2,1324.95
84161531,Raagini Verma,ethanmander@example.org,910000000000,"H.No. 36
Sarin Circle, Moradabad-889706",Rohtak,902770,15-07-2025,Premium,19,1681.88
22293666,Gopal Kumar,imaran02@example.net,917000000000,"H.No. 605, Raval Street, Gudivada-682740",Saharsa,447206,16-07-2025,New,2,1671.53
15236510,Pooja Prasad,wyattsrinivas@example.com,919000000000,"460
Thaker
Tadepalligudem 696563",Serampore,264052,17-07-2025,New,11,937.26
34787383,Ekbal Talwar,jyotisethi@example.com,914000000000,"07, Gopal Ganj
Bhimavaram 958877",Anantapur,29302,18-07-2025,Premium,17,292.41
18954314,Ladli Nagarajan,krishnadamyanti@example.org,916000000000,"82/74
Kaul Street, Chandigarh 578066",Mau,381178,19-07-2025,Inactive,6,1781.37
20298398,Urvi Bali,yuvrajdayal@example.org,915000000000,"H.No. 412
Batra Zila, Bhilai 424489",Ahmednagar,278627,20-07-2025,New,1,1049.6
33617546,Harrison Edwin,kapurtristan@example.org,916000000000,"084, Arora, Asansol-794979",Bhopal,755104,21-07-2025,New,12,239.2
76359458,Yahvi Sule,vyanjananigam@example.net,914000000000,"H.No. 79
Kulkarni Path, Gandhidham 810520",Hosur,894432,22-07-2025,New,2,1638.08
96640716,Yatan Varughese,vedachopra@example.net,913000000000,"710
Sant Zila, Howrah 712153",Sikar,505940,23-07-2025,New,16,462.66
78847070,Gauri Ramakrishnan,priyasura@example.net,916000000000,"131, Sundaram Ganj, Jamnagar 024377",Anantapur,478537,24-07-2025,Inactive,12,1918.04
27513158,Dev Taneja,unadig@example.net,913000000000,"H.No. 764, Padmanabhan Chowk
Sirsa 804300",Aizawl,769023,25-07-2025,New,7,1387.81
65618148,Aadhya Palla,forumshan@example.org,916000000000,"78
Nagi Zila, Jamshedpur-811905",Gandhinagar,748222,26-07-2025,Inactive,9,1644.51
68307253,Rachita Borra,andrewarora@example.net,911000000000,"02
Wable Ganj, Kolkata-072162",Dewas,100051,27-07-2025,Premium,7,1547.07
87889031,Baghyawati Nair,apandit@example.org,917000000000,"88
Atwal Zila, Arrah 728863",Bhimavaram,48081,28-07-2025,Regular,18,836.6
70243933,Irya Gola,ekbal71@example.org,920000000000,"41/448
Bandi Ganj
Jamshedpur 168104",Mahbubnagar,829779,29-07-2025,Regular,13,476.91
12141418,Faras Patla,nperi@example.com,915000000000,"19/61, Memon Circle, Siwan-721238",Ambala,97395,30-07-2025,Inactive,5,862.68
60565603,Ladli Tara,kallawaida@example.com,918000000000,"H.No. 51
Sampath Nagar, Bellary 602969",Madhyamgram,390752,31-07-2025,New,11,949.6
64906311,Balendra Pandey,ijaya32@example.net,912000000000,"17/83, Kant Marg, Kadapa-463586",Sikar,417724,01-08-2025,Inactive,10,1124.25
12851610,Unnati Narayanan,indali31@example.net,918000000000,"09/64
Shanker Ganj
Bongaigaon-786416",Proddatur,304595,02-08-2025,Inactive,14,633.41
84937877,Yug Mahal,tejasdani@example.com,916000000000,"H.No. 35, Prashad Road, Nangloi Jat 100742",Guntur,711210,03-08-2025,Premium,4,1863.17
49574186,Yashica Devan,nimrat27@example.com,911000000000,"61/77
Sinha Path, Munger-718295",Barasat,505155,04-08-2025,Premium,13,625.97
65221572,Leela Bumb,jkapoor@example.com,919000000000,"H.No. 30
Mand Marg, Ramgarh 691868",Delhi,305120,05-08-2025,New,17,1100.53
4758426,Qushi Dash,contractorurishilla@example.org,916000000000,"78
Jha Zila
Chandrapur 263897",Vijayawada,415274,06-08-2025,New,14,448.81
84826389,Alexander Peri,rchaudry@example.org,912000000000,"H.No. 221
Nair Nagar, Rajkot-091373",Sonipat,965944,07-08-2025,Premium,13,1607.4
42102289,Guneet Vaidya,wyattkara@example.com,918000000000,"71, Padmanabhan
Chapra-979621",Raebareli,499108,08-08-2025,New,20,1310.74
11063505,Garima Pillay,dakshesh96@example.org,916000000000,"H.No. 89
Nori Ganj, Bhiwani-227906",Udaipur,434196,09-08-2025,New,2,1285.79
84862161,Advaith Baria,ayushnatarajan@example.org,918000000000,"387
Narula Zila
Korba 967819",Farrukhabad,770374,10-08-2025,New,12,1512.98
88520326,Chasmum Dhaliwal,sarora@example.org,912000000000,"65/481, Solanki Zila, Hosur 461150",Asansol,37026,11-08-2025,Premium,14,1537.05
8025622,Daksh Bali,xraju@example.org,919000000000,"18/209
Bumb Circle
Amravati-268871",Bulandshahr,177515,12-08-2025,Regular,15,1160.55
99361865,Ekantika Ravel,bhasinsiddharth@example.com,911000000000,"53/83
Munshi Chowk
Ramgarh-680245",Berhampur,172106,13-08-2025,New,20,1423.56
40841791,Krishna Chahal,teerth57@example.org,917000000000,"H.No. 680, Raghavan Zila
Ballia-415317",Mysore,227417,14-08-2025,New,4,851.79
20360447,Timothy Dubey,naksh97@example.net,914000000000,"56/253
Deol, Hapur 797670",Akola,329409,15-08-2025,New,2,640.41
90647204,Lipika Swaminathan,chandchaitaly@example.com,919000000000,"315, Pingle Path, Giridih 546076",Muzaffarnagar,603717,16-08-2025,New,13,1124.52
78748184,Odika Jain,eray@example.net,920000000000,"72/19
Sarma
Tinsukia 520475",Karawal Nagar,273092,17-08-2025,Regular,13,533.74
65121696,Warinder Gopal,roynimrat@example.org,918000000000,"422, Pradhan Road
Vijayanagaram 919198",Mirzapur,329948,18-08-2025,New,7,425.04
99729547,Wridesh Saini,meeradey@example.net,916000000000,"H.No. 18
Pillay Chowk
Patna-810149",Gwalior,81603,19-08-2025,New,17,1763.46
65692224,Aahana Buch,zayyan92@example.com,916000000000,"H.No. 50
Dave Marg
Nashik 705135",Jaunpur,542226,20-08-2025,Regular,3,1053.33
22613559,Omya Johal,yogiwilliam@example.org,916000000000,"62/824
Varma Chowk, Allahabad-131566",Berhampur,776802,21-08-2025,Premium,10,736.33
17749347,Akshay Bhasin,bhatsiddharth@example.org,914000000000,"217, Banik Street
Rohtak 274302",Panchkula,821987,22-08-2025,Premium,15,1842.37
57526322,Henry Dar,yamini34@example.net,915000000000,"21/13, Patla Zila
Hosur-358068",Kishanganj,207296,23-08-2025,Premium,2,601.98
1589656,Xiti Prabhu,maharajmitesh@example.org,919000000000,"H.No. 729, Raval
Sambalpur 817241",Gorakhpur,374983,24-08-2025,Premium,13,1548.76
58085779,Abeer Oak,omistry@example.net,913000000000,"H.No. 136
Devi Path
Bangalore 448384",Berhampur,652494,25-08-2025,New,19,1602.11
70221073,David Setty,ekansh32@example.org,911000000000,"20
Zacharia Road, Satara-435232",Etawah,358801,26-08-2025,Premium,16,1074.21
77869660,Nidhi Sha,ewali@example.org,916000000000,"H.No. 174, Saraf Chowk, Deoghar-906819",Gandhinagar,843445,27-08-2025,Premium,8,439.41
38957713,Damyanti Krish,xkhatri@example.net,914000000000,"730, Krishna Marg, Tiruchirappalli 628526",Uluberia,3946,28-08-2025,New,19,935.68
51544662,Hiral Tara,chandasamuel@example.org,913000000000,"H.No. 950
Kaul Path
Agra 447974",Chinsurah,346670,29-08-2025,New,15,1352.21
37309023,Dominic Dutt,msule@example.net,911000000000,"88/43
Sunder Zila
Dibrugarh-657473",Guntur,716024,30-08-2025,Premium,10,1270.38
99707100,Falan Master,mrao@example.net,912000000000,"44/84
Sule Road, Howrah-418979",Munger,361839,31-08-2025,Inactive,9,1089.92
59643062,Reyansh Khatri,ishanvisuri@example.org,914000000000,"73/83
Saran Road
Jamshedpur 954172",Aligarh,88100,01-09-2025,Inactive,11,416.94
22227829,Rehaan Patla,kala29@example.com,914000000000,"238
Tiwari Chowk
Tirunelveli-454482",Bhiwani,499199,02-09-2025,New,17,1386.69
20343501,Anthony Krishnamurthy,sahotamax@example.net,917000000000,"H.No. 940, Bose Zila
Aizawl 529946",Sasaram,655005,03-09-2025,Inactive,19,1070.47
48409448,Pavani Vaidya,varsha47@example.net,914000000000,"76
Chana Street
Bhimavaram-424017",Ludhiana,743825,04-09-2025,New,18,1652.89
55038040,Vidhi Balakrishnan,tnigam@example.net,912000000000,"H.No. 81
Johal Zila
Kottayam-727849",Agartala,875201,05-09-2025,New,8,505.03
34755436,Jatin Ramachandran,naveen22@example.org,914000000000,"440
Chakraborty, Raipur-544802",Kolkata,370073,06-09-2025,New,10,622.59
87463923,Gagan Lal,pranit82@example.com,917000000000,"43, Sarna Street
Begusarai 207171",Katihar,276564,07-09-2025,Inactive,5,216.98
28499191,Amara Patel,duaakshay@example.com,918000000000,"98, Sen Ganj
Secunderabad-632862",Thoothukudi,190084,08-09-2025,Premium,11,1018.2
37759707,Jhalak Venkataraman,zachariavasana@example.org,914000000000,"H.No. 774
Borah Nagar, Surat-338543",Sultan Pur Majra,626543,09-09-2025,Premium,12,924.06
26936578,Lavanya Bawa,riya23@example.net,917000000000,"H.No. 59
Amble
Pali 954401",Maheshtala,200144,10-09-2025,Regular,5,1610.07
22020776,Manan Banerjee,zpal@example.net,912000000000,"11, Sura Chowk
Hajipur-950505",Bhiwandi,681898,11-09-2025,Regular,10,714.21
47618810,Ekalinga Mandal,avi52@example.net,915000000000,"H.No. 57
Goda Chowk, Pimpri-Chinchwad 391055",Ghaziabad,423916,12-09-2025,Inactive,17,1395.84
53605257,Harita Naidu,devika35@example.com,914000000000,"H.No. 95
Murthy Path, Shimoga 503288",Haridwar,809794,13-09-2025,Regular,3,444.54
28289030,Sarthak Parmar,cgulati@example.net,914000000000,"37
Ganesan Marg
Nangloi Jat-417273",Dehri,383972,14-09-2025,Regular,11,1739.54
26935187,Tanveer Yogi,jananikapoor@example.net,913000000000,"51/88
Tandon Circle
Tiruvottiyur 882576",Chandrapur,741984,15-09-2025,Premium,9,919.12
75944533,Garima Kohli,ganesharin@example.com,913000000000,"H.No. 25, Sharaf Chowk, Rajkot 112785",Jabalpur,760017,16-09-2025,Inactive,19,577.89
31389750,Advika Bala,praneelmorar@example.com,919000000000,"42/949
Dani Chowk, Raipur 625479",Karaikudi,251735,17-09-2025,New,18,1600.66
99784559,Laban Chopra,gayathri37@example.net,916000000000,"672
Bhatia Road
Rampur 543886",Allahabad,407983,18-09-2025,Inactive,18,218.41
87450286,Harish Bedi,pathakpanini@example.org,912000000000,"259
Sharaf Circle
Jamalpur-304705",Asansol,895547,19-09-2025,Premium,9,1856.86
94850985,Isaac Anne,unnati97@example.org,913000000000,"17/71, Hegde Road, Rajpur Sonarpur 453198",Delhi,80190,20-09-2025,New,8,1923.29
3660263,Jagdish Bains,qsrinivas@example.org,914000000000,"787
Bora Circle, Madurai 132549",Phagwara,202676,21-09-2025,Regular,10,1573.91
61982521,Jagat Dewan,pchander@example.com,914000000000,"47/63, Kurian Nagar, Anand-272334",Faridabad,493391,22-09-2025,Inactive,3,1995.09
29973346,Pranit Sane,panchaljasmit@example.com,913000000000,"503
Memon Nagar, Jehanabad-859439",Sambhal,521032,23-09-2025,Premium,1,1786.85
894128,Chatura Agarwal,harishom@example.net,920000000000,"58/69
Mallick Path
Rajahmundry 318453",Durgapur,13150,24-09-2025,Inactive,5,1323.32
40871915,Alka Sandal,harinakshisahota@example.net,910000000000,"86/200, Nazareth Zila, Thoothukudi 902537",Mehsana,80248,25-09-2025,Premium,8,1636.24
41972994,Lila Khanna,vsaini@example.com,917000000000,"H.No. 304, Mody Ganj
Machilipatnam 049054",Bhatpara,238845,26-09-2025,Inactive,16,748.34
11082181,Pratyush Munshi,evig@example.com,916000000000,"H.No. 07
Apte Chowk
Ulhasnagar-524587",Kalyan-Dombivli,816410,27-09-2025,Premium,6,624.4
26040510,Jasmit Barad,jeetnazareth@example.com,913000000000,"542
Babu Circle, Berhampur 003256",Kadapa,393692,28-09-2025,Premium,5,507.99
82770142,Balveer Brar,yashica30@example.org,915000000000,"H.No. 62, Khalsa Chowk
Ghaziabad-756275",Karaikudi,719292,29-09-2025,New,2,1834.58
46504355,Ridhi Oak,avnijha@example.net,910000000000,"H.No. 272
Pingle, Aligarh 181840",Arrah,603176,30-09-2025,Regular,15,294.04
40419593,Siya Pandit,dbera@example.org,919000000000,"H.No. 401
Nori Circle, Phusro-398654",Dibrugarh,493928,01-10-2025,Inactive,20,787.07
31076002,Urvi Wali,rachit18@example.net,911000000000,"H.No. 94, Nanda
Karnal 471409",Tinsukia,177431,02-10-2025,New,5,1389.14
91590001,Nandini Bawa,jsandhu@example.org,919000000000,"H.No. 86, Din Zila, Korba-969073",Kolhapur,465150,03-10-2025,Premium,13,1304.73
76377003,Harsh Bhandari,viswanathanaarav@example.com,913000000000,"44
Krishna Chowk, Bhatpara 525476",Chandigarh,145664,04-10-2025,Inactive,10,842.66
40626729,Rachit Toor,chavvigola@example.com,915000000000,"87/923
Bhavsar
Muzaffarpur 139781",Tinsukia,419606,05-10-2025,Regular,1,1921.19
50680889,Warda Karan,yashawininazareth@example.org,914000000000,"H.No. 57
Raval Street
Kharagpur-806830",Thoothukudi,99859,06-10-2025,New,1,619.56
41439103,Ati Wali,avi82@example.net,919000000000,"76/26, Hans
Panipat-910815",Junagadh,893610,07-10-2025,Premium,6,1326.63
35782051,Ekiya Mital,deygaurav@example.net,917000000000,"31/25
Narayan, Rampur 164546",Mango,523577,08-10-2025,New,1,1090.28
71252391,Mohini Johal,ajaggi@example.com,915000000000,"68/70
Merchant Ganj
Anand 877850",Kulti,40488,09-10-2025,New,8,1558.97
56764791,Priya Shukla,rajavasana@example.net,911000000000,"96/18
Panchal Chowk
Hosur-935341",Hindupur,876143,10-10-2025,Regular,10,1226.1
50652909,Meera Jain,deyrehaan@example.org,912000000000,"H.No. 50
Munshi Zila, Amaravati-880526",Farrukhabad,124819,11-10-2025,Regular,8,559.99
29451600,Max Shankar,bchoudhry@example.com,920000000000,"H.No. 89, Babu Zila, Bangalore 287095",Amritsar,191584,12-10-2025,New,5,1882.69
38114014,Yatin Sandal,balakrishnanchristopher@example.org,917000000000,"H.No. 349
Sami
Adoni 237515",Mumbai,438966,13-10-2025,New,12,1006.24
25977417,Lohit Sengupta,agarwalamol@example.net,917000000000,"H.No. 985, Sarma Road, Raebareli 726376",Berhampore,363245,14-10-2025,Inactive,11,399.59
39418109,Yahvi Kala,reyanshbasu@example.com,918000000000,"H.No. 942
Jaggi Street
Anand 778048",Navi Mumbai,729388,15-10-2025,Inactive,19,928.13
80761521,Yashica Rama,laladarika@example.com,918000000000,"H.No. 25, Loke Circle, Aligarh 718926",Latur,257938,16-10-2025,Inactive,5,850.56
54375571,Omaja Bumb,vrishtirajagopal@example.com,912000000000,"24/60, Dada, Allahabad 330051",Korba,207211,17-10-2025,Premium,4,405.49
50968312,Idika Chaudhry,anirudh02@example.org,914000000000,"74/873
Basu Road
Dindigul 291516",Maheshtala,195956,18-10-2025,Inactive,13,1794.46
33829924,Jeevika Sami,chhabranisha@example.org,910000000000,"61/245
Seth Circle
Guna 980948",Kanpur,182213,19-10-2025,New,18,615.52
29562072,Edhitha Ranganathan,yashawini55@example.net,915000000000,"09, Soman Marg, Guna 345092",Hindupur,976259,20-10-2025,New,10,1449
4618801,David Saran,dalbir79@example.org,916000000000,"24, Dayal Chowk
Avadi 300543",Jodhpur,869099,21-10-2025,Premium,11,201.56
30535703,Dev Comar,jmurthy@example.net,919000000000,"H.No. 353
Ramakrishnan Street, Begusarai-376450",Morbi,267760,22-10-2025,Regular,3,301.96
10605484,Rachit Chakraborty,karabhiram@example.com,918000000000,"H.No. 714
Das Circle, Nanded-127585",Visakhapatnam,411956,23-10-2025,Inactive,13,652
8164639,Pushti Dhillon,varenya91@example.com,910000000000,"81/62
Char Circle, Ramagundam 071898",Gandhidham,975982,24-10-2025,Premium,11,329.17
63360864,Idika Sahni,kotavrinda@example.net,919000000000,"87/887
Chatterjee Street
Karaikudi 061007",Bhopal,402853,25-10-2025,Inactive,16,1804.42
2361575,Aarnav Seth,banditeerth@example.org,915000000000,"H.No. 24
Mahal Circle
Guwahati-694378",Faridabad,160994,26-10-2025,New,19,1993.09
59485034,Dominic Sidhu,narainbaghyawati@example.com,918000000000,"H.No. 17
Mangat Chowk
Morena 729596",Agartala,931347,27-10-2025,New,1,1762.35
6025470,Isaac Mander,rdixit@example.com,913000000000,"57/46
Solanki Street
Jammu 135323",Sagar,644361,28-10-2025,Premium,12,1599.39
31371112,Osha Chad,babujoshua@example.org,915000000000,"H.No. 48
Kamdar
Salem 078745",Darbhanga,351799,29-10-2025,Regular,5,231.41
14294171,Ikshita Bava,chaturadave@example.net,914000000000,"693
Oak Ganj
Karnal-566675",Saharanpur,84734,30-10-2025,Regular,1,1680.47
92245432,Ayushman Goel,zagate@example.net,918000000000,"H.No. 556
Rege Zila
Davanagere 091304",Tadipatri,863697,31-10-2025,Premium,12,316.16
2928026,Vrishti Basak,gautamisrinivasan@example.com,915000000000,"H.No. 40, Sekhon Chowk
Ajmer 858814",Ahmedabad,960708,01-11-2025,New,9,280.45
98687927,Yachana Brar,xlanka@example.com,920000000000,"92/339, Kar
Saharsa-001690",Pali,337430,02-11-2025,Premium,6,825.55
15796277,Finn Pau,vganesh@example.com,911000000000,"29
Comar Path
Davanagere-714215",Loni,223700,03-11-2025,New,19,1365.33
92604392,Kevin Palan,ati37@example.com,914000000000,"372, Mitter Zila
Ranchi-735929",Faridabad,853795,04-11-2025,Premium,10,909
77303171,Sneha Menon,vgopal@example.com,917000000000,"H.No. 24, Raman Road
Haldia 955041",Guna,876392,05-11-2025,Inactive,19,452.86
24144240,Charles Parsa,vasudha38@example.com,914000000000,"756, Anand Chowk, Bhusawal 348094",Tezpur,49861,06-11-2025,Regular,15,1938.81
74548003,Falan Dhillon,bakhshi09@example.org,914000000000,"H.No. 399, Bhatnagar Ganj
Nagercoil 907151",Erode,455503,07-11-2025,Regular,9,1412.04
8122530,Fiyaz Rai,dixitanay@example.org,911000000000,"458
Garg Street, Farrukhabad 058172",Tadepalligudem,666,08-11-2025,Inactive,9,1493.48
97664747,Sanaya Chatterjee,ranveer24@example.org,916000000000,"59
Nair Ganj, Sambhal-803177",Gulbarga,474294,09-11-2025,Premium,9,1160.21
79960955,Chatresh Samra,yohannanshaurya@example.org,918000000000,"H.No. 533, Grover Chowk
Panvel 187331",New Delhi,606822,10-11-2025,New,18,381.62
99643057,Avni Lad,vohratanveer@example.org,915000000000,"H.No. 592
Vyas Path, Narasaraopet 538104",Ichalkaranji,931414,11-11-2025,Inactive,4,1677.24
1313292,Robert Kaur,mohinisarna@example.net,918000000000,"92/24, Nanda Chowk, Belgaum-142848",Korba,990395,12-11-2025,Inactive,20,1275.41
94453274,Widisha Wali,jdixit@example.net,920000000000,"H.No. 985, Amble Road, Ajmer 586935",Aurangabad,208007,13-11-2025,Regular,15,917.84
1588560,Jeremiah Nath,faqidswaminathan@example.org,911000000000,"16/09
Setty Nagar, Gopalpur 225399",Anantapuram,900047,14-11-2025,New,10,945.18
30029998,Ishwar Edwin,khuranaanusha@example.net,915000000000,"95/10, Chada, Pimpri-Chinchwad-575371",Hazaribagh,654240,15-11-2025,New,9,863.3
37095171,Ira Soni,oviyadada@example.net,914000000000,"97/289
Ganguly Street, Amritsar 338128",Guna,294022,16-11-2025,Inactive,10,1680.98
79773912,Vaishnavi Gulati,adityaramanathan@example.net,913000000000,"44/995
Saran, Gandhidham-563933",Jaunpur,669886,17-11-2025,Regular,7,751.73
30317733,Janani Sawhney,amritaoommen@example.com,913000000000,"H.No. 27, Kara Road, Ranchi-263406",Durgapur,98666,18-11-2025,Inactive,12,569.16
48188624,Maanav Tella,doshidarpan@example.com,920000000000,"28/10
Chadha Road, Kirari Suleman Nagar 215968",Chittoor,740511,19-11-2025,Regular,11,320.69
59197894,Mitesh Saha,dayalgeetika@example.com,917000000000,"H.No. 327, Soni Nagar
Orai 366501",Akola,519759,20-11-2025,Inactive,19,1788.36
34697768,Omaja Oak,tripti84@example.net,915000000000,"41, Bajwa Zila, Sangli-Miraj & Kupwad-859767",Aurangabad,37920,21-11-2025,Regular,13,1965.2
82372427,Anjali Cheema,anthonybandi@example.com,913000000000,"H.No. 888, Lad Chowk
Kota-646642",Dehradun,992332,22-11-2025,New,14,1515.62
41008070,Libni Dua,kariwyatt@example.net,914000000000,"H.No. 036, Sarma Path
Hapur 500317",Vijayawada,129888,23-11-2025,New,1,1017.46
87220860,Yashvi Dua,lmane@example.net,915000000000,"H.No. 769, Sengupta Street
Pondicherry-124635",Kochi,736698,24-11-2025,Regular,6,1474.44
19705695,Ayush Kala,sundarameta@example.net,916000000000,"H.No. 29
Rastogi Street
Dehradun 322885",Patiala,520564,25-11-2025,Premium,6,816.6
60974181,Hardik Kakar,radharam@example.org,920000000000,"80, Kala Nagar, Udaipur-156360",Bahraich,118581,26-11-2025,Premium,20,1122.83
90621147,Vaishnavi Chowdhury,oeshibhatnagar@example.org,917000000000,"18/61, Shere Ganj
Amaravati-935529",Jhansi,334137,27-11-2025,Premium,2,710.2
68661619,Chaaya Manne,masonyogi@example.net,919000000000,"65
Chander Ganj
Berhampore 551962",Darbhanga,164675,28-11-2025,Inactive,1,1343.07
64748953,Oscar Natt,chaudharisanya@example.org,913000000000,"303
Chander Zila, Amravati-905369",Hapur,190188,29-11-2025,Inactive,2,1507.44
6579892,Indrajit Sodhi,kalasai@example.net,917000000000,"H.No. 22
Konda Chowk
Akola-179821",Silchar,511482,30-11-2025,Regular,3,869.19
85747175,Karan Chatterjee,krishadyal@example.org,916000000000,"64
Reddy Marg, Bettiah 258049",Rajkot,456459,01-12-2025,Premium,3,245
30455484,Lajita Ravel,agateamrita@example.com,918000000000,"H.No. 62
Talwar Zila, Rampur-538869",Katni,819570,02-12-2025,New,2,1001.64
37802267,Lipika Jha,luke49@example.net,917000000000,"65/44, Aggarwal Chowk, Aurangabad-943415",Orai,693570,03-12-2025,New,4,594.87
17341194,Faras Kaul,jairajdhawan@example.net,916000000000,"60, Sama Street, Ambattur-994166",Burhanpur,328247,04-12-2025,Premium,18,1530.18
22047134,Ubika Shukla,malhotrajonathan@example.org,912000000000,"00
Sahota Circle
Shivpuri 170582",Warangal,40280,05-12-2025,Inactive,20,991.94
54893418,Chatresh Prashad,mpatel@example.org,913000000000,"H.No. 77, Narula Street, Jamnagar 960771",Dibrugarh,271286,06-12-2025,Premium,13,1858.33
48647253,Theodore Ram,pranitsachdeva@example.net,912000000000,"H.No. 19, Dash Road
Morbi 758796",Warangal,950220,07-12-2025,Inactive,12,1736.69
1705969,Qasim Kalla,ekannan@example.com,915000000000,"56/445
Jayaraman Marg
Ichalkaranji-658913",Surat,962834,08-12-2025,Premium,20,877
59398136,Neelima Lanka,vasanadugar@example.org,912000000000,"738, Menon Chowk, Tezpur-908744",Machilipatnam,460348,09-12-2025,Regular,14,1205.76
94165062,Siddharth Shroff,qsarin@example.com,914000000000,"34/246, Lal, Bhagalpur-593389",Eluru,291980,10-12-2025,Inactive,9,793.38
47206881,Barkha Contractor,gollaqabil@example.net,913000000000,"704, Bail Marg, Tiruvottiyur-710662",Nellore,396198,11-12-2025,Premium,3,929.72
37915052,Ayush Kade,tbajaj@example.net,919000000000,"63
Khanna Road, Kadapa-270217",Jalna,215907,12-12-2025,Regular,10,1499.16
98211325,Tristan Varkey,rrao@example.com,918000000000,"H.No. 96
Dewan Circle
Silchar 718127",Bhilai,30634,13-12-2025,Regular,15,1044.86
76218218,Vedant Dubey,patlaanamika@example.com,913000000000,"695
Bansal Chowk, Erode 117771",Etawah,638879,14-12-2025,Inactive,10,1170.57
58152923,Amrita Babu,mandarajeshri@example.com,912000000000,"287, Lall Chowk, Amroha-875008",Kishanganj,950528,15-12-2025,Premium,18,1776.12
42262168,Mason Iyengar,nisha39@example.net,918000000000,"27/85, Setty Street, Ichalkaranji-385279",Avadi,606137,16-12-2025,Regular,18,489.19
40256341,Sachi Keer,tanay81@example.org,912000000000,"H.No. 38, Mannan Ganj, Aurangabad 039376",Mira-Bhayandar,60405,17-12-2025,Regular,12,913.91
33998721,Aahana Naik,rakshabahri@example.org,915000000000,"H.No. 71, Khalsa Chowk
Warangal 517087",Bhilai,702364,18-12-2025,New,8,245.84
49260858,Charan Chaudhary,bmishra@example.net,918000000000,"H.No. 226, Pillay Marg
Maheshtala-191051",Phagwara,494573,19-12-2025,Regular,4,1855.11
22524981,Samar Sengupta,ipant@example.org,913000000000,"H.No. 688, Mannan Chowk, Nizamabad 675490",South Dumdum,907188,20-12-2025,New,14,343.23
50015282,Ekbal Shan,goyalhema@example.com,913000000000,"685
Oza Ganj
Patna-922777",Berhampore,448354,21-12-2025,Regular,9,1392.05
98088303,Neel Palan,tsethi@example.net,911000000000,"H.No. 836, Srinivasan Road, Hajipur 801503",Agartala,50491,22-12-2025,New,9,1765.46
19425804,Xavier Sahni,anamika10@example.org,918000000000,"42/11
Lad Nagar
Siwan 341914",Jodhpur,705258,23-12-2025,Inactive,10,1121.27
14974554,Kevin Magar,frado24@example.org,920000000000,"80/56, Parikh Circle, Bhiwandi-904481",Baranagar,739444,24-12-2025,New,9,805.9
25128143,Odika Kannan,kondaadya@example.org,917000000000,"H.No. 88
Rout Circle
Udupi 443473",Mahbubnagar,251772,25-12-2025,Premium,18,1149.94
21524495,Alka Deol,sanya43@example.org,913000000000,"281, Wason Marg, Kochi 700268",Katni,396358,26-12-2025,Premium,9,236.96
49136375,Rohan Basak,duttavedika@example.org,916000000000,"29/64, Chander Path
Karawal Nagar-716604",Bathinda,843234,27-12-2025,Inactive,19,1524.23
97507853,Udyati Rana,zaid68@example.com,910000000000,"H.No. 866, Dua Marg
Begusarai-138399",Chapra,910042,28-12-2025,Regular,15,1654.66
68857118,Hritik Batta,horajacob@example.org,919000000000,"03/83
Sankaran Road, Davanagere-746406",Nanded,149991,29-12-2025,New,4,1596.98
81183415,Rachita Char,tejas00@example.com,911000000000,"H.No. 66
Kade Ganj
Bhiwani 535411",Imphal,593985,30-12-2025,Regular,19,1980.66
91196901,Atharv Kurian,balhaar57@example.net,916000000000,"54/93, Menon Circle
Lucknow-115301",Jabalpur,1489,31-12-2025,Premium,11,1086.3
8228843,Vritti Halder,vyasmitesh@example.org,910000000000,"H.No. 52, Lalla Path
Saharanpur-442469",Bangalore,542334,01-01-2026,Inactive,1,1215.61
50518311,Arunima Tak,umangdate@example.net,918000000000,"17/381
Ramaswamy Circle
Sambalpur 187850",Arrah,183905,02-01-2026,Regular,16,1238.72
21779155,Udant Upadhyay,ranganathanoeshi@example.com,914000000000,"H.No. 048, Shenoy Road, Morbi 688880",Guntur,764470,03-01-2026,New,19,1190.95
94281220,Teerth Balan,xdubey@example.net,914000000000,"10/49
Kanda Zila, Arrah-883000",Pondicherry,185375,04-01-2026,Regular,1,325.65
15631726,Ucchal Murthy,paldavid@example.com,915000000000,"89
Munshi Ganj
Nadiad-575587",Tezpur,47849,05-01-2026,Inactive,11,664.87
9573071,Ranveer Mahal,phegde@example.org,912000000000,"49, Sarkar Zila, Navi Mumbai-077374",Thrissur,856100,06-01-2026,New,5,958.06
31026200,Saksham Garg,suhani16@example.net,912000000000,"43/18, Chaudhuri Road, Tirunelveli 430798",Kavali,690956,07-01-2026,New,13,285.02
49457685,Bahadurjit Pau,osharaf@example.org,919000000000,"870
Warrior Circle, Bhubaneswar 429828",Kamarhati,464123,08-01-2026,Inactive,10,487.34
82169898,Bhavna Pau,ssavant@example.net,911000000000,"20/330
Kala Chowk, Barasat-149624",Buxar,891289,09-01-2026,Premium,12,1208.52
72132838,Yashvi Kashyap,granganathan@example.org,916000000000,"45/542, Acharya Circle
Ahmednagar-090180",Raurkela Industrial Township,367210,10-01-2026,Premium,8,567.13
954629,Fiyaz Mand,naggarwal@example.com,915000000000,"46/673
Magar Ganj, Panchkula 815005",Begusarai,107720,11-01-2026,New,14,1390.08
44139071,Lopa Padmanabhan,jagratimangat@example.com,919000000000,"85/433, Brar Path
Vijayawada-143684",Belgaum,769214,12-01-2026,Regular,8,923.09
6344345,Shaurya Chhabra,samarjhaveri@example.net,915000000000,"074
Saha Street, Erode-682888",Burhanpur,789598,13-01-2026,Premium,19,1110.11
31981068,Hemang Sarkar,msinghal@example.com,919000000000,"19/83, Mohanty Street
Korba-913410",Shivpuri,990270,14-01-2026,Regular,20,546.25
30788486,Vrishti Mittal,madanfaraj@example.org,917000000000,"75, Goel Path, Pimpri-Chinchwad 654563",Bhimavaram,643683,15-01-2026,New,11,328.57
48368085,Patrick Doctor,mmittal@example.com,913000000000,"185
Bobal Ganj
Aurangabad 817825",Vijayanagaram,418461,16-01-2026,Premium,5,477.1
82374625,Ronith Sami,pandeyliam@example.org,911000000000,"09/073, Rout Marg
Bhilai-211934",Singrauli,789283,17-01-2026,New,20,1923.64
75674671,Balendra Bains,chaayabuch@example.org,918000000000,"53/208
Loyal Circle
Srikakulam 469930",Tadipatri,851131,18-01-2026,New,13,1085.52
34668988,Wishi Varughese,damyanti67@example.net,916000000000,"68/391, Raval
Belgaum 624810",Nagpur,723012,19-01-2026,Inactive,3,534.37
53354003,Yatin Borra,amara94@example.org,910000000000,"89/528
Bhasin, Saharanpur 707355",Raiganj,821014,20-01-2026,New,13,1934.52
78732957,Madhav Anne,alka61@example.org,913000000000,"351, Kala Road
Katihar-538807",Malegaon,654544,21-01-2026,New,8,1148.93
10210309,Deepa Dewan,sagarjagdish@example.com,918000000000,"16/10, Seshadri, Tenali-896132",Kharagpur,318476,22-01-2026,Inactive,13,515.07
23984022,Liam Gupta,onveerdalal@example.org,919000000000,"55, Yohannan Ganj, Baranagar-705140",Nagaon,971471,23-01-2026,Regular,3,1519.51
95371787,Bhavya Bhattacharyya,yachanabora@example.com,914000000000,"H.No. 81
Kamdar Nagar
Bhavnagar 028519",Gudivada,296207,24-01-2026,New,9,1312.28
89968482,Elijah Bora,vbarad@example.org,917000000000,"62/39
Om, Farrukhabad 349709",Kottayam,913086,25-01-2026,Regular,12,1883.93
31527100,Triya Tailor,kamalasankaran@example.org,915000000000,"77/42, Buch Circle, Kharagpur 515901",Ratlam,816490,26-01-2026,Inactive,12,1830.13
8791577,Warda Kohli,madhavigandhi@example.com,910000000000,"H.No. 19
Dass Street
Gopalpur 195262",Madhyamgram,999631,27-01-2026,Regular,1,1031.07
63217390,Warinder Sha,urishilla57@example.org,914000000000,"75, Iyengar Street, Karaikudi-212227",Deoghar,65670,28-01-2026,Inactive,15,637.06
62526813,Keya Bansal,ravelrishi@example.com,913000000000,"04/541
Tank Ganj
Solapur-551644",Nashik,608018,29-01-2026,Inactive,6,1777.35
16561710,Isaiah Natt,amrita65@example.org,914000000000,"85, Samra Zila
Thane-835654",Baranagar,881409,30-01-2026,New,12,1043.28
91550885,Isaiah Basu,upadhyayekansh@example.org,915000000000,"28/00
Salvi Chowk
Srikakulam-844769",Alappuzha,96313,31-01-2026,New,14,1404.12
75025941,Rachita Buch,deepaloke@example.com,912000000000,"57/921, Luthra Road, Belgaum 202392",Jalna,210807,01-02-2026,Premium,15,323.12
90649019,Omaja Sahni,meera84@example.org,918000000000,"166
Choudhry Path, Kulti-308225",Fatehpur,578000,02-02-2026,New,18,1096.12
88550139,Oeshi Kamdar,semjanani@example.net,915000000000,"725, Borra Circle, Dhule 475721",Nadiad,703403,03-02-2026,New,3,1910.25
66932104,Chakradhar Dhawan,patlaatharv@example.com,911000000000,"110, Dass Zila, Fatehpur 117215",Shahjahanpur,219750,04-02-2026,Premium,3,976.71
45481936,Robert Gour,cheemaranveer@example.org,914000000000,"99/95
Srinivasan Circle, Siliguri 496598",Munger,202068,05-02-2026,Premium,3,1909.44
5961261,Vrishti Memon,brijeshwable@example.net,918000000000,"66/405
Talwar Ganj, Tiruchirappalli-116372",Varanasi,113744,06-02-2026,Premium,17,309.79
17696094,Tanvi Barad,zachariaaashi@example.net,919000000000,"947
Master Circle
Warangal 536256",Kirari Suleman Nagar,23472,07-02-2026,New,16,1626.23
91408854,Warinder Virk,eta71@example.net,914000000000,"H.No. 145
Chana Road
Sikar-170087",Vijayawada,572574,08-02-2026,New,19,555.13
32203588,Krish Srinivas,agastya33@example.org,917000000000,"51/956
Krish Road
Tezpur-618176",Berhampur,622176,09-02-2026,Premium,9,1678.38
63339001,Viraj Bhandari,manansheth@example.com,915000000000,"H.No. 15, Thaker, Noida-144319",Noida,273531,10-02-2026,New,12,682.32
45553300,Panini Lall,jtrivedi@example.com,919000000000,"615
Mital Street, Morbi-030259",Latur,710487,11-02-2026,Premium,9,1713.65
67960179,Nakul Goda,udantgole@example.com,910000000000,"H.No. 25
Kala Path
Udaipur 950049",Bidar,366198,12-02-2026,Premium,10,1797.89
40085705,Anirudh Deshpande,jsaxena@example.org,917000000000,"H.No. 21
Bandi Circle, Etawah 281890",Kishanganj,530403,13-02-2026,New,6,777.89
60700850,Ishwar Dubey,jbassi@example.com,916000000000,"86/596, Choudhry Nagar, Madurai-306982",Tezpur,311501,14-02-2026,Regular,2,812.35
12059049,Jagdish Mander,wpall@example.net,914000000000,"47/938, Chandra
Ichalkaranji-922446",Nizamabad,696590,15-02-2026,Regular,17,235.4
52409516,Rehaan Jha,ekanshpadmanabhan@example.org,916000000000,"08/25
Gokhale Chowk, Dewas 028514",Jabalpur,502565,16-02-2026,Inactive,13,435.47
66269844,Harshil Edwin,pallabina@example.com,911000000000,"H.No. 831
Kade Circle, Dibrugarh 622053",Ghaziabad,818957,17-02-2026,Premium,4,1371.03
8513589,Ishaan Nayak,odika51@example.net,913000000000,"H.No. 611, Karpe Nagar, Chinsurah 132815",Bathinda,645238,18-02-2026,New,6,1590.11
6335221,Lajita Loyal,vedhikagulati@example.com,918000000000,"83
Shukla Zila
Bhagalpur 663970",Rajpur Sonarpur,713686,19-02-2026,Premium,20,1518.83
69925688,Yashica Sehgal,igola@example.net,916000000000,"77/881, Mitra Street
Erode 449182",Nandyal,920703,20-02-2026,Inactive,20,1350.67
18326028,Lekha Bakshi,chakradharganesh@example.com,911000000000,"H.No. 58
Talwar, Udupi-285349",Ratlam,685813,21-02-2026,Inactive,3,244.31
15661674,Jyoti Ray,dugalchandresh@example.org,910000000000,"47/13
Mander Ganj, Farrukhabad 654671",Vadodara,300794,22-02-2026,Regular,12,453.24
92642745,Nicholas Puri,ekta46@example.net,913000000000,"H.No. 95, Gulati Circle, Ozhukarai-920887",Bihar Sharif,404970,23-02-2026,Regular,18,415.99
72164737,Mugdha Mohan,sara93@example.org,918000000000,"01/71
Shah Nagar
Malda 134603",Udaipur,685858,24-02-2026,Premium,6,377.36
35912599,Neha Atwal,sacharindali@example.org,913000000000,"65, Purohit Path, Jamalpur-094676",Bilaspur,525952,25-02-2026,Regular,16,461.95
46717997,Wishi Srivastava,jsoman@example.com,913000000000,"65/723, Arya Zila
Imphal 050184",Unnao,789057,26-02-2026,New,12,793.98
38478423,Theodore Doctor,thomasdin@example.org,910000000000,"H.No. 40, Wason Ganj, Amaravati-597149",Nellore,156234,27-02-2026,Premium,3,263.3
47990044,Leela Dubey,triptisahota@example.net,915000000000,"H.No. 74
Buch Zila
Sambalpur 958963",Kadapa,404979,28-02-2026,New,12,1118.99
18465047,Patrick Chaudhry,amairadevan@example.org,912000000000,"H.No. 31, Gour Zila, Ahmedabad 457410",Ghaziabad,531091,01-03-2026,New,8,746.88
36737539,Leena Naidu,harinakshi40@example.net,913000000000,"14/24
Tandon Path, Madurai 446998",Gwalior,671833,02-03-2026,Inactive,9,1636.27
23286884,Vedika Kaur,okumer@example.org,915000000000,"H.No. 97
Nagar Zila, Mahbubnagar-096292",Serampore,408435,03-03-2026,Premium,4,505.94
34297405,Jack Babu,sherekevin@example.net,912000000000,"677
Modi Zila
Patiala-529796",Saharanpur,49880,04-03-2026,New,1,1688.73
85626346,Isaiah Gera,aayush34@example.org,919000000000,"H.No. 179, Kadakia, Rajkot-257700",Ghaziabad,130770,05-03-2026,Regular,1,293.54
84468124,Ishanvi Parmar,senanmol@example.net,912000000000,"78/351, Shenoy Chowk, Maheshtala 333932",Gaya,311182,06-03-2026,Premium,12,859.39
11470681,Yashawini Sunder,kdash@example.com,916000000000,"633
Dhar Zila
Bahraich 587394",Munger,928068,07-03-2026,New,2,570.88
77903462,Madhavi Pandya,chanakyabhattacharyya@example.org,914000000000,"101, Upadhyay
Nagaon 684099",Thane,224382,08-03-2026,Inactive,19,206.87
68341636,Hemani Mannan,patrick94@example.com,917000000000,"77
Mishra Street, Bhatpara-089042",Aurangabad,778819,09-03-2026,Premium,19,1043.7
7522036,Kashvi Karan,chhabraunnati@example.net,911000000000,"H.No. 97
Vala Circle
Etawah-602343",Hospet,173000,10-03-2026,Premium,2,797.92
69364309,Bhavini Chokshi,atimunshi@example.com,919000000000,"15/74
Dutta Circle, Faridabad-491312",Haridwar,55710,11-03-2026,Regular,6,636.83
51661209,Vasana Chandran,aaravdave@example.com,912000000000,"32/84
Natt Zila
Thiruvananthapuram 751597",Bidhannagar,211320,12-03-2026,New,13,852.39
4849477,Caleb Ram,leenamahal@example.com,912000000000,"H.No. 984
Chaudhry Street
Alwar-501673",Hosur,328080,13-03-2026,Premium,19,1782.35
74313592,Vaishnavi Prasad,shivanilata@example.org,917000000000,"H.No. 904, Gola Street, Bikaner 679779",Pimpri-Chinchwad,683667,14-03-2026,Premium,3,1208.69
26245432,Darika Konda,tanklekha@example.com,912000000000,"830
Saran Path, Dindigul-325356",Tirupati,459997,15-03-2026,Inactive,17,719.09
78412820,Charvi Bajaj,yastikota@example.net,919000000000,"32/31
Maharaj Ganj, Ratlam 858199",Siliguri,795903,16-03-2026,New,8,1009.58
11254582,Caleb Krish,rachitsaran@example.net,911000000000,"H.No. 99
Padmanabhan Marg
Panipat-465142",Machilipatnam,331326,17-03-2026,Inactive,19,1036.03
3399251,Ekalinga Bhatt,karinakul@example.org,911000000000,"H.No. 246, Narasimhan Nagar, Anand 951847",Solapur,498701,18-03-2026,New,20,937.11
70820304,Advik Butala,deygirindra@example.net,910000000000,"H.No. 575, Tailor Road, Loni-288467",Adoni,918082,19-03-2026,Premium,13,420.89
17861428,Nicholas Chowdhury,agastya94@example.org,916000000000,"H.No. 71
Chad Road
Kanpur-884402",Chandigarh,396282,20-03-2026,Inactive,10,1606.18
39317905,Gagan Garg,wvarkey@example.com,914000000000,"763, Ben Zila, Hapur-382162",Hazaribagh,289050,21-03-2026,New,8,1546.54
36885115,Agastya Contractor,swaminathanranbir@example.org,912000000000,"24
Peri Circle
Bellary-534501",Latur,930913,22-03-2026,Regular,7,1248.24
36462363,Samaksh Mandal,warjas57@example.com,916000000000,"31
Sidhu Marg
Berhampur-389160",Dhanbad,649341,23-03-2026,Inactive,16,747.55
85490177,Jonathan Shukla,krishnadayal@example.net,911000000000,"H.No. 16, Majumdar Chowk
Jalandhar 070381",Howrah,223428,24-03-2026,Regular,2,655.95
63402854,Pallavi Sidhu,finnmallick@example.org,918000000000,"86, Thaker Ganj, Pallavaram-787731",Kollam,393814,25-03-2026,New,1,1110.52
99301505,Reyansh Wason,ypant@example.net,913000000000,"H.No. 980, Rajan Street
Amravati 480325",Bhimavaram,331633,26-03-2026,Inactive,5,294.44
92098757,Bhavna Mammen,umang45@example.net,911000000000,"290
Bhasin Zila
Jammu-346920",Phagwara,773475,27-03-2026,New,14,1419.7
79916464,Aishani Sunder,krishnasane@example.org,919000000000,"50/573, Sinha Path, Ujjain-447928",Shahjahanpur,261246,28-03-2026,New,17,539.79
10240052,Gagan Kakar,dipta34@example.org,918000000000,"33, Subramanian Circle
Katihar 845560",Guntakal,388744,29-03-2026,Regular,1,942.49
9738801,Damyanti Nadkarni,ganga81@example.com,911000000000,"45/643
Ramaswamy Nagar
Phusro-922851",Nellore,86659,30-03-2026,Inactive,19,376.73
2233446,Wakeeta Pillay,handayashvi@example.com,918000000000,"H.No. 67, Sahota Circle
Kolkata-000516",Panihati,125919,31-03-2026,New,6,1466.45
35434373,Pushti Pandya,deolanmol@example.org,916000000000,"29/21
Pau, Mau 854346",Aurangabad,407353,01-04-2026,Premium,9,368.71
89476734,Jackson Rajagopal,fganesan@example.com,912000000000,"01/36
Ghosh Circle
Mumbai 440965",Surat,454361,02-04-2026,Inactive,18,1505.74
51833636,Ikbal Munshi,leela67@example.net,918000000000,"15/52
Khare Path
Sirsa 885319",Anand,255774,03-04-2026,Regular,3,1977.36
75913572,Aahana Menon,guhadalaja@example.com,918000000000,"652
Nori Road, Rajahmundry 374248",Guna,325080,04-04-2026,Inactive,9,1844.07
40277444,Damyanti Acharya,naksh70@example.org,919000000000,"29/24, Krish Nagar, Baranagar-937508",Panihati,401259,05-04-2026,New,1,251.79
80833965,Irya Brar,semrachana@example.com,913000000000,"H.No. 593
Pillay Street
Karimnagar-329110",Sangli-Miraj & Kupwad,268118,06-04-2026,Inactive,13,1896.2
46146390,Yashoda Sani,jalsaluthra@example.net,911000000000,"693
Rege
Salem 039470",Bahraich,255938,07-04-2026,Premium,4,271.5
59436131,Vritti Kota,anya33@example.com,912000000000,"37
Kaul
Thanjavur-688358",Imphal,400123,08-04-2026,New,18,546.58
14479168,Sai Sawhney,vihaantata@example.net,914000000000,"53
Boase Chowk, Jamshedpur-402993",Rewa,854880,09-04-2026,New,17,917.45
43784632,Adya Johal,tbrar@example.com,912000000000,"34/579, Dhingra Street, Nagaon 995800",Gandhinagar,171799,10-04-2026,Inactive,12,694.85
33331259,Leena Deol,nitesh33@example.com,917000000000,"74/973
Kashyap Circle
Hapur 323439",Saharsa,14967,11-04-2026,Inactive,7,1559.22
85838438,Advay Mann,dixitakshay@example.org,916000000000,"194, Mukherjee Chowk
Ahmedabad-136214",Suryapet,544363,12-04-2026,Inactive,15,1754.47
57674875,Kiaan Shukla,palanazad@example.com,916000000000,"41, Memon Road, Bilaspur-628397",Burhanpur,110402,13-04-2026,Regular,16,1666.12
37227953,Madhav Raghavan,iacharya@example.org,920000000000,"H.No. 625
Bhat Zila, Sambhal 832470",Pune,970382,14-04-2026,Inactive,4,500.75
83867512,Aarush Samra,rayvasudha@example.org,912000000000,"12/95
Bhavsar Circle, Faridabad 252485",Kadapa,693161,15-04-2026,Inactive,18,1476
17100301,Jason Sur,dugarkritika@example.com,917000000000,"27/82
Sachar Zila
Secunderabad 831235",Deoghar,119736,16-04-2026,Premium,16,1515.01
12967305,Bhavani Sood,sanayareddy@example.net,914000000000,"38, Memon
Allahabad-545707",Durg,963984,17-04-2026,New,16,607.46
72079189,Bhavani Gupta,siddharth05@example.net,913000000000,"434, Basu Street
Guna 218695",Hosur,446112,18-04-2026,Inactive,17,1383.05
83348353,Eta Dutt,fradorai@example.org,918000000000,"51/76, Hari Nagar
Nandyal-125693",Gurgaon,447354,19-04-2026,Inactive,1,533.72
80954112,Irya Rana,lajitasanghvi@example.org,915000000000,"04, Memon Path, Dindigul-403829",Jammu,296499,20-04-2026,New,6,1672.37
61320989,Anirudh Rege,choudharyvrinda@example.org,919000000000,"H.No. 65, Halder, Amravati 316229",Aurangabad,611718,21-04-2026,Regular,6,1247.37
45166203,Rushil Dass,borraonveer@example.net,915000000000,"07/48, Varughese Road, Phusro 293764",Proddatur,350967,22-04-2026,Regular,19,724.81
25294147,Daksh Guha,rattabalveer@example.com,918000000000,"H.No. 55, Mittal Street
Coimbatore-087516",Amritsar,125429,23-04-2026,New,9,1458.87
33706378,Michael Dugar,cherianchakradev@example.org,919000000000,"149
Baria Chowk
Indore 240558",Mehsana,601242,24-04-2026,New,16,1110.01
82804543,Yamini Thakkar,amorar@example.com,911000000000,"880
Rau Nagar
Tenali-161447",Arrah,124227,25-04-2026,New,8,1762.86
68016312,Qarin Bera,prasadikshita@example.net,920000000000,"22/496, Bhatnagar Marg
Bahraich 728459",Orai,118987,26-04-2026,Regular,5,1093.92
75860724,Pranav Venkataraman,pantindira@example.com,918000000000,"30/79
Brar Zila
Bahraich 409370",Aizawl,763550,27-04-2026,Premium,4,462.17
10541231,Dayita Yadav,dalajasekhon@example.net,917000000000,"H.No. 64
Arora Nagar, Dhanbad-111725",Bhiwandi,94381,28-04-2026,Premium,14,409.51
18035010,Vrishti Chakrabarti,narasimhanteerth@example.com,917000000000,"49/53
Sant Nagar, Avadi-509374",Burhanpur,67286,29-04-2026,Premium,16,745.1
36400756,Rayaan Nayak,mallguneet@example.org,914000000000,"441
Basak, Jamalpur 091680",Bidar,984457,30-04-2026,Inactive,19,721.41
4869199,Advik Bajwa,mahikakakar@example.org,915000000000,"785, Mital Chowk
Naihati 597518",Siwan,803941,01-05-2026,New,7,1695.8
52659908,Lucky Kala,jaggiurmi@example.com,913000000000,"H.No. 72, Lalla Chowk, Panipat 548209",Kozhikode,108922,02-05-2026,Regular,5,1590.28
2517955,Charan Sharma,rsagar@example.org,920000000000,"512, Mani Chowk
Sikar-332566",Mathura,52692,03-05-2026,Regular,7,1625.44
63858550,Neha Balakrishnan,parsaviraj@example.net,913000000000,"71, Choudhry Street
Adoni 161614",Ichalkaranji,742412,04-05-2026,Premium,7,1197.2
71755645,Hemang Raja,netra96@example.org,915000000000,"291, Varty Circle, Vijayanagaram-507487",Pallavaram,279065,05-05-2026,Regular,10,963.44
92203470,Chatresh Narula,vshanker@example.net,913000000000,"16
Vaidya Ganj
Sangli-Miraj & Kupwad 799068",Amaravati,432216,06-05-2026,Regular,17,1678.84
77161976,Kavya Gupta,farissuresh@example.com,912000000000,"01/65
Mander Zila
Loni-418847",Dindigul,243125,07-05-2026,Regular,8,1498.83
28663279,Sai Bhatia,xchoudhry@example.org,913000000000,"14/344
Malhotra Road, Ahmedabad-019006",Jamnagar,321770,08-05-2026,Premium,6,1539.15
23098216,Ladli Chhabra,nagykashish@example.com,913000000000,"66/01, Kar Chowk, Shimla-966926",Mahbubnagar,153137,09-05-2026,New,9,1193.05
75752515,Gagan Chakraborty,tbadal@example.com,915000000000,"352, Chahal Ganj, Aurangabad-005102",Ballia,636676,10-05-2026,Premium,14,763.15
54730270,Aradhana Munshi,rajeshri93@example.org,918000000000,"70/03
Sarma Ganj, Patiala-333640",Salem,706203,11-05-2026,New,19,1256.55
12655794,Teerth Mand,karavrishti@example.net,917000000000,"74, Luthra Road
Raurkela Industrial Township 152924",Hosur,806093,12-05-2026,Regular,15,446.56
44557943,Megha D’Alia,pallawyatt@example.net,911000000000,"H.No. 515, Parikh Street
Proddatur 789104",Bangalore,391984,13-05-2026,Inactive,19,874.8
72089140,Kritika Kalla,ishanviacharya@example.net,919000000000,"02
Chanda Circle, Kurnool-724694",Kamarhati,462353,14-05-2026,Regular,18,1751.47
77768189,Ojas Sinha,anjalisamra@example.com,914000000000,"H.No. 940, Sawhney Circle
Bhusawal 477498",Machilipatnam,468910,15-05-2026,Regular,3,434.62
60300263,Sathvik Jani,omishasood@example.org,911000000000,"18/71
Gulati Marg
Karnal 644806",Rewa,314082,16-05-2026,New,8,374.67
22210238,Rayaan Krishna,fsuri@example.org,911000000000,"585, Mandal Zila, Nandyal 508289",Muzaffarnagar,118790,17-05-2026,New,8,351.08
30979436,Diya Chaudry,jchaudhary@example.net,910000000000,"H.No. 116
Dani Road, Gopalpur-838761",Ozhukarai,57642,18-05-2026,Regular,17,422.51
23676689,Jagat Dhar,jagatkota@example.net,912000000000,"56/400
Varma Chowk
Mathura 283182",Orai,822374,19-05-2026,Premium,2,654.95
82025691,Zaid Boase,hsaran@example.net,912000000000,"18
Ramakrishnan Ganj
Gurgaon 134787",Begusarai,407090,20-05-2026,Regular,17,811.77
68128937,Girish Murthy,desainitara@example.net,914000000000,"194, Kumar Chowk
Bongaigaon 044195",Panipat,688117,21-05-2026,New,4,1817.62
23081177,Harinakshi Batta,bhavanibajaj@example.net,911000000000,"82/83, Shan Circle
Chittoor-396809",Panchkula,828437,22-05-2026,New,14,969.68
90745023,Samarth Sathe,gillkritika@example.com,912000000000,"13
Garde
Coimbatore-135385",Ratlam,300261,23-05-2026,Inactive,12,889.72
83262890,Aryan Date,parikhwishi@example.com,920000000000,"63/990
Ramesh Nagar
Bahraich-932537",Ulhasnagar,561730,24-05-2026,New,1,1293.97
3588443,Yashica Pingle,nakul94@example.org,918000000000,"63/847
Garg, Gwalior 577648",Rohtak,586174,25-05-2026,Premium,20,1727.18
92509376,Sudiksha Dutta,gayathri09@example.org,914000000000,"H.No. 586
Jha Nagar
Singrauli-552485",Jehanabad,260252,26-05-2026,Regular,15,1367.8
77031496,Abeer Rastogi,contractorsimon@example.com,917000000000,"92
Raj Chowk
Mira-Bhayandar 559172",Pimpri-Chinchwad,196025,27-05-2026,New,7,404.11
51119088,Zehaan Srinivas,narayananlakshit@example.net,913000000000,"H.No. 12, Chaudhari Zila
Guwahati 756722",Tinsukia,538718,28-05-2026,Regular,9,1264.67
9107360,Anvi Iyer,dmane@example.net,914000000000,"029, Aurora Marg
Hospet 337208",Dindigul,390035,29-05-2026,Inactive,12,617.79
88866835,Osha Dora,ebatta@example.net,913000000000,"H.No. 022, Bava Street, Srikakulam-979419",South Dumdum,65460,30-05-2026,Premium,6,506.63
50527764,Sai Garg,krishna27@example.com,914000000000,"03
Chatterjee
Bhiwandi 307084",Amroha,957367,31-05-2026,Premium,16,1830.26
19400174,Urvi Grover,bawamaanav@example.org,918000000000,"H.No. 70
Sem Ganj
Rajkot-074481",Saharanpur,467162,01-06-2026,New,2,907.16
80517784,Udyati Dara,aradhana66@example.org,918000000000,"62/772
Oza Chowk, Proddatur-971544",Raiganj,418404,02-06-2026,Regular,7,513.2
60446619,Yashvi Kar,hsaha@example.com,912000000000,"18/11
Balakrishnan Marg
Vellore-979843",Guntakal,797149,03-06-2026,Regular,20,1259.49
85074810,Aarna Naik,jai89@example.net,913000000000,"47/217, Andra Road, Malegaon 699427",Bhagalpur,439383,04-06-2026,Regular,11,766.81
73654821,Vedant Rattan,soodurishilla@example.org,913000000000,"45/821, Joshi Zila, Bhilai 902150",Vijayawada,570349,05-06-2026,New,18,1892.18
47387512,Shivansh Gaba,harshilsawhney@example.net,912000000000,"36, Bose Street, Pali 357092",Chittoor,858549,06-06-2026,Regular,18,805.43
35988028,Tejas Char,ekaraj79@example.org,912000000000,"860
Palla Road
Imphal-322818",Naihati,996267,07-06-2026,Premium,6,898.52
92583164,Amruta Lad,omaja42@example.org,914000000000,"H.No. 81, Bhakta Marg
Hubli–Dharwad-245228",Burhanpur,526523,08-06-2026,Premium,20,1027.67
8155924,Suhani Kanda,srinivasanchanakya@example.net,919000000000,"794
Grover Chowk, Guntur-757863",Patiala,92581,09-06-2026,Regular,10,1749.17
72702075,Veda Thaman,azaanprabhakar@example.org,917000000000,"295, Warrior Path, Durg-256359",Jalna,362822,10-06-2026,Regular,5,1863.18
79155946,Nachiket Saini,samuelkari@example.com,920000000000,"H.No. 244, Ramaswamy Nagar, Bardhaman 868416",Thiruvananthapuram,506102,11-06-2026,New,17,1799.48
31708103,Kabir Mani,gaurang03@example.org,917000000000,"85/279, Krishnan Chowk, Bhiwandi 709482",Gudivada,479673,12-06-2026,New,1,769.19
77345018,Bishakha Lanka,aarnavmenon@example.com,918000000000,"06/040, Sarna Nagar, Karawal Nagar-311295",Udupi,407746,13-06-2026,Regular,1,828.2
25722990,Nidra Radhakrishnan,yauvani33@example.net,911000000000,"236
Zacharia Path, Agartala-384748",Pallavaram,344843,14-06-2026,Regular,16,1409.6
60062501,Anirudh Mistry,abhiramsrivastava@example.com,915000000000,"H.No. 45
Minhas Nagar, Amritsar 574954",Bhilwara,250202,15-06-2026,New,2,1888.02
33472376,Krisha Misra,khannayoshita@example.org,912000000000,"87/134, Sankaran Road, Darbhanga 261333",Bardhaman,123186,16-06-2026,Premium,11,1704.14
34073080,Pushti Gour,rdoshi@example.org,918000000000,"31
Kant
Sikar 368740",Thrissur,227379,17-06-2026,Regular,10,1285.18
86897973,Arin Pandya,wchoudhary@example.com,913000000000,"H.No. 950
Mann Circle
Amritsar-268863",Arrah,603962,18-06-2026,Inactive,14,802.09
85198177,Charita Comar,divyashanker@example.org,918000000000,"60/85, Pant Road
Kollam-512597",Jammu,741033,19-06-2026,Premium,6,1666.01
8395343,Ekani Pingle,joshiwarhi@example.com,911000000000,"57/055
Tripathi Ganj
Fatehpur 117481",Bathinda,809596,20-06-2026,New,11,315.99
51557673,Faras Varughese,hemangchhabra@example.net,916000000000,"H.No. 45, Hayer Circle
Varanasi 847363",Mira-Bhayandar,270793,21-06-2026,New,4,510.76
75892474,Baghyawati Ray,sameshissac@example.net,916000000000,"45, Lalla Ganj
Jammu 661842",Guntur,353826,22-06-2026,New,17,564.89
67092149,Daksh Atwal,indiratrivedi@example.com,920000000000,"374, Sehgal Zila
Mysore 291634",Davanagere,619381,23-06-2026,Premium,1,376.48
35554129,Darika Natarajan,wahabmisra@example.com,916000000000,"84, Golla
Ghaziabad 458388",Alappuzha,464641,24-06-2026,Premium,15,1226.88
18889370,Mason Atwal,ckashyap@example.org,916000000000,"H.No. 41
Bawa Ganj, Surendranagar Dudhrej-587195",Sri Ganganagar,255117,25-06-2026,Regular,18,598.79
16764246,Aarini Dewan,alkaseshadri@example.net,914000000000,"80/13, Atwal Ganj, Hubli–Dharwad 554031",Pali,638631,26-06-2026,Premium,1,1938.34
43459807,Charan Brahmbhatt,aahanatailor@example.net,911000000000,"555, Batra Chowk, Bhimavaram 413732",Khammam,886183,27-06-2026,Premium,6,1643.67
10857389,Nihal Mital,ipal@example.org,913000000000,"90/44
Kamdar Chowk
Kolkata-447646",Hindupur,893621,28-06-2026,Inactive,9,553.29
59329145,William Guha,lshenoy@example.org,912000000000,"28/86, Bala Ganj
Raipur-127796",Gulbarga,776510,29-06-2026,Regular,19,999.5
31456752,Henry Borah,ramachandrankavya@example.com,916000000000,"H.No. 046, Cherian Road, Jamnagar 499840",Thanjavur,988334,30-06-2026,Premium,16,1337.43
96583772,Ekta Sane,jtank@example.com,912000000000,"H.No. 59, Bava Ganj, Anantapur 847660",Bhatpara,675854,01-07-2026,New,8,690.19
18394558,Dipta Sarraf,yashodalata@example.org,915000000000,"36, Subramanian Circle, Hyderabad 897585",Bareilly,155249,02-07-2026,Regular,2,1186.59
2584499,Shivansh Tata,diya19@example.com,914000000000,"55/121, Grewal Circle, Mehsana-928447",Ludhiana,880262,03-07-2026,Regular,2,1686.86
27709218,Ryan Dhingra,rthaman@example.org,917000000000,"H.No. 69, Kadakia Chowk
Bilaspur-453013",Dindigul,36144,04-07-2026,Regular,18,1872.09
99160348,Jeremiah Sarin,kdada@example.org,920000000000,"982
Nayar Ganj, Haridwar 970636",Siliguri,47733,05-07-2026,Inactive,19,1550.84
55693909,Darsh Pandey,mdugar@example.net,920000000000,"32, Lad Street
Tiruvottiyur 643887",Narasaraopet,15855,06-07-2026,Premium,1,1965.46
31582950,Bhavya Khalsa,advaithtata@example.com,914000000000,"098, Dhawan Chowk, Dhanbad-430781",Jhansi,945972,07-07-2026,New,13,586.75
19482392,Yachana Nath,dnanda@example.net,916000000000,"93, Dalal
Sangli-Miraj & Kupwad-541844",Muzaffarnagar,670607,08-07-2026,Regular,10,1478.75
4862761,Maya Chatterjee,quincyacharya@example.net,917000000000,"45, Sachar Ganj, Imphal 709402",Eluru,153679,09-07-2026,Premium,20,477.19
45804389,Liam Dayal,daksh09@example.net,920000000000,"30, Roy Circle
Naihati-365590",Maheshtala,759825,10-07-2026,Inactive,11,788.1
74179536,Hitesh Ray,amairasodhi@example.net,914000000000,"H.No. 90
Viswanathan Nagar, Deoghar-802762",Nizamabad,835800,11-07-2026,Inactive,18,517.73
91024604,Manbir Devan,ishwarnagi@example.net,916000000000,"86/721
Sekhon
Rajkot 131436",Sambalpur,463411,12-07-2026,Inactive,2,1577.27
31923338,Ishwar Goyal,ejaggi@example.com,918000000000,"H.No. 491, Ram Marg
Belgaum 471793",Yamunanagar,838368,13-07-2026,New,8,1166.83
33574338,Prisha Bahl,venkateshowen@example.org,915000000000,"58/15
Dash Path, Pali-217275",Thiruvananthapuram,139810,14-07-2026,Inactive,8,830.3
82322028,Reyansh Sinha,venkateshdamyanti@example.org,913000000000,"H.No. 674
Narula Street, Nagercoil 295923",South Dumdum,718072,15-07-2026,New,6,1700.56
51812283,Vasana Rajagopalan,ucchal05@example.org,919000000000,"11/03
Dada Chowk
Rajpur Sonarpur 110283",Katni,474877,16-07-2026,Regular,6,1685.52
68419593,Sneha Sodhi,parth81@example.org,918000000000,"H.No. 888
Nagarajan Nagar
Tezpur 275419",Patna,602979,17-07-2026,Inactive,5,1769.51
54205055,Yasti Shukla,moreekaja@example.com,918000000000,"87, Om Ganj
Mirzapur 784887",Junagadh,964252,18-07-2026,Regular,9,1637.67
84456355,Avi Ratti,kallamaya@example.com,915000000000,"11/390
Bava Path, Bhiwani-791996",Karawal Nagar,536746,19-07-2026,New,2,1361.12
93458307,Jalsa Choudhury,yasti36@example.com,918000000000,"H.No. 819
Lal Road
Guwahati 653919",Anand,531962,20-07-2026,Inactive,6,541.59
27304827,Arjun Bhardwaj,jason04@example.org,912000000000,"H.No. 452
Bobal Path, Medininagar-979279",Coimbatore,986968,21-07-2026,Premium,9,1736.28
67302239,Tanvi Bajaj,gpal@example.net,910000000000,"11/16
Sridhar Street
Meerut-931911",Kozhikode,525311,22-07-2026,Regular,7,1463.73
12305040,Guneet Jayaraman,hamsini08@example.org,918000000000,"H.No. 31
Dhillon Street, Panchkula 640027",Noida,910150,23-07-2026,Regular,14,1968.85
43377076,Imaran Krishnan,aryanchoudhary@example.net,917000000000,"46/011
Dhar Zila
Kishanganj 805857",Junagadh,642567,24-07-2026,New,6,720.69
52075070,Vedika Muni,kdate@example.com,915000000000,"62/746
Banik Nagar
Thiruvananthapuram 557615",Kadapa,761787,25-07-2026,Regular,8,638.6
4378755,Oscar Ratta,wguha@example.com,917000000000,"18/375, Ramachandran Circle
Karnal 455818",Pali,583209,26-07-2026,Premium,2,1144.9
67215939,Dominic Viswanathan,tatakala@example.com,918000000000,"31/897
Nigam Zila, Satna-184043",Erode,699508,27-07-2026,New,12,1427.91
13963450,Hemang Kakar,jjhaveri@example.org,911000000000,"H.No. 298, Sanghvi Chowk, Pali 342053",Malegaon,663144,28-07-2026,New,14,1364.82
59009727,Charles Kulkarni,ysahni@example.com,913000000000,"324, Chopra Marg, Bilaspur 405151",Adoni,424255,29-07-2026,New,7,580.22
47274329,Hemal Murthy,ramanathanrajeshri@example.net,917000000000,"20/507
Taneja Chowk, Pondicherry-483122",Ludhiana,831272,30-07-2026,New,7,1898.39
97492493,Alexander Ray,zkalla@example.com,912000000000,"52/62
Srinivasan Marg, Tirupati 141027",Singrauli,867234,31-07-2026,Inactive,8,1310.07
16256136,Panini Mangal,gautambhasin@example.org,914000000000,"88, Aurora Path
Khammam 476253",Aurangabad,36309,01-08-2026,Regular,14,415.01
42209203,Aryan Sundaram,jmahal@example.com,919000000000,"H.No. 22
Saraf Zila, Aligarh 160919",Bangalore,528483,02-08-2026,New,19,1051.3
30767655,Aarnav Issac,onimandal@example.com,919000000000,"H.No. 824
Goel, Miryalaguda-574451",Karnal,942916,03-08-2026,Regular,15,698.87
81605722,Bachittar Morar,vasana79@example.net,911000000000,"H.No. 838, Taneja Nagar
New Delhi 195998",Salem,610584,04-08-2026,Regular,15,856.01
16082651,Amara Sundaram,sehgalsiya@example.net,914000000000,"54, Manda Road
Dehradun 627738",Junagadh,506119,05-08-2026,Regular,14,895.74
52337289,Pooja Mital,jbhargava@example.com,917000000000,"73/053, Sanghvi Zila
Tirupati 939999",Morena,913898,06-08-2026,New,3,1999.83
24644542,Harish Mahajan,darajeet@example.com,915000000000,"H.No. 942, Chaudhry Path
Bhatpara-381499",Tirupati,77875,07-08-2026,New,4,1252.89
72564495,Urmi Badami,quincyanne@example.com,916000000000,"H.No. 19, Ahuja Ganj, Meerut-057290",Gandhidham,140024,08-08-2026,New,11,1015.81
95594611,Dayita Dass,vaidyasuhani@example.org,915000000000,"02/97, Kanda Path, Mangalore-954268",Thiruvananthapuram,280153,09-08-2026,Regular,1,797.28
23794330,Nisha Amble,xbhakta@example.net,914000000000,"H.No. 55, Choudhary Chowk
Ongole 045956",Machilipatnam,324950,10-08-2026,Regular,1,822.37
1771249,Samesh Devi,osant@example.org,913000000000,"95/77
Merchant Zila
Faridabad-209978",Bathinda,348054,11-08-2026,New,4,790.78
57360162,Aarini Rama,bkuruvilla@example.com,917000000000,"H.No. 10
Pai Chowk
Jorhat 052878",Bally,69036,12-08-2026,Regular,20,607.46
70230254,Hamsini Sandhu,aachalsheth@example.net,917000000000,"16/48, Dyal, Morena 865201",Suryapet,377043,13-08-2026,New,14,1488.42
30285217,Isha Sahni,upalla@example.net,913000000000,"27, Rajan Street
Buxar-287946",Parbhani,275327,14-08-2026,Premium,11,334.01
14428954,Viraj Tank,otalwar@example.com,917000000000,"99, Arora Ganj
Jhansi-873180",Medininagar,607637,15-08-2026,Premium,10,1387.23
9987182,Tristan Hegde,devansh88@example.org,911000000000,"138, Dewan Circle
Kolkata-153958",Darbhanga,35650,16-08-2026,Regular,8,635.99
92636025,Balendra Sidhu,cborah@example.org,919000000000,"53/99, Morar Path
Guntakal-505821",Ambattur,292276,17-08-2026,Inactive,14,1563.87
19771128,Urvashi Bhandari,maxlad@example.net,918000000000,"85/427
Ramesh Road
Alwar-246479",Vijayawada,962095,18-08-2026,Regular,4,1807.2
13122744,Yashvi Dalal,zashilkaran@example.com,915000000000,"H.No. 95
Dasgupta Circle
Sultan Pur Majra 866995",Kalyan-Dombivli,491018,19-08-2026,Regular,5,1616.47
90696847,Balendra Choudhary,vyanjanasharma@example.com,915000000000,"156, Ramanathan Road
Alappuzha 776848",Bathinda,695228,20-08-2026,Regular,6,934.37
44050697,Hemang Ratti,joshuaganesan@example.org,915000000000,"33/729
Kala Street, North Dumdum 647189",Ujjain,97187,21-08-2026,New,16,1312.22
44723662,Veer Dixit,theodore63@example.com,911000000000,"01/67
Dara Circle
Orai 934810",Dhanbad,205626,22-08-2026,Regular,7,272.63
69908484,Kevin Sachar,harita88@example.org,914000000000,"28/698, Divan Ganj, Hindupur 852596",Udupi,819988,23-08-2026,New,8,382.07
82708090,Krishna Seshadri,raghav93@example.net,915000000000,"H.No. 426, Rai Path, Maheshtala 883085",Panvel,210002,24-08-2026,Premium,7,1295.96
83267752,Om Choudhury,gaurav60@example.net,910000000000,"131
Dixit Path
Nashik-762279",Raipur,51420,25-08-2026,New,13,802.85
19259955,Rehaan Borde,dasslila@example.org,915000000000,"H.No. 95
Dutta Ganj, South Dumdum-476520",Nagpur,410844,26-08-2026,Inactive,15,213.69
11616535,Vrinda Bassi,faraschandra@example.net,912000000000,"H.No. 94, Saxena Nagar
Katihar 418163",Tadepalligudem,285899,27-08-2026,Premium,6,1583.56
50557979,Kiaan Naidu,mdeol@example.org,915000000000,"H.No. 478
Rao Nagar, Noida 012414",Khammam,399392,28-08-2026,Premium,6,1557.45
53538932,Quincy Nanda,maya02@example.com,920000000000,"H.No. 57
Mander Ganj
Katni-110592",Thoothukudi,932768,29-08-2026,Premium,9,1763.76
63292875,Guneet Borah,dev66@example.org,919000000000,"094
Kala Zila, Tiruchirappalli-999978",Noida,980046,30-08-2026,Premium,18,1756.08
98858383,Janani Gill,vrinda77@example.org,919000000000,"717, Bahri Zila
Mau 600591",Dehri,875536,31-08-2026,Regular,3,700.22
86715467,Chanakya Bansal,azad10@example.net,911000000000,"19/83, Acharya Marg, Alwar 879724",Amaravati,455609,01-09-2026,Inactive,9,495.2
13197985,Gaurika Balasubramanian,divya22@example.org,915000000000,"H.No. 212
Amble Path
Tiruchirappalli-691683",Nanded,299635,02-09-2026,Premium,19,516.21
85561151,Zinal Dhawan,gulatiedhitha@example.org,918000000000,"65/275, Manne Road, Muzaffarpur-688635",Kanpur,515548,03-09-2026,Regular,12,227.18
94706375,Urishilla Kala,pdin@example.org,918000000000,"H.No. 71
Mand Zila, Rewa 438780",Amravati,691745,04-09-2026,Regular,6,1653.1
53974737,Kiaan Menon,narainojas@example.net,916000000000,"59/09, Shankar Chowk
Guwahati-481373",Panipat,637163,05-09-2026,New,15,672.4
83039559,Hemang Jain,khuranachanchal@example.net,914000000000,"64/54
Gill Chowk
Pali 227550",Jalgaon,925122,06-09-2026,Premium,5,247.73
98218863,Panini Dua,karurishilla@example.net,917000000000,"98/00
Jhaveri Nagar, Belgaum 313583",Pimpri-Chinchwad,603140,07-09-2026,Regular,10,716.11
54347213,Devansh Prasad,brijesh54@example.org,916000000000,"49/494, Sodhi, Morbi 621218",Lucknow,12673,08-09-2026,Premium,16,1388.04
30065862,Urishilla Hegde,ydeo@example.org,910000000000,"H.No. 330
Rana Path, Sagar 712033",Allahabad,911359,09-09-2026,Regular,13,749.95
42615134,Champak Patil,nmall@example.com,912000000000,"19, Sachdev, Bidar 765497",Muzaffarnagar,539257,10-09-2026,Inactive,15,1828.12
94033330,Prisha Tella,joshibalveer@example.org,916000000000,"38
Nazareth, Vadodara-354901",Visakhapatnam,609564,11-09-2026,Regular,10,1747.91
64795608,Ishita Mital,aishanikalita@example.com,918000000000,"35/424
Karpe Ganj, Faridabad-080640",Udupi,176996,12-09-2026,New,14,470.99
1662375,Tanmayi Yohannan,indrajitdhillon@example.com,914000000000,"72, Saxena Marg
Bellary-326727",Tiruchirappalli,783266,13-09-2026,New,7,1350.81
91130614,Rayaan Seth,chaman96@example.org,920000000000,"H.No. 542
Amble Ganj
Farrukhabad 572765",Jabalpur,364241,14-09-2026,Inactive,7,528.12
85020453,Hamsini Tripathi,shaurya77@example.com,918000000000,"96/221
Morar Circle, Ambattur 315265",Jaunpur,938416,15-09-2026,Premium,14,1343.69
80875034,Vasatika Palla,maanasrattan@example.com,910000000000,"89
Thaker Road, Agra-525317",Mahbubnagar,197561,16-09-2026,Inactive,4,1407.92
72605638,Zansi Nanda,teerth55@example.net,918000000000,"45/445, Jaggi Chowk
Karawal Nagar 883125",Korba,823516,17-09-2026,Inactive,12,983.84
47939657,Idika Sem,johalsiya@example.org,913000000000,"24/46, Kuruvilla Ganj, Gorakhpur-791998",Bhavnagar,6891,18-09-2026,Regular,9,1600.67
35156679,Chakradev Verma,vincent13@example.com,910000000000,"71/96, Amble Circle, Panvel-979863",Etawah,954583,19-09-2026,Premium,8,1412.4
47125914,Yashoda Chacko,ati59@example.com,913000000000,"069, Bath Zila
Aurangabad-968050",Kochi,723520,20-09-2026,Premium,16,1535.12
94713625,Samar Deol,davesathvik@example.com,916000000000,"H.No. 98
Roy Road
Jhansi 989608",Barasat,284684,21-09-2026,Premium,10,1791.16
43066953,Hredhaan Sengupta,upma64@example.net,910000000000,"H.No. 53
Dutta Zila
Raiganj-923965",Bikaner,349157,22-09-2026,Regular,4,323.92
32987624,Dalaja Arora,calebsengupta@example.com,913000000000,"46/767
Chacko Chowk
Arrah 424009",Jabalpur,399897,23-09-2026,Premium,15,902.61
11143197,Siya Mani,malloliver@example.net,918000000000,"50, Yadav Street, Jhansi-806525",Bulandshahr,514698,24-09-2026,Regular,13,778.44
77015367,Oni Bhagat,dominicbhandari@example.com,912000000000,"H.No. 36, Ray Path
Bellary 439994",Chittoor,58142,25-09-2026,Regular,8,288.08
63571453,Praneel Saran,jaggikala@example.com,914000000000,"325, Banik Path
New Delhi-923781",Kanpur,844591,26-09-2026,Premium,1,1367.12
95334407,Krish Sunder,eta37@example.net,919000000000,"H.No. 126
Thaman Ganj
Tinsukia 716227",Cuttack,347212,27-09-2026,Inactive,6,602.09
2400009,Jonathan Korpal,liam03@example.org,917000000000,"22/29, Chowdhury Path, Karimnagar 950098",Amaravati,690370,28-09-2026,Premium,7,1328.35
43519553,Lekha Swamy,bhavnamittal@example.com,915000000000,"53/90
Mukherjee Circle, Rajpur Sonarpur-576874",Mathura,998055,29-09-2026,Premium,18,898.85
91566278,Keya Chadha,gdeo@example.net,913000000000,"18, Sura
Ratlam 964051",Burhanpur,161156,30-09-2026,Premium,5,1953.37
93522848,Mohammed Sahni,takkrishna@example.net,914000000000,"490
Soman Ganj
Bhatpara 521317",Jodhpur,103710,01-10-2026,Inactive,20,1875.27
48776805,Prisha Sanghvi,laleta@example.net,915000000000,"52/809
Hegde Marg
Satara-825467",Alwar,612480,02-10-2026,Premium,1,351.38
6061349,Gautami Trivedi,iryasarin@example.org,918000000000,"H.No. 03
Dasgupta Marg
Ozhukarai 426511",Haldia,987109,03-10-2026,Regular,17,332.03
49617531,Vamakshi Pradhan,thomassanghvi@example.com,912000000000,"71/92, Bajwa Path
Morbi-309555",Firozabad,856856,04-10-2026,Inactive,12,1346.9
25915909,Gaurangi Singh,wallavasudha@example.com,919000000000,"H.No. 903, Nagi Circle
Raipur-607118",Bhimavaram,638420,05-10-2026,New,18,1155.71
2058037,Yutika Badal,biswastamanna@example.org,920000000000,"H.No. 88, Konda Chowk
Ahmednagar 017628",Rajkot,493628,06-10-2026,Inactive,11,1797.02
43307488,Jagrati Prabhu,choudharybalhaar@example.org,916000000000,"72/18, Munshi Zila, Jamalpur 838235",Bhatpara,793361,07-10-2026,Regular,1,1036.29
58513300,Hemal Mammen,farajwason@example.org,915000000000,"129, Seth, Mirzapur 807650",Jodhpur,245873,08-10-2026,Premium,1,664.85
41146001,Nirja Prasad,mahallaban@example.net,917000000000,"H.No. 97, Bhat Zila
Sonipat 701585",Belgaum,160105,09-10-2026,Regular,5,934.23
89910157,Dayamai Ray,jdate@example.com,913000000000,"775, Nayak Street, Patna-218169",Khandwa,166001,10-10-2026,New,5,1859.93
33608451,Lohit Dugar,vgera@example.net,912000000000,"666, Magar Street
Udupi 424461",Madurai,317235,11-10-2026,Inactive,5,774.65
58214883,Udant Grover,cnarayan@example.com,916000000000,"79/852
Nadkarni
Panchkula 391511",Darbhanga,871302,12-10-2026,Regular,11,229.17
2875442,Arunima Vyas,buchayushman@example.net,916000000000,"176, Krishnamurthy
Ramgarh 170370",Bettiah,68994,13-10-2026,Premium,19,1858.8
83660688,Gopal Dube,aditya26@example.com,917000000000,"52/64, Koshy Circle
Hapur 029532",Kottayam,317201,14-10-2026,Premium,1,1768.23
9650263,Samar Vasa,gpadmanabhan@example.com,911000000000,"01/76
Mani Road
Chittoor-256884",Gandhidham,40161,15-10-2026,New,5,843.98
36517334,Ria Dua,akshay40@example.com,920000000000,"16/46
Karan Nagar, Karaikudi 841373",Naihati,886615,16-10-2026,Premium,19,1603.14
1989720,Anusha Bahri,hemanginigour@example.org,917000000000,"H.No. 78, Memon Marg, Bettiah-165769",Saharanpur,232753,17-10-2026,Inactive,6,239.76
68486301,Bachittar Misra,kallaneel@example.net,913000000000,"53/56, Sandhu Road, Kharagpur-982343",Kanpur,146326,18-10-2026,Inactive,10,205.49
2134827,Vasudha Kalita,zaitra93@example.org,911000000000,"21/239
Bedi, Bettiah-618106",Ambarnath,863663,19-10-2026,New,10,1710.75
67896836,Om Murty,cmittal@example.net,911000000000,"H.No. 14
Batra Marg
Shahjahanpur 432714",Gulbarga,976912,20-10-2026,New,15,469.03
98152679,Geetika Arora,kurianlakshit@example.net,911000000000,"H.No. 84, Rama
Chapra-101291",Thiruvananthapuram,917590,21-10-2026,Regular,1,583.12
6812439,Vasana Mand,prakashvrinda@example.net,919000000000,"17/04
Balakrishnan Nagar, Raiganj 562478",Bhalswa Jahangir Pur,940482,22-10-2026,Premium,1,938.29
90038364,Upadhriti Chand,ybawa@example.com,916000000000,"H.No. 860, Jain Zila, Aizawl-045836",Ozhukarai,733321,23-10-2026,Regular,17,650.89
47215976,Jasmit Ganesh,urishillajain@example.org,913000000000,"H.No. 771, Sha Circle, Korba 949390",Jalna,91065,24-10-2026,Premium,9,842.83
74840437,Rachit Arya,sarmachatresh@example.net,911000000000,"730, Sama Road, Bhopal-485906",Korba,807661,25-10-2026,Inactive,1,330.17
10418604,Xavier Agrawal,lopaagrawal@example.org,920000000000,"10, Sangha Street, Bharatpur-212237",Gandhidham,850794,26-10-2026,New,15,501.27
65514005,Ekapad Kuruvilla,yatinsoni@example.com,916000000000,"H.No. 48, Dora Marg
Jamshedpur-323719",Dhanbad,615240,27-10-2026,Regular,16,266.6
1479065,Keya Grover,vbalakrishnan@example.org,913000000000,"179, Sekhon Ganj
Gurgaon-532079",Bokaro,717396,28-10-2026,New,17,1597.83
87641623,Isaac Rattan,iborde@example.org,917000000000,"H.No. 71
Pant Street, Haldia 203973",Bulandshahr,795752,29-10-2026,Regular,11,1243.23
34381941,Oeshi Thaman,bahriishanvi@example.net,913000000000,"42, Sawhney Marg, Bhubaneswar-711454",Malegaon,348234,30-10-2026,Inactive,10,1753.38
81822494,Dominic Verma,lucky44@example.org,911000000000,"540, Chandra Path, Dehradun-294311",Sri Ganganagar,342395,31-10-2026,New,9,1284.68
97191387,Chavvi Bhatia,vmall@example.org,919000000000,"43/75
Dalal Ganj, Moradabad-771813",Madurai,866334,01-11-2026,Premium,3,853.44
25795941,Urishilla Dhillon,ryanbath@example.com,912000000000,"04, Barman Street, Bhind 281577",Bhalswa Jahangir Pur,311683,02-11-2026,Regular,10,765.4
97825663,Upadhriti Sha,pahalsaini@example.com,910000000000,"241, Bakshi Marg, Tadipatri 896705",Udaipur,719362,03-11-2026,Regular,8,527.59
19966989,Varsha Dutt,hritik00@example.com,918000000000,"33/377, Hayer Marg
Khammam 556674",Secunderabad,441105,04-11-2026,Premium,2,1737.1
57967753,Lila Tailor,bchoudhury@example.com,913000000000,"96/52
Prasad Chowk, Sambalpur-169998",Davanagere,869884,05-11-2026,Premium,20,203.28
10694081,Faris Raval,neel30@example.net,912000000000,"H.No. 668, Rama Chowk
Tiruchirappalli-877111",Meerut,568324,06-11-2026,Regular,16,769.13
4356173,Jalsa Khatri,mahajanbakhshi@example.org,912000000000,"48, Patla Ganj, Avadi 838391",Rajkot,763603,07-11-2026,New,9,1838.56
87266309,Yachana Sethi,dashneel@example.com,913000000000,"63/721, Gala, Rourkela 611895",Agra,173328,08-11-2026,Regular,19,1097.48
65134271,Ansh Singh,damyantiwalia@example.net,913000000000,"H.No. 928
Dugar
Silchar-434394",Ajmer,108582,09-11-2026,Premium,19,1433.53
11928321,Nikita Palan,hdivan@example.net,914000000000,"H.No. 09, Dave Street, Kochi-481440",Maheshtala,554594,10-11-2026,Inactive,17,1770.94
32527479,Nidhi Varkey,krishakaul@example.org,916000000000,"H.No. 901
Pau Ganj, Munger-041682",Jorhat,597322,11-11-2026,Regular,19,896.82
47275378,Aarav Dar,amruta30@example.net,917000000000,"H.No. 24, Lata Street, Ahmedabad 581000",Ahmednagar,572351,12-11-2026,Premium,3,623.26
9246851,Aarush Dixit,psandal@example.com,910000000000,"H.No. 942
Rajagopal Path
Dharmavaram-327499",Ujjain,317869,13-11-2026,New,10,1574.34
12402437,Kamala Rama,raymegha@example.net,910000000000,"63
Mallick Chowk
Lucknow 415089",Rajahmundry,126465,14-11-2026,New,14,1580.62
95382317,Aradhana Sen,indiraseshadri@example.com,914000000000,"790, Tata Marg
Asansol-472717",Patiala,466894,15-11-2026,New,14,940.85
19523014,Neha Shroff,vaishnaviravi@example.net,917000000000,"86/05
Dutt, Proddatur-587012",Ongole,419857,16-11-2026,New,14,679.5
2188994,Bimala Mitra,uarora@example.net,919000000000,"01/27
Murthy Circle
Ratlam 179286",Patiala,635527,17-11-2026,Inactive,6,484.51
31328762,Vanya Sanghvi,banikishita@example.net,912000000000,"H.No. 98
Balasubramanian Path
Jamshedpur 087164",Durg,198685,18-11-2026,Premium,5,941.9
39354312,Chatresh Andra,gmorar@example.net,919000000000,"H.No. 599, Saran Street, Guwahati-654856",Kulti,154452,19-11-2026,Premium,4,1599.19
17939362,Anjali Yogi,utkarshratti@example.com,918000000000,"H.No. 066
Bhavsar Nagar, Darbhanga 347239",Noida,745281,20-11-2026,Inactive,17,496.59
12755730,Indrajit Mahal,padmanabhanharshil@example.org,911000000000,"76
Ben Path, Thanjavur-431970",Howrah,473540,21-11-2026,Regular,8,748.43
64562786,Neel Sankar,krishadvika@example.com,912000000000,"98
Chhabra Street, Hazaribagh-482791",Firozabad,785077,22-11-2026,Inactive,19,1483.65
18771682,Nitara Sur,lohitsarraf@example.com,917000000000,"937
Suresh Ganj, Karawal Nagar-054361",Shivpuri,865499,23-11-2026,Premium,12,1420.99
18170800,Anamika Sur,rhayre@example.net,917000000000,"57
Chakraborty Path
Bidhannagar 065607",Mathura,501272,24-11-2026,Regular,12,1972.81
31914222,Rajeshri Lad,uraj@example.org,917000000000,"89, Oza Circle, Chandrapur-723479",Bhilwara,757778,25-11-2026,Inactive,4,380.49
29095552,Gunbir Vala,sathvikbala@example.com,912000000000,"49/46
Mangal
Morena-353261",Amritsar,893254,26-11-2026,Inactive,17,1617.63
13415362,Tristan Grover,diyakuruvilla@example.org,911000000000,"H.No. 96
Randhawa Path, Morena 357169",Dibrugarh,460303,27-11-2026,Inactive,2,978.88
13284996,Irya Dayal,shamanbir@example.org,914000000000,"H.No. 614, Sehgal Path
Akola-450080",Phagwara,363237,28-11-2026,Regular,9,449.79
3410758,Qabil Salvi,gandhibhavya@example.net,918000000000,"16/72, Jhaveri Road
Hubli–Dharwad 657248",Hazaribagh,293062,29-11-2026,Regular,1,1892.51
14330483,Vasatika Konda,kaurishwar@example.org,917000000000,"H.No. 63
Iyer
Sangli-Miraj & Kupwad-906471",Durgapur,943453,30-11-2026,Premium,12,538.66
95768401,Jyoti Pau,varughesedayamai@example.org,912000000000,"14/790, Ramesh Nagar
Amravati 506114",Kadapa,760525,01-12-2026,Inactive,8,590.36
57662767,Lila Chakraborty,birhemangini@example.org,917000000000,"65/74
Lad Zila, Ulhasnagar-281824",Kalyan-Dombivli,652094,02-12-2026,Premium,10,403.61
51387106,Nandini Devi,xitigour@example.net,916000000000,"26
Jain Circle, Gaya-053431",Jamalpur,902417,03-12-2026,New,15,615.8
89995124,Gauri Butala,ranveeranne@example.org,916000000000,"890, Sastry, Narasaraopet-405280",Muzaffarpur,833041,04-12-2026,Premium,6,995.42
73660582,Timothy Bhalla,simonmurty@example.net,912000000000,"H.No. 08, Upadhyay Street, Mathura-083468",Agra,457942,05-12-2026,Premium,18,1045.53
70459847,Krish Shankar,mekhalasaraf@example.org,918000000000,"53/713, Raghavan Street
Bhilwara-021410",Bhopal,973977,06-12-2026,Premium,12,324.58
3999964,Ansh Minhas,nbir@example.net,912000000000,"H.No. 82, Madan Road
Jalandhar-138003",Orai,33590,07-12-2026,Premium,15,1147.01
39674723,Advika Keer,khatriayushman@example.net,920000000000,"H.No. 211, Mitra Chowk
Solapur 253328",Bettiah,813010,08-12-2026,New,3,765.19
23448955,Pranit Gade,kamdarhemang@example.com,915000000000,"87/17, Gola Circle
Narasaraopet-044900",Raebareli,185824,09-12-2026,Premium,13,1201
76971644,Banjeet Pal,jaggigaurang@example.net,918000000000,"93/149, Bumb Chowk, Guwahati 790333",Thoothukudi,796020,10-12-2026,Inactive,20,1812.27
81382213,Victor Khurana,jkaur@example.org,914000000000,"92/411
Kannan Nagar, Tirunelveli 887984",Burhanpur,952694,11-12-2026,Inactive,9,845.85
21456226,Indrajit Mitra,yauvani00@example.net,918000000000,"342
Hans
Bathinda-978162",Adoni,626620,12-12-2026,New,18,980.16
46378942,Oscar Kurian,vedhikanarasimhan@example.com,918000000000,"64/29, Lalla Road, Kolhapur 461306",Chandigarh,319915,13-12-2026,Premium,1,1768.04
12088552,Aditya Barman,draj@example.org,913000000000,"17/59, Dutta Street, Siwan 346894",Patiala,82581,14-12-2026,Premium,3,1137.83
18642306,Wazir Bahl,jsunder@example.com,913000000000,"16/718, Kanda Chowk, Meerut 856894",Tinsukia,877253,15-12-2026,Inactive,12,1802.63
11387110,Om Sastry,aishani38@example.com,916000000000,"H.No. 413, Char Nagar, Mehsana-538034",Coimbatore,14359,16-12-2026,Premium,8,1303.37
51341672,Aarna Mital,ghoshlavanya@example.org,920000000000,"H.No. 75
Bobal Path
Hajipur 676112",Bhagalpur,789995,17-12-2026,Regular,10,1898.18
79630614,Nikita Misra,rachanabadal@example.net,919000000000,"47/23, Tripathi Path
Vadodara-629791",Sasaram,880263,18-12-2026,Regular,3,362.45
76602787,Qasim Chandra,pavanijaggi@example.org,919000000000,"H.No. 07, Guha Marg
Deoghar 511184",Mehsana,856383,19-12-2026,New,9,1683.71
50630016,Max Ranganathan,aaravkhosla@example.org,918000000000,"47
Ramesh Ganj, Lucknow-952273",Unnao,926172,20-12-2026,Inactive,17,1445.33
85354059,Anamika Dugar,borahansh@example.net,912000000000,"H.No. 245
Vora Marg
Ambattur-417585",Begusarai,887933,21-12-2026,Premium,2,672.87
30188374,Naveen Chakrabarti,manbir37@example.org,910000000000,"01, Ramakrishnan Ganj, Bhavnagar-851185",Haldia,400684,22-12-2026,New,15,915.53
13760839,Anvi Savant,yashvi72@example.org,914000000000,"H.No. 661, Dora Street
Surat 406513",Guwahati,412928,23-12-2026,Premium,17,444.89
12455156,Ijaya Agrawal,anirudh89@example.com,910000000000,"51, Kari Nagar, Tenali-778804",Eluru,317047,24-12-2026,Inactive,16,1139.56
13604883,Siddharth Kata,mvaidya@example.com,914000000000,"80/102
Raj Marg, Tadipatri-190103",Karimnagar,638908,25-12-2026,Premium,17,1659.88
69240186,Triya Memon,ssoman@example.org,920000000000,"83/387
Shankar Chowk, Suryapet 985417",Kottayam,850470,26-12-2026,Regular,8,884
57765367,Advika Sundaram,shivani60@example.net,917000000000,"92, Handa Street
Jehanabad-548704",Sultan Pur Majra,221493,27-12-2026,Premium,1,1296.69
97928541,Pratyush Peri,vasudha09@example.com,910000000000,"40/020
Krish Circle
Amaravati 137329",Tiruchirappalli,917035,28-12-2026,New,4,1838.77
31718565,Andrew Wable,jackson06@example.org,914000000000,"77, Dhar Zila
Kozhikode-400515",Durgapur,16828,29-12-2026,Regular,6,245.16
76438648,Faraj Radhakrishnan,sandalpanini@example.org,917000000000,"H.No. 17, Aurora Street
Ujjain 452078",Dewas,418024,30-12-2026,New,6,854.68
36146306,Aryan Ghose,brahmbhattvihaan@example.net,914000000000,"422
Salvi
Panchkula 451977",Pallavaram,767176,31-12-2026,Regular,19,828.14
87160527,Gautam Ravel,pandyazaitra@example.org,911000000000,"729, Acharya
Unnao 554182",Bulandshahr,720320,01-01-2027,New,6,1966.02
1108176,Charita Chad,ekantika51@example.com,919000000000,"99/756, Gour Marg
Suryapet-685926",Bhalswa Jahangir Pur,902052,02-01-2027,Premium,20,1460.76
83610315,Nachiket Roy,wsangha@example.net,919000000000,"17/829, Garg Circle, Kirari Suleman Nagar 040091",Shahjahanpur,632904,03-01-2027,Inactive,16,376.5
24043135,Edhitha Bassi,chavvijohal@example.com,919000000000,"39/739
Nanda Zila
Secunderabad-753649",Bijapur,339705,04-01-2027,Inactive,15,1681.39
84448310,Ati Lad,tanmayi18@example.org,910000000000,"07/725
Warrior Path
Chittoor 204154",Mumbai,109591,05-01-2027,Regular,16,282.58
59769142,Pooja Bajaj,ijaya43@example.com,917000000000,"21/95
Merchant Street
Katni-296822",Bellary,208439,06-01-2027,New,4,718.4
90753712,Amruta Bhatt,hkant@example.net,916000000000,"50/595, Mall Nagar
Bhusawal 169200",Dharmavaram,22174,07-01-2027,Regular,4,1408.03
38748727,Raghav Nath,bmani@example.net,918000000000,"H.No. 560
Dass Nagar, Kota-609570",Tiruchirappalli,573755,08-01-2027,New,4,495.67
45033270,Manan Chandran,keermugdha@example.org,919000000000,"64
Padmanabhan Path
Bulandshahr 387848",Thanjavur,372814,09-01-2027,New,15,252.26
6459100,Shivansh Mand,gaurav29@example.com,910000000000,"145, Arora Ganj
Karaikudi-304218",Agra,85316,10-01-2027,Premium,19,1193.57
60904312,Jagdish Badami,isha60@example.com,912000000000,"588, Dass
Kakinada 672163",Mumbai,503282,11-01-2027,Regular,20,564.73
98225598,Neelima Som,gyohannan@example.com,910000000000,"824
Narasimhan
Malda 057726",Sambalpur,731095,12-01-2027,Premium,9,1190.21
31813,Indrajit Pau,wakeetasehgal@example.com,912000000000,"66, Vora Chowk
Maheshtala 376030",Sultan Pur Majra,666762,13-01-2027,Regular,18,1230.75
79135318,Amaira Issac,zayyankala@example.org,918000000000,"06/34, Sha Marg, Mango-359050",Saharanpur,317779,14-01-2027,Inactive,17,454.3
99627097,Amara Narayanan,yatin58@example.net,917000000000,"H.No. 17
Uppal Marg
Danapur 126611",Raiganj,437954,15-01-2027,New,10,1085.49
90919603,Priya Chaudry,osaraf@example.com,919000000000,"29/035
Walia Path, Kulti 693931",Howrah,82827,16-01-2027,Regular,10,555.97
46741896,Jagvi Patla,faras93@example.net,915000000000,"838
Arya, Nanded 274834",Mango,656521,17-01-2027,Premium,13,1518.23
58942207,Krisha Sama,agarwalrohan@example.org,913000000000,"H.No. 86, Goel, Bijapur 190889",Patna,861467,18-01-2027,Regular,8,525.9
86839058,Kashvi Sarma,samuel91@example.org,911000000000,"H.No. 860, Agate Ganj
Medininagar 205852",Ujjain,72586,19-01-2027,Regular,5,1953.24
82179338,Isha Dugar,adya37@example.net,914000000000,"60, Bakshi Circle, Tezpur-857578",Ulhasnagar,370025,20-01-2027,New,12,1775.89
1342184,Girish Sem,krao@example.com,919000000000,"783
Nigam Circle, Karawal Nagar-701964",Dehradun,774395,21-01-2027,Inactive,20,1893.83
76604145,Nidra Agate,ayushbobal@example.org,912000000000,"42/473, Mistry Chowk
Chittoor 860495",Rourkela,767461,22-01-2027,Regular,14,1276.88
37702698,Joshua Bajaj,theodoretalwar@example.com,912000000000,"99, Narayanan Street
Shivpuri 766228",Bareilly,845884,23-01-2027,New,12,1727.41
3786105,Ojas Sankaran,jyoti35@example.net,918000000000,"H.No. 66
Mahajan Chowk, Yamunanagar 911948",Kirari Suleman Nagar,288478,24-01-2027,New,13,1172.32
64535602,Faris Mahajan,calebbhargava@example.net,913000000000,"H.No. 758, Krishna Zila
Sagar-352638",Jalgaon,236937,25-01-2027,Inactive,13,1816.18
29525287,Theodore Dhar,sachidutt@example.net,914000000000,"H.No. 736, Brar Street
Darbhanga-292274",Bhimavaram,891343,26-01-2027,Premium,15,1976.98
1683786,Urvashi Balan,simonkade@example.org,916000000000,"02/23
Dube Street, Bhagalpur 402715",Hajipur,775942,27-01-2027,Regular,14,776.52
73586244,Netra Oak,manbir86@example.net,919000000000,"H.No. 340
Kala Path, Bikaner-738975",Erode,392999,28-01-2027,New,1,377.07
26805477,Xavier Hans,doctoraradhana@example.org,912000000000,"H.No. 02, Deep Ganj
Firozabad 664104",Sambhal,593073,29-01-2027,New,18,1148.4
73679086,Tarak Divan,ranbir07@example.org,913000000000,"324, Shanker
Ludhiana 440403",Dibrugarh,181712,30-01-2027,New,16,1297.47
59677346,Falak Reddy,gopalmody@example.com,915000000000,"78/69
Majumdar Nagar, Tumkur 014721",Bongaigaon,483994,31-01-2027,Inactive,2,502.96
81528623,Qasim Hans,dbains@example.net,915000000000,"34
Rai Zila
Proddatur-395778",Jamshedpur,156998,01-02-2027,Premium,3,957.94
38420886,Nidra Date,uhora@example.org,910000000000,"H.No. 06, Talwar Ganj
Singrauli 304396",Sonipat,695663,02-02-2027,New,20,1180.95
12302179,Nikita Nagi,shettyradha@example.com,912000000000,"03/92, Karpe Road, Firozabad-215941",Tumkur,702467,03-02-2027,Premium,15,246.73
88164280,Saumya Barman,nakul83@example.com,916000000000,"03
Iyer Nagar
Bhatpara-765591",Thane,413547,04-02-2027,Regular,11,745.22
74735607,Naksh Amble,aadhyabhalla@example.com,920000000000,"94, Goda Street
Satna 920950",Raipur,474552,05-02-2027,Inactive,6,935.8
42514124,Bakhshi Sodhi,tsuri@example.org,912000000000,"461, Kashyap Street, Anand-025146",Bally,107629,06-02-2027,Inactive,7,1958.97
13071673,Ijaya Bir,tkalla@example.com,919000000000,"02/685, Dar Street
Mathura 835017",Jhansi,491822,07-02-2027,Regular,17,1208.04
68196920,Vasana Tripathi,faras32@example.com,912000000000,"377, Wason Street
Chittoor 121927",Rewa,437649,08-02-2027,Regular,15,1810.28
26844216,Yochana Babu,sibalmaya@example.com,917000000000,"H.No. 593
Mangat Street
Nagpur-588651",Pali,245058,09-02-2027,Premium,16,927.07
38780509,Ira Guha,haritabasu@example.com,912000000000,"55
Zachariah Road
Jaunpur 869945",Ongole,715292,10-02-2027,Regular,3,1238.37
3292927,Nisha Iyer,vdalia@example.org,910000000000,"H.No. 13, Dash Path, Bhatpara-468793",Rewa,320465,11-02-2027,New,6,1795.72
28991365,Avi Menon,rachitapandey@example.com,918000000000,"04/26
Narain Street, Meerut-759858",Jamnagar,449419,12-02-2027,New,20,459.1
39999278,Chandresh Khare,agarwalladli@example.org,912000000000,"177
Bath Road, Rajpur Sonarpur 549727",Baranagar,594349,13-02-2027,New,8,664.22
86050297,Vincent Sahni,bhardwajwidisha@example.com,918000000000,"954, Dubey Ganj
Siliguri 525261",Sikar,756155,14-02-2027,Inactive,16,941.51
86045277,Umang Pai,ykeer@example.org,918000000000,"14/995, Aurora Chowk, Unnao-559200",Mau,229457,15-02-2027,New,8,1065.84
88167544,Fariq Chawla,nachiketgrewal@example.org,917000000000,"464
Toor Marg, Amroha 537677",Mirzapur,766641,16-02-2027,New,10,1097.35
75984768,Dev Deshpande,tsarkar@example.org,912000000000,"H.No. 186
Kala Road
Gurgaon 751287",Guwahati,737567,17-02-2027,Regular,14,1723.2
15144290,Omkaar Swamy,ekaraj66@example.org,918000000000,"H.No. 375
Mangal Marg
Ludhiana-653677",Nizamabad,789273,18-02-2027,New,19,436.35
52279849,Henry Sawhney,sidhuyashodhara@example.net,918000000000,"493, Kuruvilla, Erode 325603",Anantapur,169958,19-02-2027,Regular,17,585.08
81160474,Adweta Gokhale,upkaar63@example.net,920000000000,"H.No. 601
Halder Street
Sri Ganganagar 570259",Aizawl,841396,20-02-2027,Premium,19,447.55
84361534,Ansh Agrawal,ayush35@example.net,916000000000,"155, Bal Zila
Hyderabad-668727",Narasaraopet,332324,21-02-2027,Regular,1,438.19
53025962,Sai Mandal,narangsai@example.org,917000000000,"H.No. 575, Borah Marg
Salem-633370",Dibrugarh,95444,22-02-2027,Premium,10,324.92
83404008,Pooja Chaudhary,kuruvillabhanumati@example.net,916000000000,"H.No. 88
Nayar Circle
Aizawl-692199",Berhampore,573140,23-02-2027,New,5,1391.13
81959925,Aarav Gopal,indalikapur@example.org,911000000000,"84/47
Banik Ganj, Solapur 423436",Durgapur,158515,24-02-2027,Inactive,1,1888.83
76850859,Harita Bir,rajata75@example.net,911000000000,"71/50, Saini Street
Bhubaneswar-356727",Berhampur,103202,25-02-2027,Inactive,19,468.79
11705793,Tripti Barad,natarajanfaris@example.org,915000000000,"H.No. 502, Chhabra Zila
Ramagundam 546778",Dindigul,645810,26-02-2027,New,18,1164.81
62068277,Zarna Shetty,kumerzansi@example.org,913000000000,"H.No. 12, Kale Chowk
New Delhi 521199",Hosur,397881,27-02-2027,Regular,6,1515.17
9048817,Bhavika Banik,jkhurana@example.org,916000000000,"H.No. 866, Reddy Zila, Surat 956469",Udaipur,205466,28-02-2027,Inactive,1,222.89
31619915,Joshua Trivedi,dnair@example.net,912000000000,"75/382, Sengupta Ganj
Madurai-669210",Gandhinagar,297641,01-03-2027,New,13,722.45
42872865,Vasatika Chatterjee,ishwar92@example.com,918000000000,"80/255
Nori Marg
Tinsukia-515901",Bulandshahr,876401,02-03-2027,Inactive,14,976.81
81906973,Oliver Wagle,siddharth54@example.com,914000000000,"52/226
Gopal Circle, Machilipatnam-015697",Loni,114641,03-03-2027,New,20,218.78
82286908,Oliver Sengupta,wallawriddhish@example.org,911000000000,"30/07, Varghese Street, Nadiad-719989",Vasai-Virar,414399,04-03-2027,New,16,713.26
1174162,Anirudh Vig,hema05@example.com,913000000000,"46/798
Sangha
Silchar 248580",Guna,413955,05-03-2027,Premium,12,1255.44
62323608,Ekansh Bains,bgoyal@example.net,912000000000,"08/545
Seshadri Nagar, Deoghar 100024",Nandyal,537361,06-03-2027,New,2,1446.34
72857290,Krishna Aggarwal,mahikakala@example.net,913000000000,"H.No. 43, Devan Street
Barasat 071684",Sasaram,9157,07-03-2027,Inactive,13,1806.01
21784094,Lakshit Rai,jagdish68@example.com,919000000000,"07/299, Shenoy Circle
Raipur 072826",Bareilly,284389,08-03-2027,Regular,17,1530.19
82529927,Yoshita Jain,omyapadmanabhan@example.com,912000000000,"53, Iyer Ganj
Sangli-Miraj & Kupwad 327741",Chinsurah,934156,09-03-2027,Inactive,3,587.28
14994388,Charles Wason,wrao@example.com,917000000000,"533
Jhaveri Marg
Bharatpur-930354",Gwalior,941934,10-03-2027,Premium,20,1782.84
54216497,Mohini Pandya,turvisani@example.com,918000000000,"H.No. 599, Srivastava Road
Shimoga-070708",Guwahati,44806,11-03-2027,New,13,1881.19
80796977,Nicholas Chandra,issacgeorge@example.com,912000000000,"62/330, Mammen Marg, Kamarhati-528007",Deoghar,659205,12-03-2027,Premium,7,1170.84
31681710,Udant Prabhakar,nachiket85@example.net,914000000000,"H.No. 30, Gole Chowk, Faridabad-856742",Panchkula,728463,13-03-2027,Regular,15,223.11
47955004,Mohini Sidhu,wmitter@example.net,915000000000,"249, Krishnan Path, Bhubaneswar 211635",Kollam,204587,14-03-2027,Inactive,6,1681.52
23126657,Ekiya Sekhon,ochakraborty@example.org,911000000000,"00
Talwar Path
Silchar 399086",Bahraich,52603,15-03-2027,Premium,1,1034.23
91973128,Advik Hayre,guneetwable@example.com,913000000000,"78, Deshmukh Road, Gulbarga 580534",Karnal,645358,16-03-2027,Premium,15,989.8
22915611,Rishi Minhas,watikamemon@example.com,916000000000,"H.No. 66
Goyal, Noida 071135",Karaikudi,515734,17-03-2027,Regular,10,1239.42
76864442,Yashasvi Srinivas,omya58@example.com,911000000000,"399, Agate
Eluru-619957",Karnal,395170,18-03-2027,Regular,13,1565.67
96628029,Zansi Kara,qmitter@example.com,910000000000,"H.No. 297
Kamdar Nagar
Ghaziabad-068306",Tirupati,454533,19-03-2027,Premium,3,994.81
59216664,Netra Keer,yauvanikhare@example.net,911000000000,"54/792
Dugar Road, Secunderabad 353845",Deoghar,284974,20-03-2027,Regular,10,225.69
70615775,Abdul Narang,tmannan@example.org,911000000000,"H.No. 590
Sidhu Ganj
Vijayawada-873377",Ludhiana,912652,21-03-2027,Inactive,15,233.12
34761418,Nitesh De,faraj44@example.net,916000000000,"14/45, Mander Path
Narasaraopet 297200",Bhilwara,401933,22-03-2027,New,6,1729.83
56248757,Ekansh Narayan,qraghavan@example.com,912000000000,"05/325, Kade Circle
Belgaum-791134",Chapra,14789,23-03-2027,Premium,16,1040.97
31622158,Omya Modi,bailjonathan@example.com,920000000000,"H.No. 399
Yadav Marg, Mango 503337",Kolhapur,478462,24-03-2027,New,20,504.15
4200802,Chakrika Gaba,ekavir26@example.net,917000000000,"20
Gokhale Chowk, Fatehpur-880669",Ramgarh,860603,25-03-2027,Inactive,10,678.96
58631874,Yauvani Bhat,emagar@example.org,911000000000,"25/246
Dutt Chowk, Bhatpara 304248",Avadi,281610,26-03-2027,New,11,862.23
22036818,Yatan Yogi,sandhurishi@example.org,910000000000,"30/023
Bail
Jabalpur 182539",Hindupur,19178,27-03-2027,New,5,1732.02
7333934,Om Chand,gavin45@example.net,910000000000,"81/00
Suresh Marg
Faridabad 923920",Deoghar,383021,28-03-2027,New,11,739.47
5712468,Zinal Shan,farisbadal@example.net,919000000000,"62
Karan Zila, Patna 168894",Thanjavur,858342,29-03-2027,Inactive,3,872.57
17929886,Oscar Parekh,rattatanveer@example.net,918000000000,"H.No. 261
Sachar Marg, Visakhapatnam 234841",Salem,356407,30-03-2027,New,7,744
408590,Januja Zachariah,nakshsahni@example.net,916000000000,"25/639
Chandran Zila
Kozhikode 329055",Jorhat,356268,31-03-2027,Regular,17,436.74
42797397,Banjeet Shanker,upkaar20@example.com,918000000000,"83/59, Kanda Ganj
Guna-842560",Jaunpur,518798,01-04-2027,Premium,8,640.54
58929595,Aarush Ratti,emaharaj@example.net,913000000000,"H.No. 69, Patil Chowk, Chandigarh 109848",Hubli–Dharwad,349867,02-04-2027,Regular,2,588.65
41971906,Yashica Sankaran,rachita94@example.org,914000000000,"H.No. 961
Mukherjee Path, Hazaribagh-823281",Phagwara,595797,03-04-2027,Premium,17,245.86
80269328,Daksha Saxena,xchandran@example.net,919000000000,"23
Tripathi Zila, Faridabad 904585",Ambattur,153808,04-04-2027,Premium,15,976.36
76533277,Bakhshi Kuruvilla,muniharshil@example.net,911000000000,"40/20
Varty Marg
Ahmedabad 579383",Gangtok,912071,05-04-2027,New,16,1857.65
50760752,Yug Varughese,kapooravi@example.org,917000000000,"H.No. 12
Randhawa
Proddatur 807263",Maheshtala,100658,06-04-2027,New,14,1670.47
83588803,Indira Sabharwal,faris26@example.com,915000000000,"H.No. 292, D’Alia Ganj
Dewas 344699",Tinsukia,666065,07-04-2027,New,4,1509.41
30755306,Divya Kakar,samakshravel@example.org,918000000000,"47/88
Dubey Zila
Ambattur-437317",Bhilwara,523338,08-04-2027,Inactive,9,555.67
26592009,Michael Dhingra,mdasgupta@example.org,919000000000,"H.No. 28, Vasa Road
Nagpur 397247",Adoni,16283,09-04-2027,Premium,14,317.83
32830199,Abhimanyu Suri,kalaarya@example.com,917000000000,"11/864
Ganesan Nagar
Thoothukudi 654016",Aizawl,531804,10-04-2027,Premium,2,680.11
99824171,Vasatika Ram,tkhare@example.com,913000000000,"34/661
Divan Zila
Chandrapur-092281",Thoothukudi,298856,11-04-2027,Inactive,1,1663.58
61618079,Isaac Sunder,maxedwin@example.net,915000000000,"97, Sandal Path
Tezpur-513861",Ambala,941949,12-04-2027,Inactive,9,1191.93
71694275,Samarth Wagle,ronith46@example.org,916000000000,"61/61, Mukherjee Chowk, Amritsar-381162",Aurangabad,914570,13-04-2027,Regular,8,476.34
81200164,Zehaan Chaudhry,qoza@example.com,914000000000,"H.No. 44
Gera Zila, Kottayam-835901",Anantapur,891346,14-04-2027,Regular,10,337.07
66233704,Adya Wason,ibiswas@example.org,912000000000,"72/459
Ranganathan
Baranagar 535808",Jorhat,836682,15-04-2027,Inactive,7,1341.67
66866026,Vyanjana Nagi,tellajasmit@example.org,914000000000,"02/534
Kale Ganj, Jamnagar-316257",Ahmedabad,410022,16-04-2027,Regular,13,802.79
86483673,Ranveer Ranganathan,yatinthaker@example.org,919000000000,"58/697
Zacharia
Tinsukia 392234",Satara,979887,17-04-2027,Regular,17,682.78
22483684,Gautami Dar,vanya27@example.net,910000000000,"12/217
Doshi Marg, Nashik 384774",Kirari Suleman Nagar,70737,18-04-2027,Regular,20,719.77
65368179,Ati Iyer,urmisahni@example.org,917000000000,"883, Rout Marg
Tezpur-233753",Bokaro,212082,19-04-2027,Premium,4,1826.72
94430842,Pallavi Kothari,nishakhatri@example.net,915000000000,"H.No. 11
Bal Nagar, Sri Ganganagar 444163",Jammu,634446,20-04-2027,New,5,399.54
18940384,Anita Sehgal,leela14@example.net,919000000000,"34
More Nagar, Cuttack-272219",Sonipat,744492,21-04-2027,New,7,1068.47
25585013,Ishita Amble,baradjanani@example.com,913000000000,"24/60, Morar Nagar, Mirzapur 616969",Vasai-Virar,699030,22-04-2027,Inactive,18,840.15
9314637,Aarav Sandal,chakrikasood@example.net,919000000000,"42/24, Sagar Ganj
Nandyal-490265",Bhubaneswar,207302,23-04-2027,Inactive,15,1208.09
92409489,Deepa Devi,dhingrachaitaly@example.net,918000000000,"H.No. 984, Shere Nagar
Kolkata 345413",Shivpuri,850210,24-04-2027,Regular,4,1614.57
21425168,Gavin Panchal,banjeetchoudhary@example.org,911000000000,"14, Salvi Nagar, Giridih 525156",Aligarh,189621,25-04-2027,New,5,1861.73
11228463,Theodore Cherian,oliver85@example.com,918000000000,"H.No. 173, Pant Street, Jaipur 419135",Kanpur,834868,26-04-2027,Inactive,8,1275.97
57642258,Gunbir Dutt,pbaria@example.com,915000000000,"25, Agarwal, Mumbai-047534",Etawah,558798,27-04-2027,Premium,10,1174.55
26250082,Om Bora,hegdenitara@example.net,919000000000,"H.No. 24
Sani Ganj
Burhanpur-998507",Arrah,557458,28-04-2027,New,1,796.49
34580200,Unni Dara,janyamisra@example.org,917000000000,"26/93
Hans Ganj
Madurai-579587",Bally,46262,29-04-2027,Premium,2,1418.51
89531595,Balvan Bera,sankaranindali@example.net,915000000000,"457, Yohannan Nagar
Bardhaman-370968",Jammu,894540,30-04-2027,Regular,6,1385.2
72760434,Andrew Sibal,abajaj@example.net,916000000000,"022, Rana Ganj, Barasat 146414",Kozhikode,330665,01-05-2027,Premium,10,1843.51
86499778,Chakrika Sachar,tejas83@example.net,920000000000,"25, Golla Zila
Adoni-109681",Bhilai,967382,02-05-2027,Regular,18,654.76
41395224,Thomas Sarkar,ywali@example.com,911000000000,"58/93
Dey Path, Korba 451295",Jalna,171941,03-05-2027,Regular,13,358.51
21270783,Aarna Vig,asrivastava@example.com,916000000000,"692
Vala Road
Morena 501812",Bhavnagar,551325,04-05-2027,New,3,1508.8
68939350,Rachita Dhar,nicholas19@example.net,920000000000,"H.No. 89, Sunder Zila
Tadipatri 192695",Machilipatnam,156078,05-05-2027,Premium,17,304.51
14839726,Lohit Lanka,faris19@example.org,919000000000,"72/674
Bhatnagar Marg, Kochi 818898",Mira-Bhayandar,615732,06-05-2027,Regular,10,516.19
38808614,Xavier Shetty,zbandi@example.net,910000000000,"H.No. 13
Agrawal Nagar, Alappuzha-390199",Vijayanagaram,825269,07-05-2027,Premium,10,340.46
44828791,Zansi Panchal,usami@example.com,915000000000,"68/389
Desai Zila, Purnia-820691",Khora ,694027,08-05-2027,New,18,1696.98
1603358,Samaksh Randhawa,ubumb@example.com,916000000000,"H.No. 78, Palla
Sultan Pur Majra-672854",Gandhinagar,600850,09-05-2027,Inactive,5,1155.87
31826,Ekiya Pau,fbedi@example.com,919000000000,"H.No. 336
Lad Zila, Hajipur-409871",Chinsurah,201602,10-05-2027,New,18,752.78
191616,Brijesh Tata,yadavipatla@example.org,918000000000,"19/151, Bera Nagar, Surendranagar Dudhrej-068367",Pallavaram,587079,11-05-2027,Regular,4,1053.7
45546750,Mugdha Pandey,panchalharish@example.net,916000000000,"26
Verma Zila
Tenali 461865",Madhyamgram,787740,12-05-2027,Premium,13,1808.6
33675108,Yagnesh Patel,fraja@example.org,912000000000,"H.No. 105
Thaker Road, Kurnool-283377",Jalgaon,128202,13-05-2027,Inactive,20,1281.15
98896871,Laksh Narula,iverma@example.net,912000000000,"H.No. 523, Sani Path, Rampur 258686",Asansol,479606,14-05-2027,Regular,5,1064.61
644189,Tanay Sahni,janya99@example.org,913000000000,"H.No. 95
Bhasin Path, Raiganj 351412",Bhopal,899027,15-05-2027,Premium,2,793.86
21461764,Nandini Bassi,yahvi51@example.org,915000000000,"H.No. 05, Mohanty Street
Jamalpur 866732",Singrauli,431789,16-05-2027,Premium,15,1689.46
70170606,Edhitha Chhabra,omisha41@example.net,911000000000,"25/21, Parmer Ganj
Madurai-341556",Purnia,264083,17-05-2027,Premium,19,921.51
65782437,Geetika Kara,warda03@example.com,920000000000,"H.No. 81, Nayar Chowk
Adoni-598184",Haldia,643529,18-05-2027,New,4,1215.48
37245065,Ishani Dhillon,abhiramagate@example.net,920000000000,"83, Grover
Raichur 632370",Dibrugarh,796944,19-05-2027,Inactive,16,1556.07
42012717,Edhitha Sahota,georgesami@example.org,913000000000,"04/496
Kala Street, Ghaziabad-646233",Jabalpur,831378,20-05-2027,Regular,10,1030.12
60399360,Gavin Solanki,kuruvillachaman@example.net,910000000000,"336, Nath, Loni-751166",Jamnagar,624598,21-05-2027,Premium,3,1757.64
5140660,Tripti Loke,anika70@example.com,916000000000,"25, Oommen Road, Gandhidham 607310",Akola,164050,22-05-2027,Inactive,17,908.68
40858753,Samaksh Sharma,neel23@example.net,916000000000,"59
Kumar Path, Ajmer 208298",Bharatpur,674980,23-05-2027,Regular,5,1149.5
69219122,Varsha Varughese,inayaswaminathan@example.com,917000000000,"H.No. 39, Bora Street
Bellary-036992",Pimpri-Chinchwad,579100,24-05-2027,Premium,17,1177.34
8967266,Theodore Bhakta,bhaktayochana@example.com,918000000000,"H.No. 90
Naidu Road, Munger 723012",Imphal,58300,25-05-2027,Regular,5,1164.14
27304727,Farhan Patel,daveekavir@example.com,912000000000,"51/41
Arora Path, Gopalpur 325615",Tiruvottiyur,372198,26-05-2027,Regular,8,1675.04
62600289,Tanmayi Zachariah,aishanikata@example.net,915000000000,"88, Chaudhary Zila, Kalyan-Dombivli 682393",Udaipur,72489,27-05-2027,Inactive,10,1326.02
50286371,Jonathan Zachariah,luke39@example.org,913000000000,"H.No. 770
Narasimhan Circle
Ozhukarai 931863",Bangalore,798154,28-05-2027,New,3,280.77
43799224,Vasatika Agate,chandrahemangini@example.net,919000000000,"97
Radhakrishnan Chowk, Delhi-697602",Karaikudi,8953,29-05-2027,Regular,9,1566.49
29431960,Jagdish Manda,hredhaan09@example.org,915000000000,"954
Misra Marg
Dhule 966285",Etawah,741828,30-05-2027,Premium,5,1602.35
7076456,Upkaar Munshi,onveer31@example.org,914000000000,"H.No. 90
Prabhu Nagar
Bhiwandi-896778",Ichalkaranji,726872,31-05-2027,Regular,10,469.41
43860025,Nidhi Baria,wwalia@example.org,918000000000,"H.No. 155, Bhargava Chowk, Serampore 694711",Nagpur,394614,01-06-2027,Regular,18,292.92
74833221,Agastya Saran,nde@example.net,917000000000,"43, Mane Circle
Kishanganj-282155",Nashik,247247,02-06-2027,Regular,1,1764.07
13465850,Anmol Koshy,nitesh46@example.org,913000000000,"H.No. 563, Din Ganj, Aligarh-043634",Danapur,441097,03-06-2027,Premium,6,1956.03
46541905,Arunima Rout,jacobthakur@example.org,918000000000,"H.No. 10, Swamy Ganj
Unnao 053101",Udaipur,903499,04-06-2027,New,16,922.29
21809858,Ekansh Seshadri,faqid76@example.org,915000000000,"86/52
Kade Street
Pimpri-Chinchwad 444382",Bihar Sharif,146074,05-06-2027,Inactive,9,1343.53
75928073,Harsh Aggarwal,dayamai16@example.com,919000000000,"H.No. 73, Ahuja Marg
Motihari-981926",Udupi,442492,06-06-2027,Inactive,20,1684.84
67538982,Upma Salvi,farhanmishra@example.net,916000000000,"734
Shetty Circle
Amravati-970918",Shivpuri,230324,07-06-2027,Premium,6,1257.71
57505804,Zinal Padmanabhan,yashodharabhat@example.com,920000000000,"71, Yohannan
Shimla 687225",Orai,20322,08-06-2027,New,9,225.87
88775948,Yug Pal,dsankaran@example.com,918000000000,"57/17
Chaudry Path
Karawal Nagar 060987",Nagaon,558701,09-06-2027,New,19,227.1
89704218,Harini Ramakrishnan,dateeiravati@example.org,918000000000,"H.No. 92
Sura Road, Medininagar 243233",Khora ,706845,10-06-2027,Premium,11,1029.69
9796585,Damini Jha,bhaktaekanta@example.org,919000000000,"38/33, Wadhwa Marg, Sambhal-817010",Danapur,253065,11-06-2027,Inactive,20,1565.31
1497747,Nachiket Kalla,solankibarkha@example.org,918000000000,"83/053
Deshmukh Road
Amravati-859834",Sangli-Miraj & Kupwad,323849,12-06-2027,Inactive,7,1241.73
29038113,Wridesh Vyas,hamsini20@example.net,910000000000,"H.No. 190, Gandhi Path
Phusro 927759",Kalyan-Dombivli,119441,13-06-2027,New,18,875.32
61182897,Yug Dutt,vamakshi57@example.org,917000000000,"H.No. 03, Shukla Nagar, Kirari Suleman Nagar 188098",Satara,685609,14-06-2027,Regular,15,1261.08
15391556,Ria Pau,oviya43@example.net,919000000000,"51/45
Lanka Path
Panchkula-119503",Nellore,687731,15-06-2027,Inactive,16,762.73
1529180,Darsh Gokhale,randhawaaashi@example.com,913000000000,"406
Chanda Chowk
Jalandhar 950864",Bareilly,516534,16-06-2027,Inactive,5,596.54
32797235,Shravya Chandran,bhargavanicholas@example.com,912000000000,"H.No. 746, Chaudry Marg
Vadodara-727395",Guntakal,417102,17-06-2027,Regular,1,1709.96
78158536,Yatan Gola,tailoraryan@example.org,914000000000,"499
Iyengar Road
Ichalkaranji-651065",Imphal,390560,18-06-2027,Premium,16,705.47
88779806,Ethan Taneja,mohammed37@example.com,914000000000,"828, Sahni Nagar, Tenali-855185",Srinagar,651071,19-06-2027,Regular,11,679
93018527,Lekha Rout,ibhargava@example.net,918000000000,"48, Dugal Chowk, Varanasi-890255",Narasaraopet,722749,20-06-2027,New,1,913.11
52393801,Aarush Roy,hemalkapadia@example.org,914000000000,"411
Nori Zila, Giridih 250229",Ranchi,96858,21-06-2027,New,2,1910.55
70529459,Zayyan Parsa,alexanderbajaj@example.org,919000000000,"84/461, Ahuja Circle, Nadiad-378990",Pondicherry,829855,22-06-2027,Regular,5,203.05
48481702,Dayita Kothari,upadhyaylohit@example.org,910000000000,"14/904, Bal Path
Jehanabad 025610",Shivpuri,351248,23-06-2027,Regular,4,1209.16
15417130,Henry Arora,sanya65@example.com,911000000000,"91/48, Sangha Zila
Srikakulam 495855",Indore,866515,24-06-2027,New,5,1289.29
14705462,Nakul Pal,ydevan@example.net,919000000000,"64
Goyal Nagar
Sonipat-553665",Bahraich,575946,25-06-2027,Premium,2,765.18
14944819,Triya Patla,fradonarayan@example.net,914000000000,"H.No. 214
Barman Road
Mira-Bhayandar-611798",Anand,469217,26-06-2027,Premium,14,1127.8
89028323,Avni Padmanabhan,ekavirbaral@example.net,919000000000,"708
Basak Road, Aurangabad-112247",Lucknow,407239,27-06-2027,Regular,13,1329.47
11775073,Keya Ganesan,shethgagan@example.com,912000000000,"H.No. 074, Suresh Nagar
Sambalpur 952829",Morbi,836825,28-06-2027,Regular,16,212.35
54799731,Rushil Palan,agatemanya@example.org,917000000000,"99/811, Khatri Zila
Bhilwara 448234",Jaipur,387529,29-06-2027,Premium,14,1150.73
93617659,Nikita Ramanathan,arya76@example.net,911000000000,"346
Roy
Hyderabad 233989",Nangloi Jat,190336,30-06-2027,Regular,11,1800.81
45708879,Girindra Majumdar,faraj30@example.net,918000000000,"716, Kalita Path, Srinagar 803059",Ulhasnagar,25486,01-07-2027,Regular,20,988.63
62807542,Chatura Apte,andrajyoti@example.com,915000000000,"H.No. 48
Manda Zila
Mahbubnagar 841942",Patiala,340166,02-07-2027,Premium,11,524.5
7551173,Chandran Sur,wakeetajohal@example.org,918000000000,"27
Choudhary Ganj, Bhimavaram 214075",Ghaziabad,306374,03-07-2027,New,11,1197.58
65815155,Amara Palan,diya73@example.org,913000000000,"31, Baral Zila
Katni 084466",Bangalore,760332,04-07-2027,New,10,1963.99
86704661,Kamala Chokshi,turvidas@example.net,911000000000,"09/68, Brahmbhatt Nagar
Davanagere-527950",Kamarhati,812273,05-07-2027,Premium,12,1726.51
57896058,Samuel Gara,kibechandresh@example.com,912000000000,"64/37
Khurana Nagar
Bhiwandi-628111",Begusarai,487693,06-07-2027,Regular,8,982.05
85519349,Harshil Kari,dayalguneet@example.org,919000000000,"69/70
Buch Marg
Bareilly 336418",Anand,99406,07-07-2027,New,8,336.36
66308810,Utkarsh Ramaswamy,chadharajata@example.org,919000000000,"H.No. 20
Dugar Circle
Bardhaman 787914",Sangli-Miraj & Kupwad,851715,08-07-2027,Premium,18,1746.8
13130974,Divya Garde,varkeyridhi@example.org,914000000000,"48/269
Wagle Path
Vellore-094099",Eluru,572919,09-07-2027,Inactive,6,898.76
8632679,Ayaan Bal,baladhruv@example.net,919000000000,"25
Baria Marg
Nizamabad 219786",North Dumdum,972354,10-07-2027,Regular,16,1201.21
91072336,Tristan Parmer,abhakhare@example.net,916000000000,"85/835, Muni Ganj, Jehanabad-068341",Jaunpur,377289,11-07-2027,Premium,3,205.59
24633671,Manan Buch,vsekhon@example.net,911000000000,"52
Puri Nagar
Lucknow-744371",Karnal,99625,12-07-2027,New,12,1112.03
78254569,Theodore Sathe,nathanielgaba@example.net,918000000000,"59
Oommen
Faridabad 412726",Kalyan-Dombivli,427888,13-07-2027,Regular,8,1559.18
60698094,Matthew Bhatti,wazir62@example.org,916000000000,"H.No. 77, Bahl Nagar, Purnia 411171",Malegaon,108567,14-07-2027,New,2,1894.4
84257716,Yauvani Rajan,kgoda@example.net,916000000000,"H.No. 029
Malhotra Ganj, Proddatur 181376",Hazaribagh,653569,15-07-2027,New,6,1144.61
84929351,Charvi Kala,geetika61@example.com,917000000000,"H.No. 643
Hayer Road, Saharanpur 338478",Gandhinagar,169345,16-07-2027,Regular,14,1662.37
48160359,Zehaan Sundaram,vparsa@example.com,915000000000,"973
Bera Street, Morbi 708221",Karaikudi,324202,17-07-2027,Premium,8,1485.09
51031122,Netra Kashyap,balanwazir@example.net,917000000000,"H.No. 50
Venkataraman Ganj
Ongole-304771",Dehradun,437180,18-07-2027,Regular,20,363.61
3844290,Yashawini Thaman,kohliwyatt@example.com,915000000000,"H.No. 37, Patla Circle
Madurai 325088",Berhampore,88516,19-07-2027,Inactive,2,301.73
71643758,Lucky Kapoor,thakkarlavanya@example.org,917000000000,"869, Ganesh Marg
Kota-097284",Kottayam,445878,20-07-2027,Inactive,7,780.2
49258916,Zehaan Thakur,yash08@example.com,917000000000,"42, Mittal Marg
Raiganj-402582",Jaipur,153207,21-07-2027,Inactive,16,997.43
60379302,Raksha Chand,bchar@example.net,910000000000,"772, Master Nagar, Belgaum 984907",Patiala,998032,22-07-2027,New,7,536.98
88873916,Daniel Reddy,urmi43@example.net,912000000000,"H.No. 63, Sastry Path, Jalgaon 107058",Tirupati,230835,23-07-2027,New,16,1390.49
65559853,Yahvi Bali,tthakur@example.com,911000000000,"47
Ahluwalia Path
Bangalore 348145",Kamarhati,160165,24-07-2027,Regular,17,1734.36
88046313,Lila Dube,parth32@example.org,911000000000,"33/958
Keer Chowk, South Dumdum-867934",Thane,47308,25-07-2027,Premium,6,726.67
76987910,Oeshi Kannan,manderowen@example.com,910000000000,"35
Lad Road, Tenali 343537",Shahjahanpur,847001,26-07-2027,Inactive,5,728.54
20517871,Lavanya Natt,wbhakta@example.org,912000000000,"H.No. 74, Sagar Chowk, Ambala 375071",Imphal,796497,27-07-2027,Premium,4,418.15
26227445,Krishna Warrior,ishakara@example.com,913000000000,"H.No. 406
Batta Circle, Bikaner-296769",Ghaziabad,632750,28-07-2027,Regular,1,1030.06
42272393,Anya Parmer,dhillonwyatt@example.com,917000000000,"81
Srivastava Street, Vellore 246419",Moradabad,915410,29-07-2027,New,7,1090.31
12574626,Nitesh Joshi,cborra@example.net,918000000000,"393
Narasimhan Chowk
Satara 333915",Amritsar,409487,30-07-2027,Inactive,18,852.27
63349378,William Sangha,aradhanahalder@example.com,919000000000,"13/269
Mohanty Marg, Amaravati 212523",Mango,965143,31-07-2027,Regular,14,1487.94
88045094,Yuvraj Memon,tanveerben@example.com,920000000000,"H.No. 188, Khanna Road
Bhilai-902882",Panvel,447280,01-08-2027,Premium,4,690.13
61226835,Owen Soni,varsha95@example.net,914000000000,"56
Peri Chowk, Dharmavaram 677538",Kishanganj,458894,02-08-2027,Premium,18,1491.21
82585664,Turvi Parmar,ekanshdevan@example.org,917000000000,"02/13
Kalla Zila, Rajahmundry 478484",Ludhiana,678835,03-08-2027,Regular,14,1511.43
69762479,Joshua Banerjee,rohan04@example.org,920000000000,"H.No. 52
Ramaswamy Chowk
Madhyamgram 745891",Jamalpur,666332,04-08-2027,New,19,1766.61
93675757,Geetika Mander,cgole@example.com,919000000000,"78/349, Som Path
Eluru 767399",Noida,264344,05-08-2027,Regular,10,665.46
5009458,Yasti Choudhary,diyabal@example.com,913000000000,"H.No. 14
Yogi Marg, Noida-862686",Thiruvananthapuram,525644,06-08-2027,Inactive,7,1712.14
59545278,Yagnesh Randhawa,chahalaarav@example.org,919000000000,"H.No. 56, Nigam Ganj
Panipat 241216",Yamunanagar,270678,07-08-2027,New,16,430.08
59619739,Charan Ramanathan,aryadayal@example.org,917000000000,"28/03, Tiwari Chowk
Arrah 002279",Delhi,105428,08-08-2027,New,12,871.39
9097480,Hamsini Verma,vartyekiya@example.org,914000000000,"H.No. 67, Salvi Nagar
Ulhasnagar 922156",Bihar Sharif,207496,09-08-2027,Premium,18,307.65
56195475,Falguni Date,sharmaaradhana@example.com,913000000000,"94
Venkataraman Ganj, Patiala-174200",Ahmedabad,31357,10-08-2027,Regular,18,1149.91
45052594,Harish Venkatesh,hiteshlanka@example.com,913000000000,"46/45
Banik Marg, Madurai-527305",Aligarh,740540,11-08-2027,New,19,859.59
24517523,Mohini Pillai,edyal@example.com,910000000000,"669
Vala, Tiruppur-864320",Tirunelveli,786498,12-08-2027,Premium,14,361.29
97111069,Megha Hora,inaya49@example.com,919000000000,"839, Bhatti Ganj, Saharanpur 068437",North Dumdum,143574,13-08-2027,Inactive,10,1898.27
88299992,Laban Bandi,ikrish@example.org,916000000000,"56/317, Sanghvi
Unnao 580760",Firozabad,943812,14-08-2027,Premium,6,1524.68
60757351,Naksh Sule,frederickkunda@example.org,915000000000,"994, Ramanathan Chowk, Davanagere 176352",Salem,411662,15-08-2027,Premium,3,1099.62
14161586,Aachal Nazareth,aadhya71@example.org,919000000000,"903
Bajaj Chowk, Jaunpur-242237",Bettiah,585408,16-08-2027,Premium,11,353.97
35133191,Ojasvi Sha,vrittinanda@example.org,914000000000,"09/440, Chandra Ganj
Bhalswa Jahangir Pur 958886",Loni,791176,17-08-2027,Regular,14,406.21
56480776,Matthew Parsa,sagate@example.com,915000000000,"41/331
Manne Zila
Jamalpur-589262",Udaipur,573808,18-08-2027,Regular,8,1401.79
31000129,Lohit Kaur,siddharth81@example.net,913000000000,"448, Rajagopal Ganj
Bhubaneswar-587599",Raichur,396599,19-08-2027,Premium,18,1120.64
18113428,Dominic Goda,tagarwal@example.net,918000000000,"H.No. 104
Morar Zila
Rajpur Sonarpur 068813",Rajkot,803574,20-08-2027,Regular,7,255.73
56250563,Anthony Tara,tnagarajan@example.com,911000000000,"H.No. 220, Brahmbhatt Marg, Gulbarga-331993",Jabalpur,202458,21-08-2027,Premium,20,733.3
96253172,Zarna Mammen,patilnachiket@example.com,920000000000,"357, Chaudhry Chowk
Danapur-617891",Berhampur,238657,22-08-2027,Inactive,1,475.19
83023956,Lopa Kalita,qbehl@example.org,913000000000,"33, Narasimhan Marg
Bhiwandi 462997",Nanded,313936,23-08-2027,Regular,12,1551.29
19080489,Reva Sha,zchad@example.com,916000000000,"70/24
Dhaliwal Zila, Faridabad 141190",Jalandhar,236035,24-08-2027,Regular,9,578.21
899941,Lopa Venkataraman,gavinchoudhary@example.org,919000000000,"H.No. 780, Oommen Chowk
Satna 564861",Sambhal,12225,25-08-2027,Premium,18,1202.35
51014003,Matthew Swaminathan,sanayathakur@example.net,917000000000,"40
Misra Chowk
Khora -190990",Giridih,37529,26-08-2027,Regular,14,393.06
55971849,Orinder Joshi,anamikasuri@example.org,910000000000,"962, Ganesh Nagar, Kota-336060",Rewa,920798,27-08-2027,Regular,3,490.69
45314389,Amaira Subramanian,mandatanveer@example.org,920000000000,"44/036, Peri Marg
Shivpuri 138223",Ajmer,266618,28-08-2027,New,17,939.35
65426878,Frado Warrior,lekhagoyal@example.com,910000000000,"H.No. 703, Tiwari Chowk
Pune-712696",Nagpur,585704,29-08-2027,Regular,11,1879.31
8651281,Jonathan Seshadri,chaudharyonveer@example.com,912000000000,"50/38
Parekh Nagar, Secunderabad 882117",Ranchi,173317,30-08-2027,Premium,14,1516.13
69353754,Brijesh Choudhary,aishanishanker@example.com,918000000000,"47/829, Sura Zila
Shimla 071733",Medininagar,818142,31-08-2027,Premium,8,1154.09
84119685,Harish Aurora,csem@example.com,912000000000,"75/48, Sachdeva Ganj, Maheshtala-830521",Sambhal,487548,01-09-2027,Inactive,4,1623.47
60656482,Rajata Purohit,jack16@example.net,915000000000,"23/797, Mammen Zila, Hazaribagh 152040",Haldia,745064,02-09-2027,Inactive,12,627.69
54952806,Manya Kohli,vchatterjee@example.net,914000000000,"89/53, Vyas Zila
Madhyamgram 137643",Coimbatore,592310,03-09-2027,Regular,1,1142.91
58644651,Gaurangi Vala,mohantyidika@example.net,910000000000,"69, Nayak Path
Thanjavur-153372",Secunderabad,274378,04-09-2027,New,13,646.92
35690581,Sachi Jani,janyabadami@example.com,911000000000,"H.No. 08, Setty, Raipur 629247",Gorakhpur,538003,05-09-2027,Inactive,15,1603.16
80850753,Gautami Rai,anirudh54@example.com,910000000000,"83/135
Balan Path, Hyderabad 383012",Thane,717111,06-09-2027,Premium,6,1695.68
29653387,Aradhana Rout,fitannadig@example.net,920000000000,"H.No. 02
Dutt Road
Davanagere-916145",Malda,599799,07-09-2027,New,12,519.73
47295676,Neel Sandhu,kadelopa@example.net,912000000000,"91, Gulati Street
Ghaziabad-764436",Bhopal,468224,08-09-2027,New,2,1758.3
30900441,Omaja Misra,badamiaarnav@example.org,912000000000,"H.No. 451, Bahri Marg
Bijapur-550836",Khora ,130415,09-09-2027,New,18,1509.24
43980719,Unni Pillai,advayamble@example.org,917000000000,"22/693, Chopra Marg
Ludhiana 100252",Kalyan-Dombivli,919813,10-09-2027,New,13,785.19
96001315,Jhalak Naidu,charles11@example.net,915000000000,"47/342, Bahl, Pune-221043",Bihar Sharif,429696,11-09-2027,Inactive,19,1628.45
5716817,Xalak Master,pandeyadvik@example.com,910000000000,"H.No. 47
Saran Ganj
Shimoga-583550",Aurangabad,378247,12-09-2027,Inactive,3,1607.05
33658749,Anjali Varty,bedidalbir@example.org,919000000000,"H.No. 37
Wagle Marg
Bongaigaon 438069",Ahmednagar,877365,13-09-2027,Inactive,6,547.78
63661771,Peter Mitra,ilad@example.net,918000000000,"99/47
Bandi Road, Baranagar 694613",Karnal,497779,14-09-2027,Inactive,13,1536.01
71767248,Shivani Khurana,nazarethraagini@example.net,918000000000,"15/73
Bail Path, Hapur 816836",Jalandhar,966465,15-09-2027,New,4,719.47
72675976,Kavya Pingle,sodhiadvaith@example.org,916000000000,"48
Oak Nagar, Ambattur 725012",Bhusawal,99296,16-09-2027,Premium,14,710.18
81994445,Imaran Jha,maanav88@example.net,919000000000,"H.No. 088, Lad Circle
Rohtak-890599",Kalyan-Dombivli,976412,17-09-2027,Premium,2,1391.12
54145987,Rushil Yadav,ethakkar@example.com,919000000000,"86/834
Kant Circle
Ludhiana 777242",Agartala,697253,18-09-2027,Premium,6,899.69
16485871,Chaman Kota,pillaijanaki@example.org,911000000000,"90/64
Sibal Chowk, Saharsa-081703",Salem,105468,19-09-2027,Premium,6,1805.76
43243913,Rushil Iyer,zkrishnan@example.net,917000000000,"68
Deep Road, Bhilai 520000",Jehanabad,602923,20-09-2027,Regular,4,1897.16
19741509,Michael Vohra,choudhuryalka@example.org,911000000000,"88/20, Manne Path
Arrah 855340",Vellore,19974,21-09-2027,Regular,3,949.01
98540377,Brinda Datta,nidra84@example.net,918000000000,"43, Palan Marg
Vasai-Virar 928946",Unnao,713632,22-09-2027,Regular,16,525.07
88843865,Mitesh Chaudry,jkalla@example.com,914000000000,"49, Sehgal Road, North Dumdum 478645",Srinagar,281457,23-09-2027,Regular,19,1230.62
50045027,Yashvi Bajaj,yoshitanarang@example.org,918000000000,"69/68, Dube Path
Agartala-951262",Sagar,679096,24-09-2027,Regular,7,1570.95
59840071,Vihaan Chokshi,fiyaz21@example.net,912000000000,"49/74
Vora Circle
Pondicherry-613521",Deoghar,628916,25-09-2027,Inactive,19,1796.24
51547198,Kashvi Date,saksham00@example.org,915000000000,"046
Minhas, Gurgaon 806600",Agartala,730715,26-09-2027,Premium,19,750.81
53624677,Varenya Ganesh,beraaarav@example.org,914000000000,"H.No. 629
Shroff Nagar
Lucknow 170677",Udaipur,488900,27-09-2027,New,10,332.4
93122847,Nachiket Sangha,ssabharwal@example.org,919000000000,"748
Kadakia Road
Thiruvananthapuram-244661",Ludhiana,537237,28-09-2027,Regular,12,1886.44
62971413,Baljiwan Agrawal,zayanmenon@example.org,916000000000,"145
Roy Ganj
Madhyamgram 070455",Amritsar,853732,29-09-2027,Inactive,18,835.09
73933840,Amara Gill,radhachand@example.net,919000000000,"39/48
Bhatt Marg
Maheshtala-742358",Raiganj,664697,30-09-2027,Regular,10,1339.52
80759416,Pavani Prabhakar,borratarak@example.com,920000000000,"22/739
Vohra Road
Durg-638372",Junagadh,680825,01-10-2027,Premium,5,1637.85
96042320,Jagdish Ray,jgoda@example.com,916000000000,"33, Pant Circle, Hospet-853723",Nagaon,698003,02-10-2027,New,20,1164.38
76970363,Hardik Andra,raagini33@example.org,916000000000,"62/58, Vora Road, Narasaraopet 721712",Firozabad,826966,03-10-2027,Regular,14,1237.8
84993732,Henry Modi,sampathyashodhara@example.com,920000000000,"026, Palla Ganj
Ramgarh 353867",Aligarh,170772,04-10-2027,Regular,1,1585.03
30823988,Owen Sangha,ladlimisra@example.org,918000000000,"58
Bhardwaj Circle
Raipur 307531",Deoghar,787767,05-10-2027,Premium,9,1525.85
86226771,Theodore Rao,balvansha@example.net,916000000000,"49/361, Sur Chowk
Bathinda 711928",Shivpuri,411235,06-10-2027,Premium,4,1062.39
10048910,Pratyush Sawhney,bhavyabuch@example.com,919000000000,"24
Raja Circle, Sonipat-603340",Kozhikode,826123,07-10-2027,New,15,875.32
18935489,Krishna Dugal,seshadriekaja@example.net,912000000000,"30/94, Bora Road, Pune 320103",Tezpur,781987,08-10-2027,New,8,1957.21
61763552,Gopal Parikh,quincykanda@example.net,913000000000,"H.No. 63, Pau Nagar
Erode-421681",Panihati,82019,09-10-2027,Inactive,5,241.81
88346104,Lakshit Hari,troy@example.net,915000000000,"H.No. 377, Agrawal Marg
Jhansi-922863",Udaipur,758,10-10-2027,Regular,17,1205.49
33651554,Madhav Sridhar,ishababu@example.org,918000000000,"25/998, Date Marg
Amroha 740213",Saharsa,202775,11-10-2027,New,18,697.13
39140039,Upasna Naidu,nathaniel57@example.org,917000000000,"84
Varughese Chowk, Kolkata 159107",Madhyamgram,316077,12-10-2027,New,18,1504.96
50080663,Adweta Bumb,tandonbina@example.net,919000000000,"H.No. 66, Apte Circle
Thanjavur 408860",Morbi,585542,13-10-2027,Inactive,10,543.84
40643232,Falguni Chand,rajeshri70@example.com,913000000000,"43, Dora Road
Dhanbad 332848",Salem,249528,14-10-2027,Regular,4,1374.71
82134278,Jeremiah Jha,ekanimorar@example.net,912000000000,"13, Bahl Marg, South Dumdum 584867",Coimbatore,897757,15-10-2027,Premium,4,294.2
35705377,Wahab Bobal,ybajaj@example.net,917000000000,"H.No. 592, Gour Marg
Bettiah-550001",Tumkur,31549,16-10-2027,Regular,8,1250.37
11503405,Damyanti Dua,dipta25@example.net,918000000000,"H.No. 18, Kuruvilla Chowk
Kamarhati 188062",Amritsar,430592,17-10-2027,Regular,11,1658.1
4988545,Prisha Jha,urvibuch@example.net,916000000000,"82/952, Behl Street
Sikar 557241",Anantapuram,576389,18-10-2027,Regular,10,1251.78
4545935,Aayush Ahluwalia,jagdish37@example.org,911000000000,"42, Bajwa Road, Nadiad-839395",Warangal,731038,19-10-2027,Regular,7,1931.1
46148283,Kamya Mander,taurora@example.com,916000000000,"688, Joshi Nagar
Korba-886183",Kalyan-Dombivli,167549,20-10-2027,New,11,506.68
29324437,Radhika Bains,nram@example.org,919000000000,"830
Nagar Zila, Buxar 534238",Nanded,869550,21-10-2027,Premium,11,1915.27
48730063,Jatin Dua,sethiojas@example.org,916000000000,"H.No. 50, Contractor
Ambattur 379240",Farrukhabad,949389,22-10-2027,New,19,1497.71
70608515,Aashi Behl,jaingarima@example.org,915000000000,"H.No. 43
Mani Street
Katni-561753",Belgaum,962036,23-10-2027,Inactive,4,1601.81
32003512,Advaith Sarkar,bordemadhav@example.org,920000000000,"29/70
Kashyap Circle
Sagar 543324",Sasaram,476326,24-10-2027,Premium,4,1863.05
96989204,Nimrat Kalita,yparsa@example.net,913000000000,"46/171, Mangat Road
Maheshtala 453232",Deoghar,952634,25-10-2027,Regular,5,1844.33
4789829,Balvan Shah,fbala@example.net,911000000000,"H.No. 65, Gill Circle, Sambhal-800756",Rourkela,313467,26-10-2027,Regular,6,229.76
15733078,Ekanta Shukla,ychoudhry@example.net,914000000000,"H.No. 731
Nazareth Zila, Navi Mumbai-187154",Phagwara,214451,27-10-2027,Regular,1,1152.95
48158494,Hamsini Choudhury,wmagar@example.net,910000000000,"23/254, Ram Street
Avadi 502744",Kishanganj,179510,28-10-2027,Inactive,13,1787.2
12272282,Dev Bal,vbansal@example.com,916000000000,"H.No. 79, Mody Ganj, Noida-764569",Sikar,555117,29-10-2027,Regular,20,1750.74
13265605,Yatin Krishnamurthy,chadaliam@example.net,914000000000,"47/114
Borra Chowk, Ujjain 957580",Kollam,737341,30-10-2027,Premium,3,1086.89
80696046,Avni Trivedi,idayal@example.net,917000000000,"20/397, Karpe Nagar, Bangalore 371675",Agartala,977594,31-10-2027,Inactive,11,623.23
87266831,Indira Palan,vanshachaudhari@example.net,914000000000,"193
Sekhon Circle
Kurnool-966962",Mirzapur,336427,01-11-2027,New,17,276.09
90346920,Idika Acharya,chaitanyatiwari@example.net,914000000000,"H.No. 237, Srinivas Street, Danapur 180940",Satara,677618,02-11-2027,New,1,738.13
93938425,Darpan Goyal,nitaratara@example.net,918000000000,"64, Borra Chowk
Gandhidham-484636",Nagercoil,553703,03-11-2027,Regular,10,1735.57
89699655,Om Chadha,bhavanisarna@example.net,910000000000,"49, Shroff Chowk
Haldia-909999",Darbhanga,340363,04-11-2027,Inactive,4,1134.64
87654461,Maya Amble,kalpit11@example.com,910000000000,"656
Wable Circle
Silchar 815805",Sambhal,394842,05-11-2027,Inactive,2,1720.18
79944855,Anay Natarajan,falanissac@example.org,918000000000,"59/952
Mody Road
Pali 876975",Indore,203524,06-11-2027,Regular,6,1440.06
49617892,Dayamai Parmer,finn87@example.com,917000000000,"H.No. 022
Sankar Circle
Pudukkottai 520782",Orai,113196,07-11-2027,New,19,1894.61
74230420,Ati Choudhry,ronith00@example.com,919000000000,"399, Chahal Path, Bettiah-108157",Mathura,421244,08-11-2027,Regular,17,1315.38
66629497,Widisha Kaur,vihaanchanda@example.org,913000000000,"H.No. 67, Basu Chowk, Deoghar-929341",Vellore,229594,09-11-2027,Regular,7,1994.7
43256928,Gaurav Bhardwaj,okamdar@example.com,914000000000,"36/809
Sastry Circle
Kumbakonam-107839",Baranagar,131278,10-11-2027,Inactive,19,1984.5
59345983,Liam Sagar,ladsimon@example.net,912000000000,"61/71
Balan Nagar
Guwahati 334509",Saharanpur,992566,11-11-2027,Regular,8,1375.29
88252625,Kritika Jha,tripathibhavya@example.net,919000000000,"51
Rajagopal Nagar
Pali 404029",Shivpuri,22342,12-11-2027,New,15,422.31
14275043,Tanvi Lala,oscar88@example.net,915000000000,"924
Raval Street, Aligarh-564503",Bhilwara,576267,13-11-2027,New,19,1415.88
64489709,Ekavir Kade,qasimganguly@example.net,916000000000,"413
Ahluwalia Zila
Ludhiana 958493",North Dumdum,300054,14-11-2027,Premium,2,1435.66
59815512,Teerth Seshadri,jeet97@example.com,912000000000,"H.No. 57, Bains Street
Dewas-995261",Jalna,92916,15-11-2027,Regular,16,1022.99
73377004,Dayamai Borah,gdhar@example.com,913000000000,"H.No. 55
Rau Chowk, Bhind 883639",Delhi,989634,16-11-2027,Regular,4,438.31
74761384,Banjeet Gara,zpau@example.net,911000000000,"202, Setty Nagar
Mangalore-791101",Nadiad,751611,17-11-2027,Premium,12,1550.37
79257353,Tanvi Wagle,duttijaya@example.net,912000000000,"82, Shroff Street, Pondicherry-654693",Jaunpur,524267,18-11-2027,New,6,291.96
17159117,Tripti Bassi,vinayaganguly@example.net,917000000000,"28
Venkataraman, Silchar 532742",Karawal Nagar,778786,19-11-2027,Premium,1,336.26
95912198,Bhavna Gara,zwagle@example.com,910000000000,"28/51, Balan Path
Agra-216895",Anantapuram,543627,20-11-2027,Inactive,12,1065.72
88215615,Falan Dar,pushtitank@example.org,917000000000,"011, Kala Street, Bhind 443656",Bongaigaon,542991,21-11-2027,New,14,1520.12
49756591,Madhav Murthy,jai91@example.org,915000000000,"853, Date Nagar, Bongaigaon 192745",Miryalaguda,796425,22-11-2027,Inactive,20,745.4
50650215,Isaac Samra,aashi06@example.net,914000000000,"H.No. 68, Bajaj Road
Dehri 969139",Pimpri-Chinchwad,550671,23-11-2027,New,12,1474.41
32500305,Ridhi Khatri,anthonydey@example.net,914000000000,"825
Arya Street
Deoghar 673152",Orai,277971,24-11-2027,New,5,362.53
42723554,Pranit Wagle,bordeorinder@example.net,913000000000,"29/952, Kanda Circle, Nagaon 965580",Gandhinagar,41927,25-11-2027,Regular,10,731.97
1491857,Naveen Balakrishnan,xuppal@example.net,914000000000,"21/938, Ravel Street, Gurgaon 597187",Morena,260718,26-11-2027,Premium,9,855.24
81229704,Vamakshi Hari,jason27@example.org,920000000000,"82/551
Mann Chowk
Burhanpur 650361",Noida,89095,27-11-2027,Premium,10,429.04
70966268,Odika Mahal,vasanaram@example.com,919000000000,"H.No. 60
Brahmbhatt Nagar, Bharatpur 479957",Arrah,757376,28-11-2027,New,15,541.94
97182359,Rayaan Viswanathan,psarkar@example.org,912000000000,"252, Goyal Nagar
Bangalore 368073",Morbi,867805,29-11-2027,New,15,550.41
46675763,Tanmayi Ramaswamy,bakshigavin@example.net,917000000000,"929
Chaudhry
Ballia 919826",Katihar,745005,30-11-2027,New,19,737.08
51034600,Ubika Borah,gandhijanaki@example.org,917000000000,"29/54
Sampath Path, Sasaram 799764",Bhilai,647372,01-12-2027,Inactive,2,1574.01
76512976,Yashica Pathak,baradlajita@example.com,910000000000,"26/72, Sama Chowk
Aligarh 358311",Belgaum,874947,02-12-2027,New,5,279.89
119099,Zansi Parsa,neha08@example.com,912000000000,"H.No. 40, Gopal Ganj, Bidar 854350",Kavali,692517,03-12-2027,Inactive,20,637.35
84850688,Atharv Nagar,gunbir72@example.org,916000000000,"97/84
Dhillon Road
Rohtak-144867",Barasat,244403,04-12-2027,Inactive,3,1862.3
95971469,Rachit Parikh,ryansinghal@example.net,918000000000,"82/278
Gokhale Circle, Ghaziabad 086484",Chapra,609861,05-12-2027,New,7,1060.59
28413467,Leena Mane,kandachakradhar@example.org,911000000000,"45
Saini, Kumbakonam-396116",Kolhapur,541139,06-12-2027,New,16,1451.81
45071436,Gaurang Ratta,shethbhavini@example.org,912000000000,"092, Narain Street, Kolhapur-916800",Tadepalligudem,311644,07-12-2027,Inactive,9,807.66
99734256,Ishwar Nair,ambleira@example.com,917000000000,"20/227, Sant Nagar
Danapur-130747",Ratlam,477588,08-12-2027,Premium,1,301.12
14472401,Ayaan Rege,dubeyekanta@example.com,914000000000,"625, Atwal Street
Pudukkottai-889365",Thiruvananthapuram,481131,09-12-2027,Regular,1,208.09
4606533,Anusha Bhagat,triya55@example.org,917000000000,"14
Bhagat Path
Shivpuri 856011",Rajpur Sonarpur,696982,10-12-2027,Premium,11,704.14
32426778,Falguni Kapadia,jdivan@example.net,917000000000,"H.No. 55
Khatri Circle, Jalna 323326",Naihati,484917,11-12-2027,Inactive,14,304.06
63802820,Netra Yohannan,liamagarwal@example.com,914000000000,"34
Konda Nagar
Bhiwani 471037",Orai,743207,12-12-2027,Regular,6,1887.52
24988999,Yashawini Goyal,suhani03@example.com,915000000000,"79
Bobal, Jaunpur 969256",Raiganj,72237,13-12-2027,Regular,6,1748.52
77497950,Omkaar Varughese,ayushmanpandya@example.com,914000000000,"28, Sundaram Chowk
Malda-158069",Kolkata,579158,14-12-2027,New,7,1852.77
16424635,Fitan Kade,schoudhary@example.net,918000000000,"027, Kala Path, Kollam-055443",Mirzapur,607949,15-12-2027,Premium,13,1135.26
93127511,Warinder Chandran,reyansh94@example.com,912000000000,"H.No. 11, Mahajan Zila, Madhyamgram-787487",Bijapur,850740,16-12-2027,Inactive,7,453.17
88434834,Chandresh Pingle,dayita84@example.net,915000000000,"12, Manda Path, Rajkot-918686",Ambarnath,852789,17-12-2027,Premium,19,1484.9
88067569,Aayush Sengupta,lekha10@example.com,913000000000,"20/47
Ratta Chowk, Sonipat-022522",Gaya,288459,18-12-2027,Premium,5,273.38
86294036,Chatresh Rajagopalan,harshilbansal@example.org,917000000000,"11
Sarraf
Bahraich 857642",Arrah,824264,19-12-2027,Inactive,13,1311.81
57331847,Jack Kamdar,yatan68@example.net,918000000000,"96/303, Ghose Marg, Bhimavaram-097271",Amravati,67085,20-12-2027,Regular,5,752.87
45586151,Pallavi Ram,ishroff@example.org,910000000000,"H.No. 522, Ray Street, Mahbubnagar-522739",Saharsa,488450,21-12-2027,Regular,11,266.65
11389698,Chameli Grover,wmohan@example.org,913000000000,"190
Palla Zila, Orai 695509",Jammu,153911,22-12-2027,Premium,14,1907.68
95018817,Ucchal Bajaj,vpathak@example.net,918000000000,"H.No. 69
Sankaran Marg
Adoni 056161",North Dumdum,112162,23-12-2027,Inactive,19,466.48
29415527,Abha Behl,yastidin@example.net,916000000000,"13/08
Toor Circle
Dindigul-600955",Pudukkottai,675974,24-12-2027,Regular,11,498.21
64932019,Ekiya Babu,chanchalmaharaj@example.org,918000000000,"336
Sandhu, Thanjavur 759771",Hindupur,936998,25-12-2027,Premium,6,1022.98
48418662,Matthew Joshi,rattanhamsini@example.net,920000000000,"H.No. 465, Vala Zila, Indore-145041",Machilipatnam,124809,26-12-2027,Premium,12,1479.93
66485571,Anthony Pall,sastryyug@example.com,913000000000,"H.No. 478
Pau Chowk
Rampur 353285",Ratlam,618561,27-12-2027,Inactive,2,1055.17
85658166,Faraj Krish,parikhcharvi@example.org,911000000000,"H.No. 13, Bumb Road, Bharatpur-659171",Thrissur,74399,28-12-2027,New,11,1326.65
20625627,Hredhaan Prasad,ishanvi25@example.com,910000000000,"274, Chopra Circle
Jammu 166527",Amritsar,598993,29-12-2027,Premium,11,718.1
72942753,Alka Pal,fvig@example.com,912000000000,"008
Bhattacharyya Road, Dewas 414364",Gurgaon,484481,30-12-2027,Regular,5,664.01
1624115,Saksham Atwal,meghaatwal@example.org,912000000000,"445, Pai
Haldia 442073",Kochi,487872,31-12-2027,New,2,331.1
82918668,Harita Nagy,shahadvaith@example.com,916000000000,"78
Chanda Nagar, Gaya-166936",Gudivada,244426,01-01-2028,Regular,18,1941.44
85006599,Siddharth Krishna,farya@example.net,914000000000,"86, Amble Marg, Raiganj 373001",Shimoga,664694,02-01-2028,Inactive,13,1630.44
73727901,Chanakya Khatri,azad52@example.net,912000000000,"68/982
Desai Road
Anantapuram 384618",Solapur,164307,03-01-2028,Premium,15,1299.49
53636086,Max Nadkarni,kumersiya@example.org,915000000000,"25/86
Kata Zila
Howrah 811775",Bally,342729,04-01-2028,Premium,20,1238.26
79076101,Maanav Gaba,vasatikachoudhry@example.org,919000000000,"52/93
Deep Circle
Uluberia-405552",Ujjain,998849,05-01-2028,Premium,2,870.19
65660660,Arya Sodhi,devika25@example.net,914000000000,"H.No. 995
Srivastava Street
Vijayanagaram-618080",Gangtok,994735,06-01-2028,Regular,12,749.66
64162093,Nakul Mall,sbarman@example.net,915000000000,"42/193
Subramaniam Circle
Sultan Pur Majra-294414",Korba,818200,07-01-2028,Premium,6,413.3
91243571,Ojas Deep,yashoda19@example.net,917000000000,"52/967
Pandey, Amravati-615769",Navi Mumbai,937863,08-01-2028,Inactive,12,1569.19
22133362,Samesh Dixit,raaginiramanathan@example.org,919000000000,"62/795
Bhalla Chowk, Bulandshahr 310111",Anantapuram,633882,09-01-2028,Inactive,18,482.2
49915498,Harini Mangal,aahana49@example.com,910000000000,"H.No. 932
Baral Road
Katni 070915",Jalandhar,107053,10-01-2028,Premium,2,950.88
38018949,Jeet Pandey,irya08@example.net,916000000000,"584
Loke Path
Thiruvananthapuram-323286",Farrukhabad,305457,11-01-2028,Premium,17,1873.34
93321933,Xalak Sangha,wallawahab@example.net,915000000000,"800
Sura Marg
Darbhanga 901631",Ozhukarai,381931,12-01-2028,Inactive,10,566.42
10508763,Anamika Issac,lbahri@example.org,913000000000,"H.No. 79
Mann Marg, Nadiad-252402",Ratlam,489551,13-01-2028,Premium,6,992.26
37362180,Praneel Mangat,pben@example.com,913000000000,"28/28, Sandal Marg, Purnia-889918",Visakhapatnam,826795,14-01-2028,Regular,11,1638.66
8881320,Tanmayi Sem,jsahota@example.com,918000000000,"H.No. 516
Basu Path, Bahraich-594933",Uluberia,108657,15-01-2028,Regular,7,1268.54
25447967,Udyati Sani,fsaha@example.com,919000000000,"H.No. 20, Handa Road, Avadi-342441",Rajkot,32438,16-01-2028,Regular,18,876.56
64197854,Krishna Ramanathan,bina08@example.com,910000000000,"391, Kunda Chowk, Pune 550785",Bellary,265134,17-01-2028,Regular,17,1231.67
34074184,Nakul Din,rajagopalisha@example.com,916000000000,"22/51
Nagy Nagar, Kolkata-282673",Bangalore,401130,18-01-2028,New,18,1988.77
95873651,Shivani Divan,matthewbal@example.org,920000000000,"836, Seshadri Road, Khammam-540650",Ballia,584545,19-01-2028,Inactive,14,536.02
90150193,Advik Rajan,siya35@example.com,912000000000,"H.No. 129, Baral Zila, Amritsar-828766",Buxar,665407,20-01-2028,Inactive,18,783.69
39717448,Om Korpal,ssaraf@example.com,913000000000,"50/800, Dara Road, Kolkata-183546",Jorhat,549114,21-01-2028,New,1,210.18
63948546,Samesh Dass,prabhuforum@example.com,918000000000,"H.No. 129, Banik Nagar, Kolkata-261584",Bhubaneswar,524266,22-01-2028,Regular,20,1745.12
9900288,Jasmit Pall,waidarau@example.org,912000000000,"84/431, Sidhu Chowk, Bardhaman 485811",Gulbarga,536115,23-01-2028,Regular,10,1315.84
38496400,Dhruv Bakshi,mohinibhargava@example.com,919000000000,"H.No. 60
Yogi Path
Salem 323686",Bathinda,939391,24-01-2028,Premium,11,1402.36
27692428,Warjas Tara,akshaydeshmukh@example.com,912000000000,"859, Kumar Nagar, Chittoor-489508",Chennai,691326,25-01-2028,Regular,11,1889.95
65903057,Krishna Shroff,anthonyparsa@example.org,913000000000,"64/68, Sridhar Circle, Bhubaneswar 362647",Uluberia,847572,26-01-2028,Regular,14,1181.71
43990799,Indrajit Singh,raghav41@example.org,917000000000,"H.No. 916
Hans Marg
Hubli–Dharwad-389409",Dindigul,282157,27-01-2028,Regular,6,495.41
42208242,Farhan Tata,dlal@example.org,911000000000,"73/63, Lalla Path
Firozabad 862928",Danapur,518443,28-01-2028,Regular,19,1222.25
44776601,Krisha Sood,dugalgayathri@example.net,919000000000,"25, Nayak Street, Sonipat 822794",Durg,94769,29-01-2028,Regular,15,1278.59
6724509,Guneet Brahmbhatt,hkale@example.org,912000000000,"H.No. 83
Narain Circle
Sikar 862742",Munger,118585,30-01-2028,New,13,1966.44
59222551,Urmi Parekh,duttabrijesh@example.org,916000000000,"H.No. 867, Kannan Circle, Mehsana 430537",Jamshedpur,351341,31-01-2028,Inactive,10,1569.86
44888581,Rehaan Samra,rajata67@example.com,915000000000,"25/08
Rege Street
Thiruvananthapuram 858803",Ballia,359510,01-02-2028,Inactive,3,392.37
96729650,Yochana Ravel,rnagi@example.org,913000000000,"98/20
Tiwari Road
Tiruppur-972702",Ahmednagar,543068,02-02-2028,Inactive,2,847.93
39957741,Siddharth Sibal,ksinha@example.org,914000000000,"18
Peri Nagar, Ambattur 659851",Bellary,883836,03-02-2028,Inactive,11,1769.15
24104630,Jonathan Deo,tanvi11@example.org,915000000000,"84/257
Zachariah Road
Pune-664139",Jaipur,670567,04-02-2028,Premium,13,448.52
96434674,Yashawini Kota,jeet35@example.org,915000000000,"192
Pillay Ganj, Kozhikode 553266",Anantapur,744458,05-02-2028,Inactive,11,1663.53
14255231,Advika Taneja,kapoornikita@example.com,920000000000,"H.No. 63
Bir
Asansol-254295",Surendranagar Dudhrej,516962,06-02-2028,Inactive,17,1055.6
83412446,Libni Kunda,deovritti@example.net,911000000000,"807
Natarajan Nagar, Karimnagar 936960",Avadi,389792,07-02-2028,Inactive,13,1935.31
11493380,Jhalak Peri,tbhatia@example.org,920000000000,"56/011
Chanda
Jammu-972081",Madurai,767391,08-02-2028,Regular,16,422.74
48821170,Hredhaan Bajaj,samaksh27@example.org,917000000000,"320, Garde Circle
Siliguri 164122",Jalgaon,187348,09-02-2028,Inactive,12,1321.76
19145354,Shivani Deo,bathyashodhara@example.net,916000000000,"21/09, Sawhney Zila
Guwahati-293546",Rohtak,763240,10-02-2028,Inactive,11,963.35
76830090,Harshil Dey,kannantanvi@example.net,910000000000,"H.No. 99, Pau Path
Dewas-413529",Panipat,292989,11-02-2028,New,4,821.83
81808190,Qasim Sharma,rbarad@example.org,917000000000,"408
Bains Chowk
Morbi-747709",Bhusawal,611142,12-02-2028,Inactive,1,796.97
40986000,Charles Gara,ichada@example.net,916000000000,"H.No. 321, Palan Chowk
Purnia 304075",Karnal,59218,13-02-2028,Premium,20,223.79
60495351,Henry Rana,ebhakta@example.org,911000000000,"813
Krish Street
Nagpur-312112",Srikakulam,246691,14-02-2028,New,11,407.03
39261715,Reva Bhatnagar,ucchal41@example.com,918000000000,"99/80
Konda, Indore 364393",Patna,859748,15-02-2028,Premium,19,1974.33
63793401,Frado Ramakrishnan,saniijaya@example.org,915000000000,"21/657, Bala Nagar, Kulti-317039",Kavali,308708,16-02-2028,Regular,2,1901.32
27746432,Eesha Rajagopal,solankiekaraj@example.net,920000000000,"H.No. 79, Dave Path
Sultan Pur Majra-296590",Bangalore,836547,17-02-2028,Inactive,10,1261.35
51670882,Krishna Hans,takbarkha@example.net,917000000000,"95/65
Nadig Circle
Belgaum-468612",Dehradun,352126,18-02-2028,Inactive,11,1351.67
61020,Onkar Suresh,rudradeshpande@example.com,918000000000,"88/40, Bora Zila, Phusro-161515",Kurnool,345635,19-02-2028,New,19,1703.16
46802633,Champak Subramaniam,raagini83@example.com,915000000000,"H.No. 18, Kumer Road
Mango-881448",Bettiah,770230,20-02-2028,Premium,6,617.22
63083547,Aarav Mander,giriknarula@example.net,911000000000,"H.No. 30
Padmanabhan Street
Nagaon-432208",Jhansi,42216,21-02-2028,Regular,10,900.07
17106161,Gagan Prabhakar,chaitanyaraman@example.net,912000000000,"40/59, Rai Street
Vijayawada 675290",Shimoga,758004,22-02-2028,Inactive,9,331.15
54797119,Anusha Patel,xkoshy@example.com,910000000000,"H.No. 316, Kaur Zila
Malegaon 975468",Bilaspur,793140,23-02-2028,Premium,14,1673.74
62721353,Jagdish Bora,warhi76@example.org,918000000000,"H.No. 575, Sahni Chowk
Mau-744949",Danapur,694263,24-02-2028,Regular,13,992.9
40587811,Jeevika Rajagopalan,manneoeshi@example.org,913000000000,"H.No. 094
Banerjee Ganj, Mau 309197",Adoni,524929,25-02-2028,Inactive,5,724.63
25520143,Rajata Ahuja,ozaayushman@example.com,917000000000,"280, Mannan
Kozhikode-407225",Berhampur,688637,26-02-2028,New,10,1133.1
81377917,Nachiket Panchal,chaitaly28@example.org,910000000000,"25/190, Chawla Marg
Madurai-829332",Maheshtala,538657,27-02-2028,Inactive,16,739.14
49433260,Abhiram Wason,fdevan@example.com,919000000000,"15
Sabharwal Marg, Aurangabad 966257",Hospet,246851,28-02-2028,Premium,17,307.03
40117357,Jai Murty,subramaniansanya@example.net,914000000000,"58/465
Madan Ganj, Jhansi-323091",Imphal,177718,29-02-2028,New,16,753.81
81102955,Pushti Naidu,darairya@example.org,912000000000,"H.No. 61
Khare Circle
Ratlam 115891",Bhiwani,804911,01-03-2028,Premium,16,1403.68
40192266,Vasana Dhar,janimanbir@example.org,917000000000,"56/554
Kashyap, Shivpuri 193283",Bhopal,305319,02-03-2028,New,19,1893.6
51669263,Odika Manda,esekhon@example.com,910000000000,"H.No. 97
Prasad Circle
Shimla-145433",Avadi,625562,03-03-2028,Inactive,2,1698.87
85831746,Girindra Basak,madantripti@example.com,914000000000,"50, Basak Ganj, Munger 764468",Bahraich,536170,04-03-2028,Regular,18,952.61
97466783,Harita Mangat,jagat26@example.org,917000000000,"78/936
Aurora Road
Vadodara 226991",Kota,977804,05-03-2028,Premium,8,952.96
23982977,Charita Rama,nadkarniyauvani@example.net,920000000000,"H.No. 01
Krishnan Zila
Jehanabad-220376",Salem,569461,06-03-2028,New,2,1863.55
79695653,Yash Hans,indrajit03@example.net,919000000000,"31/66, Badami Ganj, Rohtak 192027",Sonipat,361030,07-03-2028,Regular,11,728.65
83577942,Oviya Rau,suhanipandit@example.net,919000000000,"H.No. 673
Batta Road, Yamunanagar-314202",Shivpuri,33088,08-03-2028,New,16,866.2
44149982,Tara Uppal,gbuch@example.net,918000000000,"84/33, Menon Ganj, Sambalpur-870513",Yamunanagar,603400,09-03-2028,New,7,1224.69
46686696,Wazir Seth,william12@example.com,915000000000,"69/92
Mitter Marg
Mahbubnagar-162861",Thoothukudi,992012,10-03-2028,Premium,7,968.93
12184293,Dayita Mand,rudra41@example.net,918000000000,"H.No. 51
Cherian Road, Panchkula-653529",Phagwara,249442,11-03-2028,Inactive,7,1811.32
19084027,Mitesh Sehgal,ychakraborty@example.net,917000000000,"H.No. 215, Kulkarni Nagar
Panihati-950577",Unnao,977602,12-03-2028,New,20,908.28
77559557,Akshay Varty,balendra63@example.com,918000000000,"44
Dube Path
Jammu-898608",Madurai,639717,13-03-2028,New,9,601.15
34713143,Ganga Sabharwal,mugdhamannan@example.org,919000000000,"91/992
Sanghvi Path
Raipur-230614",Jehanabad,759217,14-03-2028,Premium,16,1380.2
75073623,Yashvi Bansal,dasskabir@example.net,913000000000,"604, Brar Chowk, Meerut-986766",Kumbakonam,470494,15-03-2028,New,19,1042.05
12415659,Damini Wagle,omamol@example.net,911000000000,"168
Balay Street, Allahabad-779838",Ambala,813277,16-03-2028,New,10,1786.5
5277675,Vansha Deol,hariaarna@example.net,919000000000,"H.No. 03, Natt Circle, Karnal 408909",Ghaziabad,373380,17-03-2028,Premium,9,1312.8
81420960,Warda Chanda,korpalomya@example.net,912000000000,"H.No. 428
Kade Street, Vijayanagaram 476346",Hazaribagh,367446,18-03-2028,Inactive,2,269.4
97144544,Indali Toor,pdeep@example.org,912000000000,"H.No. 15, Soni
Udaipur 007809",Guna,494838,19-03-2028,Regular,12,1754.04
6856445,Meghana Mangal,abhimanyubala@example.com,919000000000,"63/79, Padmanabhan Zila
Fatehpur-881615",Darbhanga,833987,20-03-2028,New,5,1932.51
70363568,Ekavir Sunder,siyengar@example.com,919000000000,"H.No. 47
Goda Zila
Chittoor-109669",Shahjahanpur,354549,21-03-2028,New,13,1632.23
10019218,Elijah Brar,ikbalshukla@example.net,914000000000,"35
Chhabra Nagar, Singrauli 962731",Parbhani,700999,22-03-2028,New,7,560.14
12799092,William Sarkar,vsridhar@example.net,917000000000,"H.No. 578, Dugal Zila, Chinsurah 373691",Unnao,817262,23-03-2028,Inactive,5,557.19
12507907,Maanas Dugal,warda81@example.net,910000000000,"82/55, Sundaram Zila, Gopalpur 792114",Nangloi Jat,978091,24-03-2028,Regular,19,1278.01
29584848,Lucky Chada,devganesan@example.org,911000000000,"H.No. 95
Iyengar Circle
Dhule-728048",Dehri,469757,25-03-2028,Premium,11,1212.04
27955158,Abeer Kamdar,aaggarwal@example.net,918000000000,"H.No. 535, Nair Path
Kurnool 247765",Shivpuri,950386,26-03-2028,New,13,1659.73
13651980,Abhiram Basak,khalsaadweta@example.org,916000000000,"531, Madan Chowk, Alwar-182796",Ranchi,707169,27-03-2028,Inactive,12,308.29
90246977,Yuvraj Chacko,zinal84@example.org,913000000000,"H.No. 88, Chandra Marg
Tirupati 850392",Tiruchirappalli,720144,28-03-2028,Premium,1,1375.17
91614690,Chaman Yohannan,mugdhakakar@example.net,913000000000,"854
Aggarwal Chowk
Bokaro 633335",Nandyal,343492,29-03-2028,Premium,18,289.7
92027021,Chatura Natt,jack25@example.com,913000000000,"96/145
Natarajan Ganj
Khandwa-209328",Ballia,61391,30-03-2028,Inactive,5,1279.72
11493300,Yatan Bedi,pranitratta@example.org,916000000000,"H.No. 22
Pandit Street
Coimbatore 123398",Durg,144438,31-03-2028,Regular,18,1025.67
77862447,Tejas Doshi,yashawini78@example.org,915000000000,"H.No. 487
Bera Ganj
Coimbatore 258160",Bally,410832,01-04-2028,New,3,721.04
47503133,Mitesh Rajan,nilima95@example.com,918000000000,"H.No. 900
Bora Street, Tiruppur 590706",Chapra,321850,02-04-2028,Inactive,12,1614.04
65745775,Aryan Mangal,fshan@example.org,915000000000,"H.No. 28
Nagi Path
Bhimavaram-958776",Buxar,293389,03-04-2028,Inactive,4,1021.23
89867195,Akshay Comar,qbarman@example.com,918000000000,"H.No. 482
Aggarwal Zila
Kolhapur-540436",Tumkur,216353,04-04-2028,Premium,10,409.49
6247821,Mekhala Vora,gardequincy@example.org,918000000000,"08/563, Sane Circle, Khora -425505",Panvel,691869,05-04-2028,Regular,15,1832.58
73393269,William Varughese,xsachar@example.org,920000000000,"91/001
Naik Circle
Bhopal 342050",Ajmer,857535,06-04-2028,Regular,8,1615.2
48716374,Chaman Merchant,fchaudhari@example.org,911000000000,"97/515, Prasad Path
Allahabad 009477",Hapur,590658,07-04-2028,Premium,20,1475.82
78614729,Finn Goswami,sethidaniel@example.org,920000000000,"469
Kadakia Ganj, Avadi-835600",Tiruvottiyur,591291,08-04-2028,New,10,1786.91
20238921,Shivani Kumer,ubhargava@example.com,912000000000,"H.No. 43
Tailor Nagar
Tadipatri 360847",Thiruvananthapuram,602258,09-04-2028,Premium,8,1298.79
84066402,Lucky Dar,amrutadixit@example.com,919000000000,"43/56
Shah Nagar, Jalna-842838",Amritsar,684269,10-04-2028,Regular,7,794.76
60271325,Michael Chopra,harshdalal@example.org,916000000000,"H.No. 38
Sankar Circle, Kota-391161",Malegaon,838512,11-04-2028,New,8,356.62
40692378,Chatresh Rastogi,xiti56@example.org,911000000000,"H.No. 83, Behl Zila
Karaikudi-818020",Jabalpur,75343,12-04-2028,New,9,1782.4
469006,Shivansh Loyal,darikaperi@example.net,910000000000,"49, Garg Ganj
Bhubaneswar-563425",Begusarai,814266,13-04-2028,Inactive,2,1393.2
41811800,Sneha Bahl,advaygolla@example.org,919000000000,"63/20
Thakur Ganj, Bhiwandi-326191",Jaunpur,755202,14-04-2028,Regular,6,1410.59
87107263,Lakshmi Arora,parmarvansha@example.org,919000000000,"38/541
Hari Street, Faridabad 486542",Vijayawada,784029,15-04-2028,Inactive,9,1659.56
89619421,Urvi Maharaj,imaran14@example.com,913000000000,"30/168, Raman Street, Kharagpur 263382",Rajpur Sonarpur,161282,16-04-2028,Premium,5,1466.13
62828341,Darika Deol,xbakshi@example.net,917000000000,"716
Borra Chowk, Bokaro 793011",Howrah,460118,17-04-2028,Inactive,20,283.63
55738118,Jagrati Badami,ovenkataraman@example.com,919000000000,"959, Apte Street, Gurgaon-641674",Hapur,163439,18-04-2028,Regular,11,1520.09
2684440,Hamsini De,yashodharaanne@example.org,911000000000,"28/37, Radhakrishnan
Kakinada 773718",Ranchi,574868,19-04-2028,Premium,5,650.6
77811864,Urvashi Iyengar,yadaviwali@example.com,910000000000,"59/018, Gara Ganj
Bhavnagar-018318",Miryalaguda,829480,20-04-2028,Premium,12,1712.29
43052303,Girik Mutti,rajanathan@example.com,910000000000,"H.No. 065, Sehgal Zila
Salem 592037",Eluru,907571,21-04-2028,Premium,19,1790.43
24478397,Jairaj Gill,vivaanagarwal@example.org,911000000000,"69, Goda Circle, Nagercoil 556537",Bidar,612763,22-04-2028,New,14,829.36
22846435,Jackson Shenoy,gopalkrishnamurthy@example.net,914000000000,"H.No. 61, Contractor Chowk, Meerut-839492",Tezpur,358841,23-04-2028,Inactive,12,1844.21
32868927,Anjali Lala,maanasgarg@example.org,912000000000,"59/920, Chhabra Chowk, Udaipur-321781",Karimnagar,28876,24-04-2028,New,19,926.68
88312515,Kiaan Chhabra,peter83@example.com,919000000000,"72/340, Apte Marg
Sambhal-436677",Gandhinagar,186946,25-04-2028,Inactive,10,544.71
33741801,Girindra Nadig,quincy72@example.com,915000000000,"106
Bhatt Street, Jamshedpur 915471",Ratlam,626892,26-04-2028,New,16,1249.15
29502852,Andrew Vasa,aarush91@example.org,919000000000,"061
Tank
Asansol 810831",Dibrugarh,870715,27-04-2028,New,18,1995.37
75464725,Chavvi Sibal,ishanibahl@example.com,914000000000,"H.No. 004, Anand Chowk, Udupi-217874",Sambhal,629342,28-04-2028,Inactive,20,1805.77
88745052,Leena Zacharia,krishnaprabhu@example.org,912000000000,"H.No. 01
Sengupta Street, Bahraich 125364",Kumbakonam,583025,29-04-2028,Regular,5,516.9
50632192,Omkaar Mander,tanvi84@example.org,912000000000,"74/669
Sundaram
Sambhal 774698",Nadiad,846443,30-04-2028,Premium,16,1096.83
81655250,Kashvi Rege,gnanda@example.org,911000000000,"H.No. 31
Buch Circle, Ajmer-282400",Madurai,851454,01-05-2028,Regular,17,1399.67
29858395,Patrick Rout,aayushpal@example.net,916000000000,"354, Bali Street
Pondicherry-996500",Hospet,511481,02-05-2028,Inactive,16,442.16
56572297,Rachita Wali,shivanimody@example.org,919000000000,"572, Deshmukh
Pimpri-Chinchwad 016173",Ulhasnagar,25613,03-05-2028,Inactive,10,1601.86
18140588,Orinder Malhotra,samarth50@example.org,918000000000,"80/775
Varkey Path
Saharanpur-494356",Jalna,895444,04-05-2028,Regular,17,856.95
74352908,Ishaan Chad,wishinagarajan@example.com,915000000000,"H.No. 660
Saha Nagar, Bhiwani-793040",Guntakal,653024,05-05-2028,Inactive,13,1879.61
37633848,Samuel Banerjee,shettyfaris@example.com,918000000000,"119
Seth Nagar
Mumbai 912897",Kharagpur,622019,06-05-2028,Premium,20,1237.57
19180962,Osha Varghese,pjohal@example.org,918000000000,"60/201
Shere
Bilaspur 758086",Kalyan-Dombivli,237601,07-05-2028,Inactive,19,622.08
75739462,Vasana Ganesh,xsarma@example.org,919000000000,"548
Wali Chowk, Gwalior 656688",Satna,756186,08-05-2028,Premium,2,1474.27
47926198,Bhavini Kulkarni,elijah77@example.net,911000000000,"H.No. 082, Raghavan Nagar, Bhilwara-021542",Nandyal,321001,09-05-2028,Regular,11,1408.42
57809174,Girindra Dara,hemalad@example.org,917000000000,"46/681
Bobal Path
Navi Mumbai-347951",Lucknow,284807,10-05-2028,Premium,11,1898.72
21786873,Balhaar Ramesh,andraidika@example.com,916000000000,"48/273
Chacko Marg
Tirupati-417143",Lucknow,297685,11-05-2028,Regular,3,1600.68
32564478,Ekbal Dubey,wsrinivasan@example.com,911000000000,"H.No. 620
Dube Chowk
Katni-733668",Kishanganj,330178,12-05-2028,Premium,5,211.3
41168392,Sneha Rajagopalan,kamalacontractor@example.com,916000000000,"71, Banerjee Circle, Imphal-801151",Silchar,133041,13-05-2028,Premium,13,506.28
40305293,Tejas Parmer,waglevedhika@example.com,919000000000,"783, Handa Marg
Medininagar-040912",Bhatpara,597677,14-05-2028,Regular,10,614.48
91562028,Ayaan Kashyap,sachdevishwar@example.org,918000000000,"H.No. 88, Varghese Ganj, Bhilai-068738",Noida,248694,15-05-2028,Regular,9,1141.68
5754255,Radha Rana,kritika79@example.org,914000000000,"34/71, Wable Nagar, Bally 321844",Mango,547754,16-05-2028,Inactive,1,1050.74
73891999,Vinaya Khatri,zarnakala@example.org,918000000000,"04/032, Doctor Street
Silchar 214713",Sambalpur,966637,17-05-2028,New,11,1681.91
91500615,Varenya Vala,nakul89@example.org,919000000000,"91/20
Bawa Ganj
Serampore 477704",Parbhani,557915,18-05-2028,Premium,4,840.89
79742293,Faris Mohanty,udarsh64@example.com,919000000000,"H.No. 477, Khalsa Zila
Kurnool-102764",Hajipur,123910,19-05-2028,Regular,17,1608.81
71902700,Qarin Nazareth,garimaraju@example.com,916000000000,"44
Bhasin Marg
Panipat 159190",Bhind,91752,20-05-2028,Regular,10,824.31
78267238,Luke Bala,wdubey@example.org,916000000000,"241
Bora Path
Secunderabad-741114",Warangal,86601,21-05-2028,Inactive,1,301.21
16780752,Avi Soman,routdiya@example.com,915000000000,"H.No. 97
Chauhan
Nellore-895405",Begusarai,320804,22-05-2028,Premium,20,1429.12
91312072,Joshua Rana,mkakar@example.net,919000000000,"40, Dutta Zila, Katihar 605477",Jalna,409142,23-05-2028,Inactive,4,1518.25
28458746,Dalaja Borde,murtybhavani@example.net,914000000000,"H.No. 069, Sachar Chowk
Munger 082064",Bulandshahr,97442,24-05-2028,New,12,1998.49
57770044,Zarna Master,xalak26@example.net,920000000000,"H.No. 15
Venkatesh Circle, Sirsa-878884",Ajmer,900627,25-05-2028,Regular,10,934.08
2234490,Amara Gala,gangasanghvi@example.com,915000000000,"43, Gole Zila
Hajipur 933661",Singrauli,529202,26-05-2028,Premium,8,1540.25
76202036,Ishita Patla,omajawali@example.com,913000000000,"97/622
Bhatnagar Marg
Varanasi 242752",Gwalior,620579,27-05-2028,Inactive,13,1118.75
45112520,Anamika Hayre,eeshaganesan@example.net,919000000000,"058
Wagle Street, Eluru 310344",Rajahmundry,753100,28-05-2028,Premium,1,499.85
30116949,Harshil Pathak,janakisaraf@example.com,916000000000,"09
Sha, Chinsurah 561052",Nadiad,981634,29-05-2028,Inactive,5,1535.47
16640907,Anjali Choudhary,indira18@example.com,910000000000,"353, Sahota Zila
Katni 822108",Bhagalpur,632688,30-05-2028,Regular,16,527.03
44174426,Girindra Nair,wazirsanghvi@example.org,916000000000,"12/240, Barad Ganj
Hajipur 503025",Salem,133683,31-05-2028,New,20,1655.49
13939675,Edhitha Lal,mukherjeejai@example.net,916000000000,"53/947, Jayaraman Street, Bangalore-157373",Amroha,960333,01-06-2028,New,18,783.47
33394166,Dakshesh Lad,panditkritika@example.com,912000000000,"04/08, Comar Street
Hindupur 886323",Surendranagar Dudhrej,78491,02-06-2028,New,10,282.63
45323391,Viraj Kota,sampathosha@example.org,916000000000,"H.No. 86, Bhalla Path
Mango-318186",North Dumdum,957395,03-06-2028,New,2,1008.14
71411879,Aarav Mukherjee,handaeshana@example.org,913000000000,"H.No. 100, Babu Chowk, Bidar 645114",Etawah,363775,04-06-2028,Regular,4,1743.87
13585482,Meera Dara,sodhibachittar@example.org,914000000000,"23
Murty Zila, Ajmer-307715",Buxar,800996,05-06-2028,Inactive,20,1475.52
40434527,Liam Nigam,advay02@example.net,916000000000,"699
Chaudhuri Road, Bhagalpur-271359",Vellore,693390,06-06-2028,Inactive,5,815.01
59830126,Raghav Iyengar,fborde@example.org,919000000000,"93
Ganesh Road
Gandhinagar-097993",Howrah,50816,07-06-2028,New,14,1799.47
12622901,Januja Kaul,dhaliwaljagdish@example.com,917000000000,"H.No. 398, Iyer Chowk
Vijayanagaram-137056",Bareilly,724988,08-06-2028,Inactive,3,870.68
3897936,Maanav Singh,unnikarpe@example.com,912000000000,"H.No. 954, Subramaniam Circle
Mangalore-854236",Pudukkottai,100457,09-06-2028,Premium,14,215.16
48281892,Teerth Mukherjee,toordakshesh@example.org,911000000000,"H.No. 706
Lal Path
Visakhapatnam-582362",Vellore,691199,10-06-2028,New,6,1653.39
33370343,Yachana Bava,ohans@example.com,917000000000,"44/197
Dash Street, Tinsukia 305622",Ratlam,893977,11-06-2028,Premium,20,999.04
40877127,Falak Sarraf,ydas@example.com,911000000000,"91, Minhas Ganj
Deoghar 503558",Ludhiana,206065,12-06-2028,Premium,14,757.15
75081265,Gaurav Luthra,mohantygautam@example.net,911000000000,"H.No. 108
Kapur Nagar, Gandhinagar-700004",Nizamabad,292847,13-06-2028,Premium,2,958.17
92118758,Yadavi Bhatt,ranbirchaudhry@example.com,915000000000,"330
Mani Path
Secunderabad-252919",Gorakhpur,856412,14-06-2028,Regular,2,300.79
66766629,Harita Mander,ayushwalla@example.org,911000000000,"H.No. 09
Ganguly Ganj, Motihari-968384",Gulbarga,408735,15-06-2028,New,16,504.76
89686431,Eta Dani,pushti67@example.org,911000000000,"H.No. 271, Loyal Chowk
Thrissur-060782",Dharmavaram,850478,16-06-2028,Regular,11,1637.7
88517890,Anvi Swaminathan,duttirya@example.net,910000000000,"H.No. 456, Pai Path, Amroha 878650",Nizamabad,524369,17-06-2028,Premium,10,1964.72
69761993,Udant Kade,lila77@example.net,919000000000,"87/304, Nadig Nagar, Bally 955962",Gangtok,661415,18-06-2028,New,6,551
11562458,Parth Raghavan,bhargavaeshana@example.org,914000000000,"H.No. 09
Choudhury Nagar, Motihari-939952",Firozabad,227726,19-06-2028,Regular,7,1409.32
57892837,Thomas Bail,zarnasandhu@example.net,914000000000,"95/973, Pau Chowk, Thoothukudi-912925",Bally,584566,20-06-2028,Premium,14,581.57
85474732,Waida Lanka,banikgirik@example.net,914000000000,"85/29
Krish Path, Bettiah-285272",Allahabad,79025,21-06-2028,Premium,1,941.76
62541176,Yutika Andra,boaseonkar@example.com,915000000000,"472
Pai Zila
Karnal-312720",Tirupati,929796,22-06-2028,New,7,1691.37
31940833,Urmi Amble,anita28@example.net,918000000000,"H.No. 083, Bajwa, Rewa-343147",Karawal Nagar,452880,23-06-2028,New,4,1515.8
76212152,Mitali Kapoor,ektabava@example.com,912000000000,"20/514
Raju Zila
Mangalore 950685",Agra,685797,24-06-2028,Premium,13,1767.81
42366724,Quincy Kari,gopaldugar@example.org,911000000000,"39/64
Vig Zila
Jaipur-137064",Saharanpur,260071,25-06-2028,Inactive,20,1896.27
54619715,David Cherian,imaran51@example.com,917000000000,"358
Bhakta
Sangli-Miraj & Kupwad 296144",Panchkula,660842,26-06-2028,Inactive,4,739.04
24896263,Nachiket Prasad,dorafalan@example.net,912000000000,"79/84
Randhawa Path
Mehsana 618412",Amroha,948603,27-06-2028,Regular,13,532.9
5700842,Waida Trivedi,garimashere@example.net,919000000000,"H.No. 68, Tara Road, Surendranagar Dudhrej 454893",Amravati,864006,28-06-2028,Regular,3,514.06
73799927,Tamanna Kashyap,ldin@example.net,917000000000,"98/56
Singhal Road, Hubli–Dharwad-489531",Ambala,580131,29-06-2028,New,4,1121.27
12867472,Ishanvi Tripathi,yohannanubika@example.net,913000000000,"95/572
Mohan Ganj
Tirupati-987144",Mehsana,307601,30-06-2028,Premium,3,1053.52
97315135,Bhavini Parikh,parth29@example.com,918000000000,"H.No. 268
Jhaveri Marg, Gangtok-425126",Shivpuri,276056,01-07-2028,New,19,1393.14
48150243,Ekaja Dube,ahluwaliasaumya@example.net,918000000000,"42
Bawa
Madanapalle-334038",Delhi,175880,02-07-2028,Regular,13,262.6
19556566,Yashica Doctor,yachanachokshi@example.com,916000000000,"H.No. 861, Sami Street, Akola 863487",Tiruvottiyur,937178,03-07-2028,Premium,20,664.17
59240916,Ronith Murthy,jgulati@example.com,915000000000,"H.No. 567, Mutti Road, Hajipur 158460",Faridabad,730723,04-07-2028,Inactive,6,1202.51
61002154,Ridhi Datta,basakyashodhara@example.net,916000000000,"59, Ranganathan Circle
Nagpur-818568",Imphal,276311,05-07-2028,Regular,19,1526.04
81584486,Orinder Kurian,cnazareth@example.net,914000000000,"53/359
Chadha Zila, Panchkula 168207",Hazaribagh,87603,06-07-2028,Inactive,2,369.75
41494867,Kalpit Gulati,uppaldipta@example.net,914000000000,"20/47
Vohra Ganj, Nadiad 804287",Bongaigaon,118940,07-07-2028,New,15,240.17
75908967,Hemang Sama,qcontractor@example.com,913000000000,"35
Chatterjee Nagar, Bidar 543213",Yamunanagar,915923,08-07-2028,Regular,14,1095.58
38902882,Ria Dugar,craval@example.org,913000000000,"80/48, Mangal Nagar, Ratlam-375288",Firozabad,226571,09-07-2028,Inactive,17,1583.52
52048413,Keya Balakrishnan,parikhsamesh@example.org,915000000000,"09
Borra, Jehanabad-368313",Jalna,517187,10-07-2028,Inactive,20,1449.1
99412119,Samarth Sachar,cmurty@example.net,914000000000,"H.No. 900
Konda Zila
Sikar-445716",Agartala,868483,11-07-2028,New,17,653.57
47625855,Caleb Brar,eeshanigam@example.com,919000000000,"H.No. 81
Kari Road
Nagercoil-798440",Mango,918327,12-07-2028,New,6,515.69
19393135,Nathaniel Gokhale,ekanta98@example.net,916000000000,"97/421, Kibe Path, Kozhikode 660167",Bidhannagar,317769,13-07-2028,Regular,19,327.58
87669943,Ikshita Rajagopalan,rsethi@example.org,914000000000,"259, Guha Zila, Katni 233200",Nandyal,961518,14-07-2028,Inactive,1,1272.95
90586443,Baljiwan Pandey,vmitra@example.org,911000000000,"72/14
Palla Path
Haldia 455745",Ambala,46985,15-07-2028,New,2,1637.32
15066187,Vedant Keer,jalsadube@example.com,917000000000,"H.No. 25, Garde Street
Kharagpur 866567",Jammu,882141,16-07-2028,Regular,13,791.67
78806824,Yashawini Vasa,ekaraj06@example.org,919000000000,"623
Thaman Chowk
Vellore-331680",Guntakal,408800,17-07-2028,Premium,20,1027.41
59110513,Chaaya Mody,choudharyjagrati@example.org,913000000000,"132
Walla, Secunderabad 502542",Raebareli,594217,18-07-2028,Inactive,12,1377.27
64823226,Vasudha Sheth,ramanathanridhi@example.org,914000000000,"73/53, Bahri Road, Vijayanagaram 763383",Tirupati,611999,19-07-2028,Premium,5,614.1
49529811,Zayyan Swaminathan,liam57@example.net,913000000000,"H.No. 528, Uppal, Arrah 830864",Pimpri-Chinchwad,945135,20-07-2028,Regular,13,1595.6
18199057,Xalak Sahni,biswasfalak@example.net,915000000000,"64/26, Walla Ganj
Raebareli-909282",Ratlam,908599,21-07-2028,Inactive,9,1353.93
17805991,Jhalak Rai,panditdev@example.net,919000000000,"73/063, Dutt Road
Kishanganj-424784",Dhule,819317,22-07-2028,New,10,924.9
56441247,Aashi Narula,girindrachar@example.com,919000000000,"H.No. 291
Bassi, Nashik 127808",Meerut,27074,23-07-2028,Premium,18,1667.94
91228580,Ojasvi Yadav,hiteshsekhon@example.net,916000000000,"21/429, Hegde Chowk, Erode 713443",Mangalore,627586,24-07-2028,Regular,3,330.22
35435896,Abhiram Tiwari,rachana11@example.net,914000000000,"22, Anne Chowk
Uluberia 647085",Dehradun,920849,25-07-2028,Premium,9,338.62
6867315,Yash Lata,xchhabra@example.net,914000000000,"61/601, Sarma Marg
Haridwar-085930",Imphal,194966,26-07-2028,Premium,1,1766.24
54837637,Nathaniel Som,bvora@example.org,911000000000,"314
Cheema Circle
Jalgaon-152298",Ichalkaranji,478461,27-07-2028,Regular,9,1525.43
76257013,Lavanya Loyal,gkothari@example.net,914000000000,"H.No. 158
Gopal Circle, Cuttack 973082",Mango,643300,28-07-2028,New,16,1812.15
11478478,Vedika Dugal,sroy@example.org,912000000000,"H.No. 44, Tata Nagar, Guwahati 451820",Ahmednagar,955878,29-07-2028,Inactive,17,762.82
91347159,Turvi Parikh,wdua@example.org,914000000000,"215, Loyal Road
Patna-061006",Pallavaram,1281,30-07-2028,Premium,6,887.04
6982488,Vanya Sachdev,shivani04@example.com,913000000000,"01
Chaudhry Circle, Saharanpur 438058",Jalna,584733,31-07-2028,New,4,1819.01
38327793,Yug Brar,wallachandran@example.net,918000000000,"17
Kurian Ganj
Durgapur 843749",Nandyal,506488,01-08-2028,Inactive,12,1924.53
64722323,Harish Kant,tamannamody@example.com,915000000000,"43/894, Aggarwal Zila, Jammu-664304",Dibrugarh,61375,02-08-2028,New,7,1785.47
19523856,Aryan Sood,shettykashish@example.net,919000000000,"89/64
Mall Road, Kochi-401679",Thoothukudi,468885,03-08-2028,Premium,6,1084.14
8628482,Krishna Mani,joshioviya@example.com,920000000000,"26
Kadakia Nagar
Buxar-462583",Bhiwandi,419317,04-08-2028,New,9,1726.44
58979427,Kiaan Wason,chaudhrysuhani@example.com,914000000000,"83/13
Chawla Ganj
Ramgarh-215667",Jalna,771132,05-08-2028,Premium,3,1743.81
26716400,Yamini Dey,neelima32@example.com,917000000000,"95/118, Datta Circle
Farrukhabad-619262",Morena,89227,06-08-2028,Premium,19,1179.28
89998489,Logan Bhasin,chadaforum@example.org,917000000000,"771, Balakrishnan Street, Madhyamgram-423100",Rajkot,332156,07-08-2028,Premium,19,1297.04
15808945,Vrinda Khurana,wsekhon@example.com,918000000000,"H.No. 515, Balay Path
Amravati 503358",Gangtok,890545,08-08-2028,New,6,1255.9
60728956,Andrew Nigam,nitara58@example.net,913000000000,"29/168, Srinivas
Bijapur 827761",Khandwa,785737,09-08-2028,Premium,15,1764.25
25430839,Ria Nair,azad16@example.org,914000000000,"H.No. 004, Shankar Chowk, Panvel 311892",Vellore,853871,10-08-2028,New,15,885.48
80935110,Oscar Bir,kpant@example.net,918000000000,"47, Chanda Nagar
Bhagalpur 285289",Tumkur,983869,11-08-2028,Regular,16,1855.7
70965437,Ayush Lanka,tpradhan@example.com,915000000000,"H.No. 032
Khalsa
Darbhanga-726459",Alwar,361355,12-08-2028,Inactive,17,1220.76
53557741,Robert Shroff,ojas02@example.net,913000000000,"740, Banerjee Ganj
Mira-Bhayandar 913260",Hospet,407375,13-08-2028,Inactive,10,1753.39
12832151,Ekavir Bhalla,ksehgal@example.net,920000000000,"73/91, Loyal, Kochi 294184",Baranagar,509489,14-08-2028,Inactive,16,356.96
188838,Idika Basu,deepakhanna@example.com,915000000000,"67, Karan Chowk
Katihar 496332",Madanapalle,566155,15-08-2028,Inactive,12,799.11
56780331,Vinaya Atwal,niharikasuresh@example.net,919000000000,"770
Yohannan Path
Sultan Pur Majra-654003",Gaya,980372,16-08-2028,Premium,8,903.37
43574734,Falak Magar,daliajack@example.net,915000000000,"H.No. 28
Narayanan Street
Begusarai-921005",Rourkela,537609,17-08-2028,New,5,551.29
53392567,Darika Banerjee,chadhapallavi@example.net,911000000000,"88/17, Guha Zila, Avadi 258872",Aligarh,227395,18-08-2028,Regular,18,398.91
20310720,Samaksh Chaudhuri,cheriankrishna@example.net,919000000000,"80/68
Rai Chowk
Dehri-253784",Bhubaneswar,37268,19-08-2028,Regular,9,1677.91
59427862,Hemani Lall,libnikaur@example.net,915000000000,"H.No. 819, Chhabra Street
Tiruchirappalli-727090",Erode,149001,20-08-2028,Premium,1,1713.94
99695529,Charvi Tripathi,srivastavalipika@example.net,912000000000,"H.No. 603
Venkataraman Nagar, South Dumdum 271814",North Dumdum,159869,21-08-2028,New,12,1751.77
1134585,Bhavani Rau,uppalvrishti@example.com,914000000000,"61, Mitra Zila, Bhatpara-234618",Ghaziabad,553914,22-08-2028,Regular,8,1975.21
65488134,Faqid Kar,naveen31@example.net,919000000000,"64, Dave Path, Dehri 202368",Agra,187467,23-08-2028,New,12,853.49
96461062,Udarsh Lal,jhalak01@example.com,919000000000,"H.No. 475, Bail Ganj, Dehradun-784526",Hosur,683470,24-08-2028,Regular,14,1612.31
57637943,Kiaan Kala,krish70@example.org,917000000000,"H.No. 760, Deshmukh Path, Mau 347656",Amroha,693916,25-08-2028,Premium,13,1865.94
49371494,Zansi Banik,lohit10@example.net,917000000000,"H.No. 44
Khurana Nagar
Arrah 563930",Kanpur,542949,26-08-2028,Regular,18,701.13
75038062,Udarsh Bail,maharajhredhaan@example.com,916000000000,"86/06
Nigam Zila, Kumbakonam-777283",Avadi,554021,27-08-2028,New,19,1882.45
17299810,Hamsini Krish,balendrasanghvi@example.com,914000000000,"42/822
Mitra Nagar
Gorakhpur 509558",Kadapa,344807,28-08-2028,New,13,1874.42
82032191,Benjamin Bhatnagar,qarin38@example.org,912000000000,"499, Radhakrishnan Circle, Tiruvottiyur 199364",Satara,326010,29-08-2028,New,17,387.14
52417972,Nisha Chadha,rmishra@example.net,912000000000,"568
Keer Road
Raiganj-432407",Madhyamgram,51637,30-08-2028,New,1,581.78
9049965,Ishani Kalla,wakeetachaudhary@example.org,916000000000,"55
Wable Path, Sikar-177388",Raichur,224637,31-08-2028,New,3,1390.06
70420271,Ryan Ratta,amolkadakia@example.com,914000000000,"61/477
Ganesan Ganj
Bhilai 118543",Bhusawal,913157,01-09-2028,New,19,680.28
19536688,Parth Ramaswamy,thakurvasatika@example.org,917000000000,"H.No. 867, Kara Nagar, Ujjain-697076",Tiruppur,881065,02-09-2028,New,4,1346.03
72359843,Leena Kala,rrai@example.com,914000000000,"H.No. 610, Setty Ganj
Katni 609504",Kalyan-Dombivli,739018,03-09-2028,Premium,18,888.43
9981089,Ikbal Hari,madhav05@example.net,918000000000,"38, Sood Marg
Panchkula-584011",Proddatur,188765,04-09-2028,Premium,1,402.74
62510499,Pratyush Trivedi,nswaminathan@example.org,917000000000,"19/62
Raghavan Road, Khora  096529",Kozhikode,711088,05-09-2028,Premium,16,510.62
34835738,Vrinda Mutti,wableyashoda@example.net,911000000000,"H.No. 369, Dubey Path
Udupi-085926",Jalna,891610,06-09-2028,Premium,9,1210.36
9641623,Samarth Chander,bailfalguni@example.net,911000000000,"65/17, Balay Marg
Junagadh 746350",Kota,322889,07-09-2028,Premium,3,1515.02
60275891,Anmol Chandra,aaravgala@example.com,919000000000,"H.No. 35
Khalsa Zila
Nagaon 998677",Amaravati,419201,08-09-2028,Regular,16,1361.94
78750264,Krishna Choudhry,raksha27@example.com,920000000000,"H.No. 84
Nair Circle, Pali-386871",Ratlam,192232,09-09-2028,Inactive,7,1664.82
18986315,Adweta Wason,shaamol@example.net,911000000000,"999
Banerjee Chowk
Katni 720932",Bidhannagar,277814,10-09-2028,Premium,19,854.26
10945990,Frado Keer,chandrananita@example.net,918000000000,"H.No. 91
Chahal Street
Dibrugarh-080347",Burhanpur,193503,11-09-2028,New,5,1337.11
1601161,Chanchal Thakur,faras36@example.com,912000000000,"09/92
Oak Circle, Nandyal 041635",Amaravati,562508,12-09-2028,Inactive,1,589.31
6390687,Shivansh Dasgupta,watika26@example.net,912000000000,"08/37, Singh Zila
Aizawl-112143",Alwar,733851,13-09-2028,Regular,5,1340.79
63092485,Jeet Magar,hemanikalla@example.net,915000000000,"910, Kunda Chowk
Bathinda 253701",Alappuzha,231756,14-09-2028,Premium,11,1295.42
38244021,Samaksh Oza,sankaransara@example.net,917000000000,"72/71, Randhawa, Bhubaneswar 329836",Chapra,223908,15-09-2028,Inactive,13,1326.66
44859592,Dhriti Koshy,urmi61@example.net,915000000000,"361, Mittal
Gandhinagar-958628",Proddatur,826520,16-09-2028,New,19,1283.05
87984862,Qasim Kant,qbandi@example.net,913000000000,"28/090
Chahal Marg, Nanded 239589",Yamunanagar,447524,17-09-2028,Premium,14,1034.45
86067293,Udarsh Gour,neelima84@example.net,920000000000,"73/42
Roy Chowk, Kalyan-Dombivli-725854",Sambalpur,230889,18-09-2028,Inactive,4,873.53
41164215,Lucky Savant,lakshminaidu@example.org,919000000000,"H.No. 252
Patil Road, Malda 892708",Secunderabad,907316,19-09-2028,Premium,15,1304.24
46025543,Rachit Chatterjee,zayan61@example.org,918000000000,"83/709, Boase Ganj
Bhubaneswar 278803",Kottayam,928642,20-09-2028,Premium,16,1273.07
33481252,Ishaan Naidu,vedika57@example.net,917000000000,"86
Prabhakar Marg
Medininagar 968738",Noida,51896,21-09-2028,Premium,8,1438.75
68692574,Bachittar Wagle,lajita90@example.net,913000000000,"40, Brar Chowk
Kanpur 341441",Bharatpur,841899,22-09-2028,Inactive,13,1503.93
34839913,Gaurika Dayal,vyanjana32@example.net,918000000000,"10
Mander Nagar
Bhiwandi-083761",Belgaum,552859,23-09-2028,Regular,4,1706.89
88923048,Nandini Narula,michaelyogi@example.com,916000000000,"H.No. 600, Raghavan Marg
Phusro-731120",Agra,64983,24-09-2028,Premium,4,1202.89
21201299,Ladli Hegde,girikprashad@example.org,910000000000,"07/818
Bhat Ganj, Bhusawal 661115",Unnao,383439,25-09-2028,New,19,1488.68
34281470,Yash Johal,deygautam@example.com,910000000000,"H.No. 14, Sunder Road, Silchar-024619",Kharagpur,963652,26-09-2028,Premium,11,1787.82
72576730,Girik Kala,sarthak86@example.net,915000000000,"61/029, Dara Street
Jaunpur-721683",Chennai,734650,27-09-2028,Regular,5,1971.67
90856813,Neha Ramaswamy,pkeer@example.org,915000000000,"05/72
Karnik, Bharatpur-728872",Dhanbad,498623,28-09-2028,Regular,13,1624.06
81500385,Upma Gokhale,sara91@example.net,920000000000,"95/44
Parmer Road
Naihati-539992",Ludhiana,51633,29-09-2028,New,12,772.64
22974816,Ekantika Muni,naikyatin@example.org,913000000000,"H.No. 61, Banerjee Road, Kishanganj 372960",Bhusawal,182024,30-09-2028,Premium,1,865.72
20496835,Chandresh Panchal,qpanchal@example.com,911000000000,"727, Nanda Street
Karnal-038968",Alwar,476814,01-10-2028,New,17,1240.91
38549299,Ati De,thakkarpushti@example.net,916000000000,"19/65
Balakrishnan Nagar
Phagwara 309259",Asansol,880031,02-10-2028,Regular,4,234.63
78014505,Kashish Chakraborty,pkala@example.com,913000000000,"570, Dar Zila, Davanagere 616549",Kottayam,798846,03-10-2028,New,1,696.29
64940409,Yoshita Divan,deshmukhaahana@example.com,920000000000,"H.No. 25
Mammen Street
Jammu 514994",Gurgaon,546100,04-10-2028,Inactive,9,882.89
30042971,Garima Morar,ubikaoak@example.com,915000000000,"H.No. 786
Sarin Marg, Sasaram 292673",Rewa,416519,05-10-2028,Regular,8,863.9
74682740,Aarush Badami,vradhakrishnan@example.org,911000000000,"296, Mann Path, Howrah-899866",Rewa,875966,06-10-2028,Regular,10,1507.28
84824280,Kamya Narayan,bhavyabakshi@example.com,910000000000,"92/87, Golla Road, Bihar Sharif 337412",Ongole,989821,07-10-2028,Inactive,17,1752.91
85907588,Avni Rai,ybarad@example.org,914000000000,"H.No. 415
Dalal Circle
Sikar-264681",Rampur,639737,08-10-2028,Inactive,5,505.34
6637282,Damini Lad,chandanikhatri@example.org,919000000000,"407
Bose Nagar
Bhavnagar-274966",North Dumdum,140071,09-10-2028,Inactive,15,1495.87
21432404,Darika Sharaf,mpalla@example.net,919000000000,"981
Char, Morena 849491",Kalyan-Dombivli,144309,10-10-2028,Inactive,17,1482.59
87954926,Yachana Mahal,raghavansanaya@example.com,919000000000,"06/807
Roy Marg
Srikakulam-259605",Ambala,181111,11-10-2028,Premium,12,1245.07
29941225,Oviya Bhandari,luke76@example.net,912000000000,"25, Bava Circle, Rajahmundry-530281",Chapra,556077,12-10-2028,Premium,3,689.11
68906393,Zilmil Ranganathan,mahalabha@example.net,917000000000,"76/579
Doctor, Maheshtala 065837",Jalgaon,278297,13-10-2028,Regular,13,1094.35
94486311,Ladli Mani,chatterjeeimaran@example.com,918000000000,"814
Char Marg
Firozabad 508210",Chittoor,320760,14-10-2028,New,16,1812.66
28221067,Ekansh Tandon,isen@example.org,911000000000,"534, Dugar Zila, Muzaffarpur 425279",Agra,119724,15-10-2028,Regular,6,998.95
3872421,Ladli Saran,virkfalak@example.com,920000000000,"H.No. 56
Date Circle
Uluberia-147880",Panvel,973220,16-10-2028,Premium,3,1468.98
77921718,Raghav Bassi,wsood@example.org,910000000000,"H.No. 23, Borde Chowk, Bareilly 164276",Thrissur,368568,17-10-2028,Premium,3,1952.17
6187807,Jairaj Tata,paivritti@example.net,914000000000,"H.No. 361, Sunder Chowk
Jalgaon 205509",Dindigul,921070,18-10-2028,New,10,1962.92
96795047,Osha Desai,rachitabehl@example.org,915000000000,"H.No. 940, Goda Chowk, Morena 883030",Chittoor,679019,19-10-2028,New,15,1834.19
44198187,Charvi Lanka,vrishti63@example.com,917000000000,"H.No. 62
Ahluwalia, Salem 308338",North Dumdum,234734,20-10-2028,Regular,13,464.33
94730288,Idika Bath,yuglall@example.net,915000000000,"886, Suresh Nagar
Vadodara 913194",Rampur,721290,21-10-2028,Regular,17,1560.64
49769532,Yashawini Barman,gbath@example.net,912000000000,"62, Lal Circle, Berhampore-806602",Ramagundam,677659,22-10-2028,Premium,20,1923.39
93730857,Pratyush Goyal,gabrielghosh@example.net,915000000000,"93/581
Jayaraman Marg, Kalyan-Dombivli 367935",Singrauli,840019,23-10-2028,Premium,6,1446.09
51556553,Hitesh Bakshi,sunderkrish@example.org,911000000000,"11/88, Iyengar Nagar, Fatehpur-638408",Noida,187126,24-10-2028,Premium,6,1765.93
22253483,Chandresh Hora,geetikadave@example.net,911000000000,"H.No. 25, Soman Ganj
Faridabad-519455",Haridwar,115807,25-10-2028,Inactive,15,1561.12
4438410,Siya Mittal,kdara@example.net,918000000000,"09/37
Gulati Chowk, Kanpur 441894",Panipat,368597,26-10-2028,Inactive,11,1868.71
44410149,Dhruv Patel,brarmitesh@example.net,911000000000,"H.No. 20
Raval Nagar, Saharsa-744305",Pondicherry,600152,27-10-2028,New,14,1440.46
3282647,Warda Pal,csinha@example.net,912000000000,"39/439, Natt
Lucknow 617952",Unnao,736234,28-10-2028,Premium,18,608.27
69340015,Aryan Ravel,garasara@example.com,919000000000,"H.No. 554
Dass Road
Phagwara 104165",Tenali,314322,29-10-2028,Premium,16,1168.22
29600229,Tamanna Borde,hyadav@example.net,912000000000,"24/53, Sachdev Road
Visakhapatnam-358363",Gulbarga,402619,30-10-2028,Inactive,18,1491.65
89886179,Ladli Shah,tarakbahri@example.net,918000000000,"402
Dhar Marg
Howrah-469239",Kharagpur,816353,31-10-2028,Inactive,4,1298.64
12077371,Gautami Maharaj,david51@example.org,915000000000,"H.No. 309, Randhawa Ganj
Gopalpur 409152",Sambalpur,368657,01-11-2028,Premium,20,353.22
84216691,Ayaan Sanghvi,amrita48@example.net,919000000000,"H.No. 83, Kohli Path
Shahjahanpur-148417",Saharanpur,630561,02-11-2028,Inactive,13,1220.9
90666073,Pratyush Dhar,qadimtak@example.org,911000000000,"H.No. 98
Gera Street
Hajipur 667487",Farrukhabad,286455,03-11-2028,Inactive,20,1969.45
21577948,Madhav Johal,venkateshchatura@example.org,911000000000,"23/934, Tata Chowk
Tiruvottiyur-121149",Ahmednagar,767957,04-11-2028,New,17,225.6
32635818,Panini Natt,amara35@example.org,919000000000,"59/87
Soni Nagar, Thrissur 291065",Loni,270937,05-11-2028,Regular,12,603
98444183,Radha D’Alia,gbansal@example.net,911000000000,"399, Anne Ganj
Bidar-098867",Tenali,503518,06-11-2028,Regular,11,389.36
43047341,Unnati Wali,tmand@example.net,913000000000,"20
Pau Road, Giridih 499930",Jaunpur,277120,07-11-2028,Regular,18,1086.42
52617081,Max Mander,nitesh99@example.net,919000000000,"098, Chana Nagar, Solapur-107630",Raurkela Industrial Township,785466,08-11-2028,Inactive,10,996.94
60371334,Shaurya Kuruvilla,anvisharma@example.net,919000000000,"35/590
Balan Marg
Sikar 101616",Purnia,250315,09-11-2028,Inactive,15,355.81
34425723,Vasatika Saini,prisha41@example.net,918000000000,"678
Chakrabarti Nagar, Singrauli 814024",Saharanpur,247144,10-11-2028,Regular,14,873.22
64298209,Girindra Sangha,balayvasana@example.org,918000000000,"81/76, Dutt Ganj
Kulti-598135",Jodhpur,426661,11-11-2028,Regular,10,311.25
85518832,Alexander Sem,michaelsami@example.net,917000000000,"H.No. 340
Shere Path, Sagar 956141",Tezpur,740506,12-11-2028,Premium,19,205.79
42432226,Gaurang Mitra,smuni@example.net,918000000000,"20
Mitra Street
Tumkur 174250",Gandhinagar,337198,13-11-2028,Premium,5,608.34
50953418,Samaksh Kannan,ssrinivasan@example.net,912000000000,"49, Sagar Ganj, Korba 860322",Rajpur Sonarpur,309093,14-11-2028,Regular,11,404.6
52428250,Thomas Rai,ansh09@example.com,917000000000,"H.No. 86
Sule Nagar, Rajahmundry-935422",Bulandshahr,841456,15-11-2028,New,4,1925.08
60210778,Upasna Bhasin,chandran47@example.org,918000000000,"03/393, Devan Marg
Bhiwani 325747",Motihari,841574,16-11-2028,Regular,4,938.8
92209869,Bishakha Shah,rhora@example.net,914000000000,"32/119, Goyal, Dharmavaram-413935",Jhansi,680194,17-11-2028,Regular,19,483.76
46828932,Balveer De,nachiketdewan@example.net,918000000000,"H.No. 71
Loyal Marg
Nandyal-033113",Eluru,878564,18-11-2028,Premium,4,391.22
83304462,Diya Loyal,cheriannaksh@example.com,918000000000,"89/04
Upadhyay Ganj
Ghaziabad 810468",Jamnagar,121929,19-11-2028,Premium,8,723.86
46875863,Charita Anne,rajeshri43@example.net,911000000000,"H.No. 595
Prasad Zila, Purnia 798149",Bidar,158018,20-11-2028,Regular,8,1118.55
36774480,Ria Jha,alkaseth@example.com,919000000000,"H.No. 278, Ghosh Chowk, Berhampur 028827",Gandhidham,492281,21-11-2028,Regular,6,1470.93
18896771,Tejas Wable,edhitha15@example.org,910000000000,"37/659
Brahmbhatt, Darbhanga-901609",Ramagundam,350815,22-11-2028,Inactive,12,1906.46
89669139,Bishakha Natarajan,egoyal@example.com,914000000000,"62/08, Balay Circle, Moradabad-185194",Tiruppur,775702,23-11-2028,Premium,6,1999.64
81337068,Ira Kapur,benjamintara@example.org,914000000000,"H.No. 470
Gopal Path, Tadipatri-853677",Thiruvananthapuram,958921,24-11-2028,Regular,10,1509.04
75082508,Omaja Bajwa,chanchaltara@example.org,915000000000,"75/418, Sekhon Street
Bhavnagar 719002",Navi Mumbai,757007,25-11-2028,Premium,10,961.81
84847500,Teerth Mohanty,wbrar@example.org,918000000000,"09
Mitter Nagar, Mysore-578477",Bally,856982,26-11-2028,Inactive,9,1832.51
79942821,Tristan Pillay,vvora@example.org,919000000000,"H.No. 986, Gill Zila, Allahabad-481099",Madhyamgram,776819,27-11-2028,Premium,19,1652.35
62679120,Ekansh Padmanabhan,jalsa70@example.org,912000000000,"47/469
Mahal Road, Panchkula-969391",Siwan,229431,28-11-2028,Regular,14,1964.18
54850870,Jatin Magar,ganesanshaurya@example.com,919000000000,"383, Parikh Road
Belgaum-311274",Panipat,645655,29-11-2028,New,6,894.79
50105174,Tanveer Baria,nvora@example.com,910000000000,"23/41
Kala Circle, Gorakhpur-396088",Malda,426543,30-11-2028,Premium,11,1889.81
45700739,Luke Dar,madhavi20@example.net,914000000000,"54
Korpal Road
Jorhat 779102",Visakhapatnam,717476,01-12-2028,Inactive,17,509.95
25081012,Mohammed Oak,bhavanikara@example.net,912000000000,"18/45
Parikh Zila, Davanagere 786763",Baranagar,218441,02-12-2028,New,1,963.43
57566548,Oliver Tella,vasudhasawhney@example.com,911000000000,"50/831
Mall Zila, Rohtak-640640",Arrah,898935,03-12-2028,Regular,14,1058.02
49449238,Omaja Mukhopadhyay,onarayan@example.com,916000000000,"96/115
Kadakia Path
Gorakhpur 379524",Dindigul,120070,04-12-2028,Inactive,4,1878.39
31156674,Aarav Jaggi,golalila@example.net,917000000000,"04/919
Vaidya Zila, Bettiah-369312",Jamnagar,457035,05-12-2028,Inactive,3,1552.42
50088518,Osha Lata,divyasangha@example.com,910000000000,"76/517, Bahri Ganj
Gorakhpur-258199",Dewas,225890,06-12-2028,Regular,14,509.41
75836905,Ganga Gill,dixitgabriel@example.org,917000000000,"32/531
Chahal, Muzaffarnagar-938055",Ongole,444579,07-12-2028,Inactive,4,817.25
86487478,Ojas Gour,qarin92@example.net,914000000000,"H.No. 626, Gopal Ganj
Jaipur-952980",Machilipatnam,955200,08-12-2028,Premium,20,1241.57
93370787,Oni Sahota,mallmichael@example.org,911000000000,"18, Chokshi Zila
Panvel-924958",Jehanabad,701319,09-12-2028,New,10,1810.06
16400639,Anvi Dutta,btailor@example.com,913000000000,"666
Sengupta Road
Arrah 509524",Pallavaram,759756,10-12-2028,Premium,5,680.48
87943214,Samar Basak,kalabaljiwan@example.net,918000000000,"969, Ratta Street
Gandhinagar 706186",Tiruvottiyur,167479,11-12-2028,Inactive,10,476.03
21409946,Ayushman Agrawal,vohraurishilla@example.com,920000000000,"03/23
Loyal Circle, Guna-092311",Bhilwara,472226,12-12-2028,Inactive,2,1428.68
56604077,Yutika Pandit,shivanshdesai@example.com,913000000000,"426, Vora Ganj
Bettiah 007488",Ghaziabad,596688,13-12-2028,Regular,14,474.26
88571088,Keya Krishnan,raghavannisha@example.net,917000000000,"H.No. 765
Saini Path, Bongaigaon 744231",Bulandshahr,578313,14-12-2028,Inactive,10,1000.27
54099929,Devika Hans,randhawadamini@example.net,912000000000,"61/42
Chad Road, Shimoga-427336",Karnal,132415,15-12-2028,New,7,1712.59
68714053,Max Boase,tbutala@example.net,919000000000,"73/037
Babu Nagar
Kolkata 428987",Nanded,861394,16-12-2028,New,18,1474.77
5751638,Xiti Wagle,darshmunshi@example.net,917000000000,"H.No. 571
Borah Marg
Sri Ganganagar-467229",Aligarh,589333,17-12-2028,New,14,1230.38
43431724,Jack Kalita,calebdewan@example.com,913000000000,"41/500, Sachdev Marg, Jhansi-452338",Rohtak,217110,18-12-2028,New,2,813
81136091,Yuvraj Chander,ichadha@example.net,919000000000,"H.No. 54
Vaidya Road, Bijapur-157933",Nanded,578739,19-12-2028,Regular,15,1205.96
38671747,Falan Acharya,varenya53@example.com,920000000000,"H.No. 49, Chahal Road
Medininagar 760903",Rajahmundry,758751,20-12-2028,New,16,1681.18
23095784,Alka Mitra,mallshivani@example.net,912000000000,"H.No. 701
Mand Zila, Kottayam 983857",Bathinda,360468,21-12-2028,Premium,3,1470.2
91291123,Qarin Sama,fzacharia@example.org,911000000000,"H.No. 89
Mukhopadhyay
Latur-280918",Etawah,598689,22-12-2028,New,15,1952.01
10729474,Gautami Pingle,oliverraman@example.org,915000000000,"40/162
Lall Chowk, Rourkela 080616",Howrah,14994,23-12-2028,New,16,417.3
96373206,Garima Magar,geramitesh@example.com,918000000000,"49, Bhattacharyya Chowk
Deoghar-719753",Indore,996221,24-12-2028,Regular,9,1235.13
93198324,Bhavya Dutta,kdugar@example.org,919000000000,"25/800, Chanda Road, Jamshedpur-861401",Thane,196294,25-12-2028,Inactive,11,1742.23
95590889,Janani Purohit,atharvgaba@example.net,910000000000,"091, Ahuja Circle
Mysore-186449",Kharagpur,916972,26-12-2028,Inactive,7,582.01
85177880,Aryan Sridhar,munipeter@example.com,915000000000,"44/148, Natt Chowk
Ahmedabad-669972",Bardhaman,285240,27-12-2028,Regular,9,1823.25
10524732,Bhavna Ramesh,esingh@example.org,916000000000,"39/475
Sathe Road
Bhopal-622648",Rajahmundry,134704,28-12-2028,Regular,18,1830.92
22931642,Lajita Ghosh,fmukhopadhyay@example.net,920000000000,"H.No. 739
Dash Zila
Anantapur-112542",Ambala,346553,29-12-2028,New,18,649.19
5901440,Faris Chopra,waida01@example.org,918000000000,"H.No. 50
Rastogi Path
Mehsana-686891",Sambhal,719965,30-12-2028,Premium,8,761.17
6617417,Pavani Talwar,elijah70@example.net,914000000000,"H.No. 940
Seshadri Nagar
Rajahmundry 066841",New Delhi,279112,31-12-2028,Inactive,20,1785.99
92306841,Dakshesh Kalita,balhaarbath@example.com,914000000000,"141
Rajan Zila, Satara 705516",Rampur,778285,01-01-2029,New,10,1915.85
89361574,Nakul Goyal,matwal@example.net,914000000000,"51, Oommen Chowk
Jhansi 409585",Deoghar,925948,02-01-2029,Regular,14,315.31
93723634,Aditya Swamy,gaurangarya@example.org,915000000000,"H.No. 83
Pall Zila
Madurai 850619",Berhampur,952930,03-01-2029,Premium,4,1992.05
75490147,Parth Chad,georgebala@example.org,911000000000,"34/86
Sen Nagar, Farrukhabad 009970",Vadodara,404379,04-01-2029,Inactive,2,497.56
45650429,Zehaan Soni,kantchasmum@example.net,912000000000,"19/75, Singh Path, Vasai-Virar-464997",Ramgarh,306054,05-01-2029,Premium,12,421.21
59323931,Ridhi Yadav,speri@example.net,919000000000,"29/674
Chada Chowk, Allahabad-561456",Bijapur,703311,06-01-2029,Inactive,14,1239.32
77397957,Sachi Dubey,vbarman@example.com,914000000000,"H.No. 74, Devan
Danapur 072213",Coimbatore,754911,07-01-2029,New,14,1913.71
23976957,Ryan Sawhney,advikram@example.com,918000000000,"225
Dara Marg
Gudivada-433963",Visakhapatnam,928742,08-01-2029,New,6,755.84
70543108,Baljiwan Sampath,edwinkamala@example.com,919000000000,"H.No. 26
Om Circle, Bhatpara-176703",Rajahmundry,573783,09-01-2029,Regular,6,1354.97
20689141,Maya Yohannan,yatandhawan@example.net,915000000000,"60, Chaudry Circle, Surat 576801",Korba,687107,10-01-2029,Premium,19,995.55
72797139,Ucchal Kapoor,kantcaleb@example.net,914000000000,"366, Lall Path
Ambarnath-422467",Dhule,722930,11-01-2029,Regular,5,492
75467328,Warhi Ravel,priyakar@example.com,910000000000,"12/239
Keer Chowk
Nagercoil-980113",Siliguri,966869,12-01-2029,Inactive,14,691.64
69276352,Jason Goel,rachit92@example.net,915000000000,"471
Datta Marg
Delhi-184705",Mysore,458924,13-01-2029,Inactive,2,1425.64
39876773,Hardik Sethi,atwaldominic@example.org,913000000000,"214
Chaudhry
Vasai-Virar 260049",Mirzapur,336281,14-01-2029,Premium,17,879.54
36998375,Yatin Mammen,william17@example.net,913000000000,"54/801, Iyengar Path
Proddatur-802798",Tirupati,153951,15-01-2029,Inactive,11,1231.91
97185284,Jeevika Nayar,pallavidhi@example.com,911000000000,"03/06, Jha Chowk, Siliguri-754493",Haldia,888357,16-01-2029,Regular,2,1599.26
23126356,Oliver Kaur,fmurty@example.org,910000000000,"34/473, Gaba Circle
Raiganj 302856",Bhopal,28548,17-01-2029,Inactive,7,1580.04
93803038,Adweta Tara,chowdhuryyashasvi@example.org,917000000000,"H.No. 047, Salvi Circle, Katihar-502152",Dhule,929834,18-01-2029,Premium,11,1018.05
1697604,Arjun Deep,vedant34@example.net,915000000000,"H.No. 285
Gokhale Ganj, Chennai 327475",Bongaigaon,743452,19-01-2029,Regular,6,1970.15
53332493,Anirudh Bose,kamya09@example.org,912000000000,"13
Rege Zila
Gulbarga-345640",Surendranagar Dudhrej,54821,20-01-2029,New,19,1678.4
35812567,Xalak Sood,khuranaurmi@example.com,912000000000,"H.No. 444
Varma Marg
Hazaribagh-735198",Bikaner,668122,21-01-2029,Regular,6,1313.89
74172010,Urvi Rajagopalan,singhallohit@example.net,914000000000,"31/99
Banerjee Nagar
Ballia 120751",Tadipatri,216145,22-01-2029,Inactive,3,1963.77
89157395,Tanmayi Saraf,doctorpraneel@example.com,913000000000,"H.No. 63
Badami, Deoghar-639198",Fatehpur,783489,23-01-2029,Premium,6,1782.61
79991320,Ojas Bawa,tnagi@example.net,911000000000,"498, Dhar
Buxar 995095",Kumbakonam,316134,24-01-2029,New,5,537.94
15568831,David Swamy,shroffpranav@example.com,914000000000,"H.No. 00
Parmar Circle
Madanapalle 797272",Jammu,598277,25-01-2029,Premium,7,813.3
46563355,Zehaan Srinivasan,sathvikmane@example.net,910000000000,"H.No. 494, Thakkar Chowk, Kalyan-Dombivli-939080",Ajmer,295136,26-01-2029,Premium,19,463.08
9278983,Madhav Guha,wahab65@example.org,916000000000,"945
Basak Chowk, Guwahati 644383",Bathinda,566507,27-01-2029,Inactive,17,1418.32
70168151,Akshay Dubey,toorharinakshi@example.net,913000000000,"62/907
Jaggi Nagar, Ahmedabad 688756",Jamalpur,336495,28-01-2029,Regular,8,493.64
96149069,Omisha Pall,jhabhavya@example.com,910000000000,"H.No. 89, Date Ganj, Ambala 994646",Ozhukarai,900241,29-01-2029,Regular,19,346.93
22822088,Baghyawati Wadhwa,atwalabhiram@example.com,910000000000,"54/01, Tandon Ganj, Kottayam-106529",Amravati,748122,30-01-2029,New,11,293.88
1449273,Forum Deol,pgarg@example.org,918000000000,"79
Chowdhury
Mathura-017308",Pondicherry,562307,31-01-2029,New,12,1758.24
97388817,Yahvi Bala,vkant@example.org,911000000000,"075, Pau Path, Kolkata-515895",Bathinda,522694,01-02-2029,Regular,1,1161.94
18567760,Ethan Natarajan,semnakul@example.net,918000000000,"H.No. 63
Viswanathan Circle, Medininagar 960193",Fatehpur,321200,02-02-2029,Regular,13,1933.7
12695670,Anya Borde,qahuja@example.net,915000000000,"H.No. 392, Karpe Marg, Ahmedabad-346669",Jaipur,7202,03-02-2029,Premium,10,910.12
33871107,Aarav Rout,vermachaaya@example.com,918000000000,"75
Bhandari Chowk
North Dumdum 088637",Thiruvananthapuram,837790,04-02-2029,Inactive,8,513.07
49869358,Varenya Nigam,ekiya67@example.com,913000000000,"H.No. 15
Lad Nagar
Vadodara 873657",Dharmavaram,13634,05-02-2029,Regular,16,1002.95
96806748,Qabil Nath,kritikaganesh@example.net,911000000000,"45/791, Palan Path
Rajkot 384578",Bareilly,752668,06-02-2029,New,14,1482.08
82948843,Nathan Seth,hamsinipanchal@example.com,912000000000,"08/008, Konda, Jalna-179579",Phusro,672485,07-02-2029,Regular,13,1629.2
79866758,Chavvi Dhar,fbakshi@example.net,912000000000,"H.No. 35, Rout Chowk, Bhiwani-310539",Malda,912239,08-02-2029,Inactive,14,598.03
9335625,Falguni Sangha,sudiksha34@example.org,913000000000,"354
Raval Circle
Purnia 372237",Coimbatore,194689,09-02-2029,Premium,14,1605.95
28876580,Udant Doshi,pradhanzayyan@example.org,915000000000,"H.No. 62, Singh Nagar, Srikakulam 903827",North Dumdum,638995,10-02-2029,Inactive,15,476.34
91768226,Vansha Walia,bhavikagour@example.net,918000000000,"792, Murty Chowk, Danapur-524967",Bardhaman,706055,11-02-2029,Regular,11,203.02
56457995,Turvi Venkataraman,anya55@example.com,912000000000,"16/55, Anne Path, Kurnool-471739",Amroha,306136,12-02-2029,Inactive,6,1002.88
23844919,Jagvi Bhatt,hmannan@example.org,917000000000,"87, Kohli Road, Ichalkaranji-462134",Bhagalpur,632415,13-02-2029,Regular,9,1890.71
81088747,Peter Wagle,bhattshravya@example.net,915000000000,"623, Dave Chowk
Bettiah 729338",Ujjain,941766,14-02-2029,Regular,3,1238.99
85854265,Vasatika Naidu,amerchant@example.net,912000000000,"94/55
Pradhan Path, Nashik 460184",Vijayanagaram,772253,15-02-2029,Premium,9,1492.09
73363613,Aradhana Bala,bumbanjali@example.net,917000000000,"613
Kumar Street
Mau 644080",Gopalpur,173439,16-02-2029,Premium,3,400
64141971,Madhavi Jaggi,eswamy@example.org,911000000000,"H.No. 70
Sura Path
Machilipatnam-082428",Anantapur,554679,17-02-2029,Premium,11,361.98
70867736,Madhavi Nagarajan,harijeremiah@example.com,914000000000,"43/105
Mitter Ganj, Jamnagar-690461",Ambattur,596147,18-02-2029,Premium,17,574.18
52678787,Zashil Salvi,amruta16@example.org,917000000000,"464
Arora Street
Kolhapur-442137",Ghaziabad,187842,19-02-2029,New,9,1444.39
27586115,Maanas Batra,aarinisoni@example.com,919000000000,"24/98
Mukherjee Marg
Karnal-610976",Jamnagar,145067,20-02-2029,Inactive,1,1908.19
92404798,Gautami Dayal,bosearyan@example.net,917000000000,"H.No. 098, Dayal Zila, Salem-908014",Jorhat,222676,21-02-2029,New,15,1130.02
55170753,Praneel Nagy,gchauhan@example.net,910000000000,"H.No. 660
Krishna Path, Mango-105239",Miryalaguda,951611,22-02-2029,Inactive,19,1414.63
19182548,Laban Kulkarni,balhaarsastry@example.net,915000000000,"19/71, Narang Zila, Bhiwani 422655",Bijapur,783411,23-02-2029,Regular,16,636.15
67701771,Gaurav Sodhi,nsibal@example.net,911000000000,"63/74, Sarkar Road, Jhansi-992671",Mathura,928001,24-02-2029,Premium,9,550.5
75828735,Yahvi Hegde,ctripathi@example.net,913000000000,"57/89
Mohanty Chowk
Sri Ganganagar-144843",Ramagundam,717189,25-02-2029,New,18,1400.05
2219590,Upadhriti Sandhu,comarmugdha@example.org,912000000000,"H.No. 054
Kala Chowk, Jamalpur-734290",Solapur,116736,26-02-2029,Regular,20,756.84
64497538,Libni Chadha,vyaswaida@example.net,915000000000,"755, Gulati, Mysore 740771",Bongaigaon,753834,27-02-2029,Premium,13,1338.69
48033969,Kavya Kunda,ramalaksh@example.net,914000000000,"31/10
Vohra
Panipat 844869",Baranagar,320524,28-02-2029,Premium,1,717.51
67708491,Dalbir Kata,triyaswamy@example.com,917000000000,"092, Chowdhury Path, Srinagar-492392",Patiala,872616,01-03-2029,Inactive,10,586.96
80858127,Rachana Chaudhry,ybal@example.com,912000000000,"H.No. 272
Tella Circle
Alappuzha-788083",Raichur,114778,02-03-2029,Premium,10,1703.39
28280172,Gaurang Dutta,johalekbal@example.org,917000000000,"H.No. 92
Chhabra Nagar
Bhopal 631149",Amravati,711598,03-03-2029,Premium,14,968.95
6398761,Kabir Kala,pallafaris@example.com,918000000000,"H.No. 80
Konda Nagar
Eluru 082402",Naihati,350456,04-03-2029,Inactive,2,1701.15
69749541,Ayush Amble,vedika87@example.net,916000000000,"81/682, Soman Chowk
Adoni 115028",Satara,316215,05-03-2029,Premium,1,1412.58
57474553,Damini Sule,ukrishnan@example.net,915000000000,"H.No. 36, Sani, Tadepalligudem 412609",Moradabad,441368,06-03-2029,Regular,1,300.82
37551429,Diya Chand,tbaria@example.net,916000000000,"15, Sethi Zila, Noida-862506",Khandwa,773280,07-03-2029,Regular,6,1136.03
949062,Jackson Karpe,sembhavika@example.net,910000000000,"H.No. 81, Mital Ganj
Mangalore 130050",Mau,106228,08-03-2029,Inactive,19,1947.14
74174956,Hemani D’Alia,kashvisharaf@example.org,919000000000,"H.No. 146, Reddy Road
Eluru-595756",Latur,254231,09-03-2029,Regular,20,1583.4
55007963,Darika Borah,dominic54@example.com,916000000000,"87/449
Kothari, Haridwar 669084",Chennai,52382,10-03-2029,New,10,1809.98
64017365,Vasatika Banerjee,warjaschanda@example.net,917000000000,"71, Issac Marg, Malda-139706",Delhi,130657,11-03-2029,Premium,2,1767.76
26199489,Aarna Gola,hemang36@example.org,916000000000,"28/92
Banerjee Zila
Singrauli-249881",Serampore,555849,12-03-2029,Inactive,11,479.65
7288562,Triya Singhal,arjun79@example.org,914000000000,"505, Mangal Ganj, Faridabad 766686",Dewas,868197,13-03-2029,New,19,1982.78
78394303,Alexander Kata,krishnaupkaar@example.com,914000000000,"H.No. 237
Prabhakar Marg
Belgaum-107073",Bilaspur,740219,14-03-2029,Inactive,1,1590.54
43518622,Pooja Gole,yutika87@example.com,915000000000,"93/53, Batra Marg, Pudukkottai 797906",Jaunpur,694453,15-03-2029,Regular,5,512.48
60967677,Chatura Sandhu,alexander15@example.org,918000000000,"65/92, Chand Chowk, Ambarnath 994843",Agartala,938373,16-03-2029,Premium,11,398.48
35144658,Tristan Gulati,bakshielijah@example.com,916000000000,"45/00, Sabharwal Zila, Dhule-908832",Bilaspur,256023,17-03-2029,Premium,8,433.11
37054866,Avi Sodhi,guhawarjas@example.net,919000000000,"89
Tak Marg, Mangalore 446678",Guntur,224009,18-03-2029,Regular,2,1503.54
3100301,Wazir Saini,ishani86@example.com,915000000000,"770, Oommen
Orai-371934",Bathinda,892652,19-03-2029,New,1,1530.27
62194279,Lavanya Rastogi,krishnannetra@example.com,913000000000,"28/38
Raja Road, Bhilwara-071347",Mysore,676770,20-03-2029,Premium,3,1561.41
43599910,Oviya Swaminathan,nazarethnaksh@example.com,913000000000,"H.No. 638, Sastry Circle, Jodhpur-063579",Sambhal,529673,21-03-2029,Premium,8,939.36
36222767,Alka Behl,revakrishna@example.net,918000000000,"H.No. 34
Rau Circle, Indore-735262",Mango,124336,22-03-2029,Inactive,7,478.18
91320466,Laban Raju,ryandyal@example.net,912000000000,"820
Palla
Yamunanagar-519750",Yamunanagar,776068,23-03-2029,Premium,8,478.45
30468930,Nirja Manda,chavvisavant@example.com,912000000000,"H.No. 723
Shankar Marg, Bhiwani-677157",Gandhinagar,478625,24-03-2029,Regular,6,1449.81
45503888,Brinda Natarajan,udeol@example.org,913000000000,"87/41
Bajwa Ganj
Anand 459332",Raurkela Industrial Township,813444,25-03-2029,Premium,5,669.46
85340038,Faris Oza,goswamialexander@example.com,912000000000,"82, Garg Zila, Noida-112388",Noida,355666,26-03-2029,Premium,10,1430.56
13796199,Pallavi Mutti,gangulylogan@example.com,918000000000,"H.No. 89
Manne Ganj, Unnao-048441",Deoghar,8504,27-03-2029,Regular,20,1016.92
10769994,Tripti Tandon,aradhana79@example.org,918000000000,"352
Agrawal Road, Siwan 961199",Begusarai,766033,28-03-2029,Regular,10,1122.23
65406127,Anita Ganguly,yutika10@example.org,911000000000,"H.No. 749
Pillai Chowk, Nanded-873039",Nangloi Jat,460669,29-03-2029,Premium,20,1391.48
8383197,Nikita Ravi,wriddhishgoda@example.net,912000000000,"34, Deol Nagar, Mirzapur-271064",Tiruppur,621192,30-03-2029,New,16,1440.12
8384106,Urishilla Upadhyay,enagi@example.net,910000000000,"H.No. 051, Mann
Tadipatri-912584",Hubli–Dharwad,42350,31-03-2029,Premium,8,1853.96
27698051,Mitesh Savant,indalimane@example.net,915000000000,"H.No. 391
Batra Street
Nangloi Jat 215269",Gandhinagar,229507,01-04-2029,Premium,19,978.81
56352626,Liam Palan,shravya32@example.org,914000000000,"28/021
Goyal Street, Haridwar 710996",Nagercoil,219851,02-04-2029,Regular,10,1574.59
41194825,Mekhala Shah,patlaanjali@example.com,919000000000,"H.No. 641
Sarma Road, Raipur 677944",Singrauli,711877,03-04-2029,Regular,19,1678.77
62526567,Chaman Karan,azaankunda@example.net,917000000000,"H.No. 958, Sethi Circle
Hosur 449981",Chittoor,521820,04-04-2029,Premium,15,1976.82
67277562,Arunima Borde,nkurian@example.org,910000000000,"37, Sant Circle
Bhiwandi-247759",Ghaziabad,721656,05-04-2029,Inactive,10,1951.59
48228547,Anika Baria,triyasinha@example.org,919000000000,"H.No. 509, Rajan Road
Bijapur 011279",Katihar,248566,06-04-2029,Inactive,9,753.89
36578947,Ekansh Madan,gdeep@example.org,914000000000,"70/297
Krishnan Path
Dindigul 513144",Ranchi,68770,07-04-2029,New,18,1698.54
21701991,Wazir Hari,ydevan@example.net,915000000000,"H.No. 09, Gill Circle, Kota-464715",Allahabad,296322,08-04-2029,New,5,1114.5
20469626,Tanish Ghose,barkhasawhney@example.net,915000000000,"01
Palla, Ahmedabad 612378",Guntakal,304902,09-04-2029,Regular,9,1250.28
20314691,Raksha Bhattacharyya,indrajitvarkey@example.net,914000000000,"H.No. 12
Contractor Nagar
Tenali 901526",Salem,349141,10-04-2029,Inactive,2,282.92
91778474,Sai Raman,jeremiah38@example.org,918000000000,"H.No. 375, Nagi Marg
Jammu-016214",Kalyan-Dombivli,968102,11-04-2029,Regular,20,280.67
83964902,Jeremiah Keer,mohini14@example.org,912000000000,"64/07
Padmanabhan Road
Latur 717782",Bhimavaram,569130,12-04-2029,Regular,2,536.01
92455970,Bhavna Chada,rbakshi@example.org,912000000000,"06/035
Rama Zila, Tenali 341605",Navi Mumbai,772301,13-04-2029,Inactive,10,1413.21
52001314,Libni Manda,zarnagrewal@example.com,918000000000,"249
Rama, Raiganj-319572",Kota,492160,14-04-2029,Premium,7,1081.06
72917958,Guneet Sampath,qswamy@example.net,919000000000,"46/05
Chandra Nagar
Satara 458142",Sirsa,261102,15-04-2029,New,6,1772.67
88739922,Harrison Yogi,borraqadim@example.com,913000000000,"H.No. 758
Khatri Zila, Pune 227704",Madurai,138588,16-04-2029,Regular,4,1563.61
59297955,Charita Mistry,anirudh92@example.com,913000000000,"33/33
Kamdar Marg, Rajahmundry 580070",Orai,182135,17-04-2029,Premium,6,1292.83
99490786,Ayush Biswas,frederickkale@example.org,914000000000,"16/282
Dar Street, Suryapet 965764",Kishanganj,47845,18-04-2029,New,15,1097.78
54877984,Ubika Basak,ayaan26@example.org,918000000000,"H.No. 68
Tank Circle
Kolhapur 888923",Visakhapatnam,784114,19-04-2029,Inactive,14,736.62
62243869,Vrishti Thakkar,gaurangiparmer@example.org,916000000000,"372, Sagar Marg
Tiruchirappalli-790434",Raebareli,430535,20-04-2029,Premium,7,257.78
19067680,Rajata Mall,qarin71@example.org,912000000000,"640, Pant, Sultan Pur Majra-315200",North Dumdum,608152,21-04-2029,New,18,410.34
61753272,Ojasvi Dash,widisha91@example.net,915000000000,"H.No. 85
Thakur
Bhubaneswar 074120",Anantapur,81264,22-04-2029,New,3,832.17
34567918,Meghana Ranganathan,laban62@example.net,920000000000,"33, Gupta Marg
Jalna-802641",Latur,550475,23-04-2029,Inactive,13,271.49
20163931,Gautami Doshi,vedhika55@example.net,919000000000,"H.No. 01, Karnik Path
Sultan Pur Majra-506511",Kumbakonam,918590,24-04-2029,Regular,5,404.55
69088723,Triveni Nori,yvaidya@example.com,913000000000,"14, Andra Chowk
Kolhapur 212015",Hapur,547704,25-04-2029,New,8,1050.74
27620326,Chasmum Sahni,grovercharan@example.com,914000000000,"H.No. 789
Dave Street
Dhule-392337",Tezpur,129682,26-04-2029,Regular,1,1126.02
71321741,Adya Virk,chakrikakrishna@example.com,918000000000,"892
Dave Chowk
Bhatpara-152046",Saharsa,205275,27-04-2029,Regular,18,1734.32
10855630,Anya Rajagopal,sbajwa@example.org,917000000000,"39
Lata Chowk
Nellore 099220",Rajahmundry,39724,28-04-2029,Premium,15,1447.55
24137201,Jyoti Grewal,dattaeesha@example.net,912000000000,"H.No. 75, Mody Street
Dehri-430112",Haridwar,228579,29-04-2029,New,2,1399.08
31776996,Bhavya Shankar,bavakai@example.com,918000000000,"09/679, Wali Chowk
Ongole 073167",Madanapalle,643542,30-04-2029,New,12,872.26
48167795,Charita Kapoor,anaybalan@example.net,912000000000,"79/36
Rege Ganj, Thanjavur-542580",Visakhapatnam,567196,01-05-2029,New,13,1355.09
62419778,Frederick Subramaniam,girish83@example.com,918000000000,"940, Nair Street
Medininagar 829782",Jamnagar,657089,02-05-2029,Premium,12,1083.95
75510747,Shaurya Luthra,yachana38@example.com,911000000000,"30/18, Bhandari Marg, Adoni 846635",Fatehpur,186578,03-05-2029,New,7,555.18
99406165,Yadavi Tiwari,karanmemon@example.com,918000000000,"43/378, Lalla, Sri Ganganagar 591499",Purnia,361264,04-05-2029,Premium,10,1465.58
84572019,Jagrati Baral,vasudhagara@example.net,913000000000,"34
Thaker Chowk
Bally-512370",Burhanpur,643739,05-05-2029,Inactive,14,1067.89
70391758,Meghana Palan,eiravatiraval@example.net,917000000000,"H.No. 33, Barad Circle, Morbi 535194",Tezpur,246888,06-05-2029,Premium,4,1961.01
5135207,Xalak Mittal,libnikonda@example.com,912000000000,"H.No. 46, Thakur Street
Gurgaon 146541",Moradabad,383404,07-05-2029,Premium,3,1438.23
60834500,Rishi Jain,bathanirudh@example.org,920000000000,"80/57, Dara Marg, Bokaro 568451",Khammam,487840,08-05-2029,Inactive,1,1111.47
96629034,Raghav Nayak,bchahal@example.org,911000000000,"112
Buch Marg, Nanded 682578",Hyderabad,769553,09-05-2029,Premium,10,839.31
5418547,Qushi Devi,swaminathanshaurya@example.org,917000000000,"132
Amble Ganj, Pimpri-Chinchwad-532902",Pune,122989,10-05-2029,Regular,20,1693.63
32540616,Jairaj Sehgal,bumblaban@example.net,919000000000,"765, Sani Nagar
Fatehpur-530586",Nellore,40785,11-05-2029,New,5,1614.27
70798876,Amaira Sane,jeetkale@example.net,910000000000,"67, Iyer Nagar, Nagercoil 314320",Dhanbad,639571,12-05-2029,New,16,1154.75
79895967,Hema Luthra,omfalan@example.net,918000000000,"785, Karpe Path
Ramgarh 103332",Chennai,715090,13-05-2029,Regular,8,1829.16
44477365,Nihal Buch,sandhuwarjas@example.net,919000000000,"H.No. 22, Mahajan Path, Thanjavur-754379",Katihar,517368,14-05-2029,Regular,18,292.43
72889295,Samuel Pal,banikyadavi@example.org,918000000000,"90/605
Naidu Zila, Raichur 666950",Sasaram,545125,15-05-2029,New,18,1965.81
66886852,Ubika Chand,advay03@example.org,914000000000,"03/249, Pant Zila
Ratlam-647336",Korba,953555,16-05-2029,Inactive,19,1546.79
9195970,Riya Uppal,sunderabhimanyu@example.com,917000000000,"85/83, Jaggi Road, Jalandhar 841040",Karawal Nagar,785030,17-05-2029,New,14,517.58
60049160,Abdul Nayak,saanvi74@example.org,917000000000,"913
Patel Chowk, Panvel 109637",Bardhaman,815342,18-05-2029,New,5,911.68
61522288,Gunbir Kala,balendratak@example.com,913000000000,"H.No. 43, Sidhu Marg, Ballia-663728",Tiruppur,828461,19-05-2029,New,8,283.36
90448312,Chandani Tata,raiishanvi@example.net,920000000000,"H.No. 24
Biswas Path
Sambalpur-658004",Panihati,753285,20-05-2029,Inactive,10,1678.01
86748343,Faris Pillay,anusharatti@example.net,915000000000,"H.No. 300, Barad Nagar, Morbi-324626",Sultan Pur Majra,916917,21-05-2029,Premium,16,1799.33
91791128,Warda Mand,aptejagdish@example.com,911000000000,"44, Gaba Nagar
Patna-177700",Allahabad,48642,22-05-2029,Regular,6,211.88
57548210,Alka Varughese,subramaniankrishna@example.org,916000000000,"52/68
Kibe Circle, Korba 159640",Erode,401443,23-05-2029,Inactive,10,709.43
5369136,Yasti Wagle,pantmaanas@example.com,916000000000,"46
Jayaraman Road, Eluru-026437",Ambala,927996,24-05-2029,Regular,8,311.45
54038173,William Palan,mekhalapant@example.net,918000000000,"457, Bhagat Path
Bally-425829",Jehanabad,987434,25-05-2029,Premium,17,1914.26
67528368,Anay Rana,sundersaksham@example.org,919000000000,"616, Ramakrishnan Chowk
Rajpur Sonarpur-831812",Suryapet,173070,26-05-2029,Premium,13,1897.75
25981385,Chasmum Deol,kala09@example.com,912000000000,"77/335, Vig Chowk
Karaikudi-226233",Kakinada,361736,27-05-2029,New,15,1484.06
10088428,Tara Raghavan,vwalia@example.net,915000000000,"968, Dani Ganj, Bhiwandi-868663",Khammam,155215,28-05-2029,Premium,15,806.54
57833505,Pooja Nadkarni,parmarvasatika@example.org,916000000000,"871
Parsa Chowk
Nagercoil 859863",Thrissur,805070,29-05-2029,New,5,1832.55
69416782,Gagan Goel,abhalla@example.com,914000000000,"60/09
Doshi Ganj
Farrukhabad 134691",Bijapur,48895,30-05-2029,Regular,8,646.2
2114782,Brinda Jha,bhardwajwyatt@example.com,918000000000,"H.No. 49
Pant
Gulbarga-778142",Solapur,803955,31-05-2029,Premium,3,1354.66
40323385,Kai Sami,leela55@example.net,913000000000,"631, Dubey Zila
Bhiwandi 092053",Bikaner,451907,01-06-2029,Regular,9,1631.87
2414265,Ayushman Bala,tkonda@example.net,911000000000,"H.No. 86
Dyal, Solapur-311874",Sultan Pur Majra,6805,02-06-2029,New,6,571.92
21626705,Ekani Dubey,mittergunbir@example.org,917000000000,"636, Sur Path, Kolhapur-853265",Bongaigaon,420577,03-06-2029,Premium,16,655.46
8351747,Darika Kaul,tankjeremiah@example.com,912000000000,"H.No. 078
Karpe Circle, Phusro-139076",Khammam,186763,04-06-2029,Regular,7,651.7
67046342,Sanya Chacko,warriorqasim@example.com,915000000000,"250
Agate Chowk, Gulbarga-828985",Vadodara,38403,05-06-2029,New,6,207.69
6344788,Max Mandal,sanya24@example.com,919000000000,"61
Kata Nagar
Nagpur 188136",Bareilly,879635,06-06-2029,Premium,9,1058.66
625395,Leena Loyal,devanshwalia@example.org,910000000000,"H.No. 758
Bhardwaj Street, Jamalpur-645017",Siliguri,645207,07-06-2029,Premium,4,1794.26
33533919,Anamika Ghosh,lakshit76@example.org,914000000000,"H.No. 56, Brahmbhatt Zila
Jhansi-815364",Gulbarga,777861,08-06-2029,New,3,678.24
58974323,Reva Bhavsar,chaudharychaitaly@example.com,912000000000,"598, Sankar Path, Vijayanagaram 596256",Burhanpur,526621,09-06-2029,New,20,1716.92
10686446,Onkar Ratti,tshanker@example.net,915000000000,"21/061, Muni Marg
Coimbatore 615093",Tadipatri,182979,10-06-2029,New,18,1566.26
5228136,Oeshi Mallick,hardikkrishna@example.org,920000000000,"H.No. 16, Krishnan Marg
Naihati-647090",Ambarnath,314449,11-06-2029,Premium,19,500.17
81046421,Jacob Narayan,choudharyayushman@example.com,915000000000,"99, Sekhon Nagar
Phagwara 174118",Kalyan-Dombivli,657178,12-06-2029,Inactive,6,484.37
13494314,Eesha Nadig,hansgirindra@example.com,913000000000,"68
Batra Circle
Coimbatore 509627",Mahbubnagar,741973,13-06-2029,Premium,5,1108.16
19091057,Kalpit Kohli,chaudharyupma@example.com,913000000000,"96/84
Pai Path
Bulandshahr 159547",Kozhikode,471587,14-06-2029,Regular,9,1569
65963876,Vamakshi Talwar,pahalhora@example.net,916000000000,"02/85
Nanda Marg
Nizamabad-518067",Loni,830494,15-06-2029,New,13,1714.99
48765625,Aradhana Ganguly,gaganbanik@example.net,918000000000,"01/115, Mander Nagar, Morbi-897722",Bathinda,352264,16-06-2029,Inactive,17,218
12500465,Barkha Chakrabarti,kagarwal@example.com,920000000000,"H.No. 13
Nagarajan Ganj
Shimoga 577461",Phusro,368657,17-06-2029,Premium,14,1758.5
68703613,Praneel Bir,hanskashish@example.com,918000000000,"08/613
Grewal
Phagwara-118939",Imphal,939188,18-06-2029,Inactive,6,919.34
48284116,Bhanumati Pingle,nandasaanvi@example.com,918000000000,"H.No. 115, Dhar, Jabalpur 327515",Narasaraopet,278326,19-06-2029,Inactive,17,1885.64
773410,Ladli Saha,gautami44@example.net,914000000000,"72/38
Krish Street, Bijapur-804266",Kota,906115,20-06-2029,New,13,1694.79
32929817,Vedika Devi,jbehl@example.com,911000000000,"63/70, Upadhyay Marg
Aligarh-889085",Muzaffarpur,339447,21-06-2029,Regular,4,468.78
83298567,Vansha Kuruvilla,xalak62@example.com,913000000000,"H.No. 68, Gaba Road
Khandwa 040880",Asansol,149383,22-06-2029,Premium,14,763.1
97509888,Rushil Patil,utkarsh96@example.net,916000000000,"518, Swamy Zila
Kadapa-043623",Thanjavur,987744,23-06-2029,Inactive,6,1011.59
31324823,Utkarsh Biswas,hbarad@example.com,912000000000,"04/775, Dhingra Chowk, Varanasi 384485",Fatehpur,277910,24-06-2029,New,14,414.15
60319216,Lohit Narasimhan,bhavya01@example.com,916000000000,"22, Borah Circle, Buxar 569594",Ahmedabad,780127,25-06-2029,Premium,12,503.83
94552818,Pooja Lalla,kritikabarad@example.org,913000000000,"03/85, Morar Marg
Gwalior 529763",Srinagar,862794,26-06-2029,Inactive,2,1308.38
16410708,Zinal Bahri,karan05@example.com,919000000000,"31/42, Master Path
Barasat 615868",Gudivada,629553,27-06-2029,Regular,10,1843.17
84848018,Jackson Roy,janijanaki@example.org,919000000000,"069, Prakash Marg, Mira-Bhayandar 031507",Alappuzha,275189,28-06-2029,Regular,19,557.81
31569754,Edhitha Kumer,psibal@example.org,913000000000,"721, Koshy Ganj
Gulbarga 881971",Bilaspur,556983,29-06-2029,Regular,6,845.41
31384626,Tanay Desai,hayremeera@example.net,910000000000,"610
Parikh Nagar
Thiruvananthapuram-208098",Nangloi Jat,65311,30-06-2029,Regular,13,600.95
98307019,Omya Magar,dev03@example.org,917000000000,"H.No. 326, Parikh Ganj
Sambhal 166207",Bangalore,351499,01-07-2029,New,17,913.21
55733729,Aarini Singhal,siya60@example.net,915000000000,"55/71, Murty Circle, Kamarhati-997909",Anantapuram,200968,02-07-2029,Premium,12,704.66
80269862,Bimala Chad,chameli76@example.net,918000000000,"07/848
Sabharwal Marg
Bokaro 247507",Silchar,725705,03-07-2029,Premium,3,1265.19
90586029,Aarini Ray,vamakshi98@example.net,918000000000,"H.No. 65, Kapoor Path, New Delhi 823047",Faridabad,792664,04-07-2029,Regular,19,1460.86
4594944,Hardik Mane,abduldara@example.org,915000000000,"10/82
Sur Zila
Dibrugarh 044825",Cuttack,599557,05-07-2029,Inactive,12,857.13
78209683,Edhitha Barad,jatin05@example.net,917000000000,"700
Raman Road
Bidar 263500",Jhansi,441254,06-07-2029,Premium,1,1077.22
34588087,Tanmayi Vyas,mishravinaya@example.com,916000000000,"H.No. 24
Uppal Road
Chandigarh 908113",Shimla,385345,07-07-2029,New,11,1341.14
77614510,Girik Gopal,gaurav77@example.net,920000000000,"97/01
Ramachandran Ganj
Eluru 081356",Sirsa,615594,08-07-2029,Inactive,8,1877.93
35455991,Aryan Balakrishnan,sibalamruta@example.net,914000000000,"H.No. 610
Karan Zila
Cuttack-600633",Tezpur,504712,09-07-2029,New,14,1984.56
99714944,Bhanumati Chauhan,kashish47@example.org,915000000000,"H.No. 95
Pingle Circle
Guntur 923865",Adoni,920070,10-07-2029,New,18,708.5
63870636,Darpan Bhatia,chakradhardutt@example.com,920000000000,"41, Gulati Street
Mango 906100",Aurangabad,349728,11-07-2029,Premium,1,497.93
55936462,Upkaar Mahajan,saanviseth@example.org,915000000000,"83
Sridhar Path, Siwan-890863",Berhampur,622771,12-07-2029,New,5,338.13
211163,Hiral Baral,bhavsaryagnesh@example.com,911000000000,"H.No. 11
Sharma Chowk, Jhansi-302598",Satna,50152,13-07-2029,Regular,9,1169.11
77618011,Bhavna Bath,klad@example.com,916000000000,"91
Gade Path, Tenali-329534",Silchar,207673,14-07-2029,Inactive,11,454.04
82700270,Hemal Bhavsar,karanbhatnagar@example.org,919000000000,"H.No. 68, Kothari Marg
Gudivada-450590",Kishanganj,701245,15-07-2029,New,10,1146.39
41181125,Bimala Samra,matthew06@example.org,919000000000,"70
Narula Nagar, Rewa-135600",Mysore,277988,16-07-2029,New,3,632.74
14458150,Kamya Ratta,svasa@example.net,919000000000,"H.No. 46
Lata Chowk, Buxar-942853",Sambhal,867424,17-07-2029,Premium,13,321.96
68965787,Ekavir Agate,yahvikumar@example.org,912000000000,"H.No. 626, Bhat Chowk
Bhimavaram 375258",Dhule,571328,18-07-2029,Premium,19,1431.95
10951674,Anmol Lad,charlesmander@example.com,913000000000,"H.No. 66
Rout Path
Kulti 733466",Guna,284622,19-07-2029,Inactive,4,1590.36
15345667,Lila Chanda,manneparth@example.net,917000000000,"H.No. 293
Singhal Street, Bijapur 471714",Durg,750467,20-07-2029,Premium,6,1574.77
8457972,Yauvani Gaba,lakshitpandey@example.net,915000000000,"62/91
Bedi Ganj
Medininagar 294693",Asansol,187523,21-07-2029,New,16,1250.35
57207678,Yashodhara Mishra,urvi08@example.net,919000000000,"01
Om Street
Rohtak 339233",Chandrapur,347833,22-07-2029,New,17,1603.27
64151769,Teerth Mallick,dalbir88@example.com,916000000000,"H.No. 81, Pathak Marg, Purnia-445538",Mysore,33453,23-07-2029,New,14,1311.86
16786161,Maya Ram,paiunnati@example.org,918000000000,"198, Narula Road, Patiala-297171",Chandigarh,658428,24-07-2029,Inactive,15,496.26
6992801,Yochana Nagy,xganesan@example.org,912000000000,"249
Magar, Bhiwandi-601280",Rajkot,318377,25-07-2029,Premium,4,1270.33
92091019,Kai Subramanian,mitali48@example.com,911000000000,"306
Wable Nagar
Jamalpur-670472",Kalyan-Dombivli,943347,26-07-2029,Regular,10,1754.59
14519263,Edhitha Sawhney,mohantyhitesh@example.net,915000000000,"53/91
Keer Street, Parbhani-126657",Ajmer,270755,27-07-2029,Premium,16,762.06
79169760,Benjamin Kant,hkhalsa@example.com,914000000000,"95/134
Bajwa Zila
Bharatpur 542200",Nagaon,233710,28-07-2029,New,11,932.44
63238941,Vidhi Misra,ramaswamyqushi@example.com,915000000000,"43/736, Sant Ganj
Guntur-200508",Gwalior,778124,29-07-2029,Regular,2,1374.76
9551011,Idika Chand,gpall@example.net,919000000000,"95/44, Gandhi Path
Ahmednagar-651346",Navi Mumbai,648770,30-07-2029,Inactive,7,1786.78
13581527,Jhalak Kalla,saanvimammen@example.org,915000000000,"166
Batra, Pudukkottai 869970",Hajipur,786331,31-07-2029,New,10,1614.59
57523973,Darpan Rama,wagleyadavi@example.com,919000000000,"99/07, Mall Nagar
Tiruvottiyur 784487",Suryapet,254066,01-08-2029,New,2,1647.35
68941950,Ayushman Raghavan,zansi49@example.org,916000000000,"26/011
Ganesh Street
Mirzapur-310664",Bhusawal,856620,02-08-2029,New,8,210.86
97141762,Banjeet Goda,grovermaanav@example.org,913000000000,"H.No. 94, Kar Street
Pune-521931",Agra,841879,03-08-2029,Regular,2,1513.8
2558646,Vyanjana Dara,falakkunda@example.net,916000000000,"58/325, Pingle Path, Kavali-936272",Bhusawal,516102,04-08-2029,Premium,10,920.89
61121421,Aditya Sami,nandini14@example.net,919000000000,"40/64, Bath, Tadepalligudem-096254",Tirunelveli,173820,05-08-2029,New,14,1760.03
23380116,Neelima Mody,cvenkataraman@example.com,918000000000,"931, Karnik Chowk
Loni 350235",Jehanabad,616737,06-08-2029,New,11,606.28
78961097,Irya Agarwal,hemanisinghal@example.org,910000000000,"H.No. 806
Vala
Aizawl-476044",Udupi,387337,07-08-2029,Inactive,16,1375.64
11202130,Zehaan Lad,vnarayan@example.org,914000000000,"16/77
Basak Marg, Lucknow 740421",Bhilwara,854285,08-08-2029,Premium,20,1202.1
8955057,Zashil Goyal,brarjatin@example.com,918000000000,"H.No. 72, Gandhi Zila, Tirupati 033181",Bhubaneswar,613585,09-08-2029,Regular,3,1549.99
22112867,Sanaya Chakrabarti,anay97@example.net,912000000000,"77, Gera Road
Anand 087192",Bangalore,609126,10-08-2029,Regular,6,204.58
5607734,Riya Batta,mandermitesh@example.net,914000000000,"H.No. 604, Kata Road
Khandwa 364539",Jamshedpur,260720,11-08-2029,Premium,8,603.44
98016334,Krishna Char,krishnabhavsar@example.net,919000000000,"841, Kibe Chowk, Thrissur-092044",Howrah,326443,12-08-2029,Regular,18,724.91
61024977,Krishna Manda,elijahagrawal@example.org,912000000000,"93, Borah Street, Farrukhabad-242782",Dindigul,509584,13-08-2029,New,18,699.89
40727086,Osha Brahmbhatt,harishnayak@example.org,916000000000,"H.No. 45
Pradhan Chowk, Akola 580457",Bijapur,113784,14-08-2029,New,11,1573.7
96109948,Riya Wason,kotharizaitra@example.com,915000000000,"90/533, Bakshi Zila, Kakinada-718472",Shivpuri,528740,15-08-2029,Inactive,20,1879.13
71176678,Garima Tata,charita65@example.com,914000000000,"56/972, Yadav Road, Gwalior 194187",Dhule,103327,16-08-2029,Regular,20,669.58
16547602,Geetika Das,loyalchakradhar@example.net,913000000000,"H.No. 17, Babu Path
Gangtok-674523",Nadiad,216025,17-08-2029,Inactive,14,1240.96
37379797,Aashi Majumdar,omkaarmemon@example.org,918000000000,"18/571, Choudhury Path
Kishanganj-139131",Jalna,627760,18-08-2029,Inactive,6,1167.45
37926207,Pahal Chaudhary,upadhriti58@example.net,918000000000,"467, Keer Street, Bettiah-109486",Eluru,877706,19-08-2029,New,12,491.26
63451391,Amrita Kibe,viswanathanekansh@example.org,919000000000,"95, Oommen Path
Bhatpara 540842",Surendranagar Dudhrej,477087,20-08-2029,Premium,7,731.46
62629494,Anamika Bali,ssridhar@example.net,912000000000,"571, Nair Path, Nizamabad-216385",Jorhat,597801,21-08-2029,Premium,14,1504.45
13871547,Anthony Dhawan,nimrat66@example.org,916000000000,"H.No. 30
Patla Nagar
Barasat 711179",Bhilwara,626053,22-08-2029,Premium,8,200.43
1507408,Kai Gara,dbera@example.net,917000000000,"97/84, Dhaliwal Chowk
Firozabad-233621",Bangalore,478862,23-08-2029,Inactive,8,972.22
3638834,Falan Nayak,garaveer@example.com,916000000000,"38/514, Deo Zila, Morbi 793612",Warangal,563073,24-08-2029,Premium,16,1142.06
32054313,Jai Char,rajayutika@example.com,913000000000,"72
Keer Road, Gandhidham-879715",Raurkela Industrial Township,537597,25-08-2029,Regular,2,340.15
97678578,Jagat Hayre,ymalhotra@example.net,917000000000,"95/43, Chahal Path
Mathura 774115",Loni,214414,26-08-2029,Regular,7,1531.63
75028268,Pahal Malhotra,wazir75@example.com,911000000000,"845, Prakash Marg, Tadepalligudem 032115",Kirari Suleman Nagar,412117,27-08-2029,Inactive,10,620.03
59930550,Anamika Wali,madhavi76@example.org,914000000000,"H.No. 45
Dhar Marg, Kulti 279105",Agra,661359,28-08-2029,Inactive,20,1680.48
23567263,Yatan Sem,hitesh51@example.net,914000000000,"12/949
Loyal Ganj
Ambattur 535978",Chinsurah,96950,29-08-2029,New,14,231.38
65570302,Onveer Parsa,widisha66@example.net,919000000000,"89, Bal Path
Kirari Suleman Nagar-340832",Deoghar,918933,30-08-2029,Inactive,19,1322.32
94529626,Gavin Kaur,ldubey@example.net,910000000000,"61/527, Sampath Street
Purnia-039153",Pudukkottai,762221,31-08-2029,New,17,1907.16
54338574,Yashodhara Gokhale,nandagavin@example.org,916000000000,"829, Yogi Zila, Indore 022222",Guntur,515677,01-09-2029,Premium,3,1875.03
14006996,Saumya Rau,anitakorpal@example.org,911000000000,"893, Sengupta Path, Akola-055236",Buxar,998569,02-09-2029,Inactive,15,738.1
88324928,Geetika Nanda,jpalla@example.org,912000000000,"843, Yogi Zila
Panvel-489127",Alappuzha,137999,03-09-2029,Regular,13,340.65
77128325,Yug Mangat,vohrameghana@example.com,911000000000,"54, Aggarwal Circle, Amravati 188290",Satna,833563,04-09-2029,Regular,2,1483.92
44562310,Harsh Om,vincent86@example.com,918000000000,"86/38
Ganesan Zila, Srikakulam 027873",Warangal,439591,05-09-2029,Inactive,3,483.87
32809328,Oeshi Raghavan,kiaan42@example.net,912000000000,"905
Patla
Alappuzha-788495",Chittoor,117692,06-09-2029,Premium,19,1525.5
37288781,Kritika Narayan,fyadav@example.org,911000000000,"H.No. 217, Bhattacharyya Zila, Kalyan-Dombivli-066025",Tadepalligudem,355069,07-09-2029,New,1,1609.24
35049420,Udarsh Mangal,zpatil@example.org,917000000000,"42/738
Dhawan Road
Nagpur 697513",Madanapalle,720562,08-09-2029,Regular,7,1660.54
10789681,Anvi Rajan,aarna25@example.net,919000000000,"H.No. 010, Sandhu Street, Salem 189439",Dehradun,22922,09-09-2029,Regular,17,1178.41
67918495,Aarav Gour,patelwazir@example.org,915000000000,"578, Dash Chowk
Kadapa 410777",Ratlam,878680,10-09-2029,Inactive,16,496.65
2667357,Nathan Kaul,godavarenya@example.com,911000000000,"81/284
Gopal Chowk, Rajkot-722713",Guntakal,819570,11-09-2029,Premium,6,1516.67
7728406,Leela Bansal,tgulati@example.net,912000000000,"87/91
Mandal Nagar, Ujjain 018314",Ranchi,684048,12-09-2029,Inactive,2,1970.33
77961205,Yashica Handa,jsankar@example.net,914000000000,"H.No. 75
Arora Marg
Jabalpur 673036",Burhanpur,921503,13-09-2029,Premium,7,1445.85
28995786,Vanya Swamy,chamansami@example.org,912000000000,"26
Pandey Road, Gandhidham 757066",Bardhaman,985614,14-09-2029,Inactive,20,1706.11
74762653,Varenya Sama,wsodhi@example.org,917000000000,"H.No. 79
Narang Ganj, Raurkela Industrial Township-542887",Kakinada,58056,15-09-2029,Premium,9,1996.53
93563435,Siya Sandhu,hemalwagle@example.com,918000000000,"H.No. 606, Parekh Chowk, Erode-615948",Nagpur,854006,16-09-2029,New,9,313.25
66768157,Om Khosla,obahri@example.org,911000000000,"37
Mody Circle
Jorhat 391653",Singrauli,131116,17-09-2029,Inactive,3,502.9
98625898,Raagini Taneja,umang95@example.org,913000000000,"263
Kamdar Chowk
Bhatpara-557575",Raiganj,355567,18-09-2029,Premium,14,1879.91
24107959,David Chowdhury,bdar@example.com,912000000000,"437
Borra Ganj
Pune 036001",Howrah,978633,19-09-2029,Regular,7,354.25
27824078,Caleb Ramakrishnan,duaeshana@example.com,914000000000,"H.No. 454
Wali Path
Rourkela-757587",Jalna,664273,20-09-2029,Inactive,12,972.71
97174235,Ekapad Atwal,oupadhyay@example.com,917000000000,"45, Karnik Zila
Cuttack 151701",Hubli–Dharwad,157060,21-09-2029,Regular,13,413.94
28394354,Yatin Mohanty,nathaniel49@example.net,916000000000,"06/380, Mitra Circle
Jorhat 587416",Kumbakonam,269616,22-09-2029,Regular,19,1546.13
29689766,Pallavi Kala,madhav18@example.org,911000000000,"H.No. 983
Setty Path, Mira-Bhayandar 331770",Tenali,243885,23-09-2029,New,14,967.01
44589829,Udyati Garde,minhasharrison@example.org,917000000000,"92, Chaudhari, Tirunelveli 950904",Sagar,110593,24-09-2029,Regular,4,1570.62
6959437,Rushil Prakash,anika85@example.net,917000000000,"09/765, Sachdev Path
Gaya-127934",Jammu,293835,25-09-2029,Premium,14,1105.84
28173165,Gayathri Padmanabhan,william12@example.net,911000000000,"H.No. 578, Sharma Path, Jhansi 265422",Srikakulam,743644,26-09-2029,Inactive,15,545.71
46564935,Ranbir Hegde,rishirana@example.com,917000000000,"91/552, Karan Street, Chennai-415629",Muzaffarpur,645064,27-09-2029,Inactive,5,536.94
77007315,Amara Lad,hitesh06@example.org,917000000000,"H.No. 086, Soman, Panchkula-966165",Satara,867852,28-09-2029,Premium,10,1750.59
64403005,Ojas Sahota,garima59@example.com,912000000000,"H.No. 54, Bajaj Path
Chandrapur-896543",Darbhanga,847487,29-09-2029,New,12,524.48
28277304,Chaitanya Mann,hemalall@example.com,915000000000,"18/80, Lad, Bhalswa Jahangir Pur 775594",Haridwar,159776,30-09-2029,Inactive,14,1681.58
38568692,Guneet Ahluwalia,ocherian@example.net,915000000000,"34
Chaudhuri Circle, Bally 532014",Silchar,658648,01-10-2029,New,6,1082.93
90299101,Kamala Kakar,dattalibni@example.com,916000000000,"H.No. 20, Tandon Road
Secunderabad 431984",Akola,567715,02-10-2029,Regular,7,291.45
77086539,Gayathri Kumer,pranav05@example.net,914000000000,"23, Butala Marg, Sagar 674981",Sangli-Miraj & Kupwad,813233,03-10-2029,New,3,1591.27
16341776,Oviya Gera,dalbir04@example.com,915000000000,"31/786
Mall Marg
Aurangabad 284354",Sikar,60359,04-10-2029,New,6,964.4
62868582,Chaitaly Anand,rishi88@example.net,912000000000,"39
Dalal Circle
Karawal Nagar-027066",Asansol,253211,05-10-2029,New,11,1082.3
16435594,Aryan Ranganathan,darsh48@example.com,918000000000,"89/553
Vig Zila
Kharagpur-011223",Jorhat,848945,06-10-2029,Premium,4,1273
24337950,Ishwar Chakraborty,xbatta@example.com,911000000000,"H.No. 118
Sathe Marg
Rajkot 400500",Haridwar,17750,07-10-2029,Inactive,20,1845.42
38728779,Reva Sem,jrajagopal@example.net,911000000000,"H.No. 76, Bhalla Ganj
Surat 589030",Bulandshahr,648636,08-10-2029,Regular,19,1294.04
3483295,Maya Nath,nmadan@example.org,911000000000,"573
Devi Ganj
Rajahmundry 145523",Imphal,632918,09-10-2029,Inactive,5,1334.49
67908555,Brinda Bahl,triptiatwal@example.org,911000000000,"H.No. 808
Chakraborty Marg
Bhopal 248842",Chittoor,757455,10-10-2029,New,16,1746.83
45028365,Qarin Dass,ekanshdhillon@example.org,920000000000,"88, Karan Path
Dehradun 508763",Danapur,418635,11-10-2029,Regular,5,518.33
19216141,Teerth Manda,ksinghal@example.org,912000000000,"069
Patil Road, Tinsukia-750405",Giridih,829446,12-10-2029,Premium,9,1428.54
47590944,Ayushman Chawla,urajagopalan@example.net,919000000000,"H.No. 08, Atwal Chowk
Nagercoil 786153",Bhubaneswar,185673,13-10-2029,New,19,1163.84
72415263,Dakshesh Varughese,karansathvik@example.org,916000000000,"H.No. 661, Kapadia Circle, Giridih-658125",Pallavaram,624264,14-10-2029,Regular,20,1914.18
97873848,Ladli Johal,csant@example.com,911000000000,"H.No. 68
Bakshi Marg, Sasaram 557143",Kavali,764984,15-10-2029,Regular,18,1381.21
81541985,Panini Padmanabhan,valagunbir@example.org,916000000000,"06/571
Deshmukh Nagar, Latur-947001",Asansol,221829,16-10-2029,Regular,17,894.34
57213543,Hema Natarajan,chadhanimrat@example.org,919000000000,"515
Buch Road
Bilaspur 694542",Gandhinagar,595160,17-10-2029,Regular,14,1323.95
60620291,Upkaar Suresh,tarak64@example.net,912000000000,"H.No. 863
Pant Street
Bhusawal-846427",Karaikudi,201870,18-10-2029,Regular,15,1791.39
34655710,Abeer Ravel,orindernatarajan@example.net,910000000000,"54, Agrawal, Katni-364063",Katihar,161040,19-10-2029,Inactive,1,1620.16
58415368,Frederick Virk,jroy@example.com,918000000000,"430
Savant Road
Ramagundam-958730",Shahjahanpur,603119,20-10-2029,New,10,297.38
67402645,Bimala Barad,lakshmi42@example.com,916000000000,"94/65, Tak
Alappuzha-897750",Phagwara,737896,21-10-2029,Inactive,15,1084.93
2903620,Bahadurjit Rama,faraj37@example.com,911000000000,"418, Desai Chowk, Tiruvottiyur 558463",Proddatur,495945,22-10-2029,New,11,1815.06
58115779,Bhavna Ramaswamy,gabaurishilla@example.net,918000000000,"H.No. 83, Anne Circle, Alwar-895946",Katni,779863,23-10-2029,Regular,12,1569.04
40055711,Yug Mander,fchauhan@example.net,920000000000,"H.No. 111, Suri
Dhanbad-966241",Rampur,415727,24-10-2029,Inactive,11,278.97
9419030,Thomas Doctor,lhans@example.net,914000000000,"H.No. 82
Nazareth Ganj, Ambala-089016",Avadi,657231,25-10-2029,Inactive,1,340.77
75244116,Jai Suri,sanaya74@example.com,912000000000,"11/76
Sura Road, Malda 325015",Gorakhpur,112503,26-10-2029,Inactive,10,426.97
2566268,Arjun Ratta,santutkarsh@example.net,917000000000,"99/643
Muni
Karimnagar 116487",Mysore,644861,27-10-2029,Premium,16,1796.96
24496983,Vasana Sen,hseshadri@example.org,914000000000,"H.No. 687, Seshadri Street
Ajmer-267864",Kamarhati,185526,28-10-2029,Regular,17,1262.44
7378768,Shravya Dada,mason45@example.net,919000000000,"660, Chokshi
Madurai 598172",Bellary,671584,29-10-2029,New,8,698.59
33544355,Aarnav Nayak,oscar01@example.com,915000000000,"015, Pandey Ganj
Karawal Nagar-700071",Sri Ganganagar,737494,30-10-2029,Premium,2,1083.95
98012339,Kai Kari,ikala@example.org,914000000000,"20/920, Kaul Road, Muzaffarnagar-154530",Anantapuram,766651,31-10-2029,Regular,16,839.46
71771782,Jalsa Bansal,jasmitgola@example.org,918000000000,"44/554, Sampath Street, Jalandhar-983074",Farrukhabad,382294,01-11-2029,Inactive,8,1091.61
39301587,Kritika Chaudhuri,kdas@example.net,920000000000,"H.No. 229
Shetty Zila
Saharsa 334604",Bongaigaon,137712,02-11-2029,Regular,15,1775.12
12560669,Mugdha Acharya,pranitkuruvilla@example.org,910000000000,"22, Chowdhury Path, Chittoor-049437",Sangli-Miraj & Kupwad,776029,03-11-2029,Inactive,13,450.79
73061709,Zinal Sundaram,snayak@example.com,913000000000,"H.No. 10
Datta Marg
Siwan-391261",Uluberia,214812,04-11-2029,Premium,1,1557.57
73807097,Manbir Manda,zroy@example.org,914000000000,"08/885
Bakshi Path, Haldia 541849",Firozabad,795626,05-11-2029,Inactive,7,557.11
57579640,Sneha Amble,vedantdoctor@example.org,919000000000,"21/31
Bahri Road, New Delhi-268180",Siwan,847223,06-11-2029,Premium,10,697.08
71276926,Urishilla Sawhney,upadhritisachdeva@example.net,913000000000,"H.No. 12
Kade Road
Khandwa 808579",Nangloi Jat,116387,07-11-2029,Inactive,10,1226.1
54139038,Wahab Balan,anjali90@example.com,916000000000,"016
Lata Circle
Hubli–Dharwad 127880",Dibrugarh,888729,08-11-2029,Inactive,10,1689.41
6853981,Radhika Bahri,kamyawarrior@example.com,911000000000,"245
Garg Road, Ahmedabad 964676",Machilipatnam,209167,09-11-2029,Inactive,14,1301.27
82898985,Reva Pradhan,nimrat81@example.com,911000000000,"457
Mishra Chowk, Visakhapatnam 946851",Pondicherry,679447,10-11-2029,Regular,2,841.91
92416428,Falak Balan,isandhu@example.org,915000000000,"67/29, Badal Chowk, Uluberia-967008",Avadi,944699,11-11-2029,Regular,5,1255.2
80371626,Yashasvi Divan,oprabhu@example.org,920000000000,"56
Tara Road, Amravati 888344",Karimnagar,865438,12-11-2029,New,20,1033.07
39042103,Maanav Gupta,mohammed78@example.org,920000000000,"H.No. 26, Chaudhary
Kolkata 469720",Bareilly,148727,13-11-2029,Regular,20,1519.5
14693393,Chavvi Iyer,kannanvedant@example.com,910000000000,"11, Balakrishnan Marg
Motihari-662977",Proddatur,496205,14-11-2029,New,14,928.3
41878908,Barkha Kanda,khuranamason@example.net,912000000000,"08/81
Chandra Path, Mehsana-925891",Raiganj,376225,15-11-2029,Premium,6,390.11
49117070,Pavani Lala,tankvedhika@example.org,914000000000,"29, Morar Zila, Amritsar-838331",Bhubaneswar,238713,16-11-2029,Inactive,9,1495.17
43761120,Tarak Kumer,hbava@example.com,918000000000,"H.No. 534
Taneja Ganj
Bangalore 238371",Bhagalpur,33353,17-11-2029,Inactive,19,1954.78
52672659,Isha Mand,tanmayibhagat@example.net,917000000000,"H.No. 898, Gara, Ghaziabad-552132",Vadodara,279779,18-11-2029,Regular,17,1721.72
91448742,Henry Badal,chaudhryomya@example.org,915000000000,"61, Tripathi Ganj
Nanded-543392",Bongaigaon,13029,19-11-2029,Regular,1,1536.39
55278329,Nathaniel Mand,hmerchant@example.net,911000000000,"09, Dixit Road, Bulandshahr-868361",Bhubaneswar,906383,20-11-2029,Inactive,19,1814.67
13492411,Ekaraj Mahal,tamanna39@example.net,918000000000,"745, Mall Street, Tirunelveli-948037",Patna,673157,21-11-2029,Regular,8,453.33
39093069,Mahika Issac,dakshminhas@example.org,913000000000,"H.No. 98
Padmanabhan Street, Kottayam-241642",Rajkot,250605,22-11-2029,Regular,6,1176.58
16436211,Daniel Hans,jacob31@example.net,913000000000,"H.No. 00
Narayanan Marg, Shahjahanpur-715267",Tadepalligudem,892690,23-11-2029,Regular,8,780.94
25747787,Zaid Bobal,dubeyekapad@example.org,914000000000,"086, Mahajan Nagar
Jodhpur-262620",Bikaner,591446,24-11-2029,Inactive,13,835.06
24000329,Aarush Dey,zdewan@example.net,911000000000,"20/70, Rau
Durg-039531",Gulbarga,375546,25-11-2029,Premium,17,1787.69
54923640,Azad Nath,kmadan@example.net,918000000000,"20/90, Mohanty Ganj
Raurkela Industrial Township 943348",Gandhidham,664697,26-11-2029,Inactive,15,234.66
57217288,Dalaja Bassi,ppandey@example.net,916000000000,"339
Radhakrishnan Circle, Bhubaneswar 566268",Karimnagar,202075,27-11-2029,Regular,3,736.05
70554546,Jonathan Doctor,rushil75@example.net,914000000000,"855, Rana Circle, Dibrugarh 752009",Bulandshahr,169284,28-11-2029,Inactive,14,1601.91
39959491,Damini Gandhi,xjayaraman@example.net,919000000000,"31
Sagar Nagar
New Delhi 077157",Purnia,734014,29-11-2029,Premium,2,622.87
55042740,Samuel Lanka,bhanumati39@example.net,910000000000,"36/962
Nazareth Circle, Tirupati-434921",Kadapa,97917,30-11-2029,Regular,7,404.02
64846124,Anusha Sagar,jeremiah29@example.com,914000000000,"60/157
Modi Chowk
Lucknow 233763",Bidar,46181,01-12-2029,Inactive,1,997.65
23434261,Jhalak Chopra,ramachandranunnati@example.org,913000000000,"462
Bhakta Street, Bhind-470064",Ambala,224620,02-12-2029,Inactive,7,1651.18
33685414,Nidhi Swaminathan,lajitasawhney@example.net,911000000000,"336, Nigam Nagar
Giridih-512900",Miryalaguda,269887,03-12-2029,Regular,8,1679.23
43649266,Ayushman Menon,anayrajagopalan@example.org,913000000000,"H.No. 554
Lata Marg, Nagaon 736446",Khandwa,984786,04-12-2029,Inactive,19,1803.11
53299455,Rushil Gupta,wcherian@example.org,914000000000,"80/32, Acharya Nagar, Bathinda-734196",Bijapur,963064,05-12-2029,Premium,7,838.66
9388085,Faris Swaminathan,jbath@example.com,915000000000,"97/15, Gandhi Ganj
Varanasi 857882",Jamnagar,821263,06-12-2029,New,11,627.21
46629917,Vasudha Dey,saksham89@example.net,915000000000,"03/989, Kari Ganj
Sagar 040726",Jamshedpur,139007,07-12-2029,Premium,1,788.35
82359623,Pushti Sangha,gopalijaya@example.net,912000000000,"75/89
Issac Road, Jamalpur-285509",Bellary,504776,08-12-2029,Premium,17,1339.75
58238092,Xiti Pradhan,triyakale@example.org,911000000000,"20/971, Bath Path, Thiruvananthapuram 983558",Malegaon,971189,09-12-2029,Inactive,9,519.73
74572121,Triveni Baral,advaith31@example.net,916000000000,"10/107
Bhandari
Kishanganj 048249",Mau,562013,10-12-2029,Inactive,15,890.77
3468355,Chameli Subramanian,lekhanarula@example.org,919000000000,"73/891
Tailor Nagar
Raiganj-161841",Pune,427282,11-12-2029,New,12,1734.51
34095555,Charan Misra,leena91@example.org,910000000000,"72/930, Amble Road, Kalyan-Dombivli 395063",Raiganj,561007,12-12-2029,Premium,9,1536.28
76020843,Banjeet Behl,nairnihal@example.net,916000000000,"H.No. 222, Natt Ganj
Motihari 339268",New Delhi,619007,13-12-2029,Regular,6,784.7
80571942,Mohammed Magar,bailavi@example.org,918000000000,"595, Ranganathan Chowk, Kadapa 969488",Kishanganj,140451,14-12-2029,Regular,10,980.64
19375332,Udarsh Rao,chaitanya86@example.org,919000000000,"643, Kohli Circle
Jorhat 826776",Jodhpur,278850,15-12-2029,Regular,20,1556.48
8739903,Yamini Bir,giriklata@example.com,918000000000,"66
Reddy Zila, Guwahati 103557",Thane,985691,16-12-2029,Regular,9,1689.59
55472026,Urishilla Bhatnagar,pwalia@example.org,911000000000,"518
Hegde Circle
Kishanganj-108379",Allahabad,925280,17-12-2029,New,2,730.33
19581959,Eesha Sahota,kannanlibni@example.org,913000000000,"728, Sarna, Katihar-382238",Ghaziabad,187788,18-12-2029,Premium,5,1517.34
32585389,Abhimanyu Sachdeva,daksheshdave@example.net,918000000000,"36/52
Mane Street
Rohtak 670007",Howrah,717606,19-12-2029,Premium,3,1378.77
24308515,Thomas Walia,laksh53@example.com,919000000000,"401
Baral Chowk
Thrissur 779900",Panchkula,546301,20-12-2029,Regular,20,1801.96
63025744,Eta Mander,vrishtinarasimhan@example.com,912000000000,"644
Minhas Ganj
Shahjahanpur 651838",Panipat,478112,21-12-2029,Regular,6,1112.65
89036169,Kashvi Chaudhuri,inayabal@example.org,915000000000,"H.No. 75
Balay Path
Solapur-409336",Deoghar,856727,22-12-2029,Inactive,12,1133.25
1816969,Tejas Pillai,xsarin@example.org,918000000000,"74/97, Warrior Ganj
Tadepalligudem 137156",Vadodara,441464,23-12-2029,Premium,2,1902.69
18256339,Dalbir Dora,lsandal@example.net,916000000000,"90/329, Bhatt Circle, Thane 548250",Mumbai,963704,24-12-2029,New,5,1719.33
87059497,Abeer Merchant,peterkuruvilla@example.net,910000000000,"H.No. 69, Mangal Zila
Sikar-669273",Jamshedpur,771247,25-12-2029,Regular,5,1137.61
47577193,Chaaya Wable,zvenkatesh@example.net,917000000000,"41/37, Raja Marg
Tumkur-353412",Dehri,410068,26-12-2029,Premium,16,1578.87
95595403,Rushil Walia,duttadamini@example.org,917000000000,"46, Tiwari
Nandyal-807876",Durgapur,533130,27-12-2029,Regular,10,1368.49
57658033,Rajeshri Ramaswamy,lvarghese@example.org,918000000000,"25/38, Banerjee Marg, Raurkela Industrial Township 526429",Yamunanagar,357745,28-12-2029,New,8,1281.84
4597433,Lipika Kumer,faras46@example.org,917000000000,"H.No. 038, Devan Path, Bally-571011",Tadepalligudem,580130,29-12-2029,Inactive,3,821.84
7923550,Amruta Grewal,sarakibe@example.com,912000000000,"H.No. 854, Bora Chowk
Kishanganj-726465",Panihati,833973,30-12-2029,New,17,1813.79
21553672,Udyati Puri,rsarin@example.org,918000000000,"H.No. 647, Kade Nagar, Bhiwani-273365",Morbi,278827,31-12-2029,New,1,429.36
80499378,Ekta Chowdhury,warindertripathi@example.net,916000000000,"H.No. 521
Buch, Shimla-883080",South Dumdum,642495,01-01-2030,Inactive,3,759.03
16410155,Darika Barman,bathrohan@example.com,913000000000,"93/97
Nazareth, Chennai 927497",Bidhannagar,306843,02-01-2030,Premium,8,601.32
52423524,Nihal Ravi,maanav40@example.net,911000000000,"27/97, Sodhi Nagar, Ichalkaranji 970201",Ludhiana,386268,03-01-2030,Inactive,19,473.06
20834589,Parth Madan,udantcomar@example.net,918000000000,"28/25, Pal Road, Erode-179824",Giridih,330314,04-01-2030,Inactive,8,740.07
70372270,Yadavi Garg,dalbir46@example.org,914000000000,"H.No. 738
Dar
Farrukhabad-031738",Ichalkaranji,993809,05-01-2030,New,15,1420.71
18082040,Jonathan Bir,fzachariah@example.net,913000000000,"H.No. 32, Khalsa Street, Ludhiana 691751",Kochi,824038,06-01-2030,Regular,17,1098.59
24745800,Isaac Mutti,kantganga@example.net,916000000000,"07/52
Peri Ganj
Adoni-368437",New Delhi,465288,07-01-2030,Premium,3,1657.15
12698783,Jyoti Lata,gaurangi28@example.org,914000000000,"H.No. 27
Barman Path, Suryapet-753989",Karnal,590916,08-01-2030,Inactive,8,1040.64
24821281,Onveer Kanda,shenoyekavir@example.net,914000000000,"462
Bal Road
Bhiwani-601105",Khora ,618702,09-01-2030,Regular,10,1004.08
17843667,Yauvani Purohit,noahdevi@example.org,919000000000,"37/337, Tank Road
Mau-206951",Bhubaneswar,599055,10-01-2030,New,4,618.64
75137446,Oliver Bahl,tamanna95@example.net,911000000000,"07/364
Mohan Road, Siwan-953038",Kochi,484847,11-01-2030,New,10,1290.79
43295656,Wyatt Bhasin,ppalla@example.org,918000000000,"06/508, Dalal Nagar
Jaunpur 214842",Sagar,356947,12-01-2030,Regular,4,1306.25
10663246,Madhav Chana,abhiram84@example.org,916000000000,"31/173, Kalita Nagar, Nashik-267071",Gandhidham,538790,13-01-2030,Regular,12,1976.29
74038361,Vasatika Lanka,yhayer@example.net,914000000000,"268
Chander Circle
Mehsana 867984",Khandwa,27671,14-01-2030,New,15,236.72
56548063,Advay Baria,qushikrish@example.net,911000000000,"H.No. 54
Bhandari Path
Siliguri-730057",Thanjavur,443618,15-01-2030,New,20,537.48
58893807,Faris Sekhon,chopradiya@example.net,914000000000,"H.No. 450, Kibe, Ghaziabad 278382",Tirunelveli,29632,16-01-2030,Inactive,14,1163.42
1301661,Yashvi Parekh,rmanne@example.net,913000000000,"75/740, Tara Road, Pali 035417",Saharanpur,524586,17-01-2030,Inactive,8,623.8
72263318,Reyansh Sankar,gautamisura@example.org,916000000000,"061
Agrawal Chowk, Bhatpara 564696",Fatehpur,398070,18-01-2030,Inactive,8,1372.05
16484167,Hemal Bala,fdhawan@example.net,912000000000,"29/31, Mukhopadhyay Marg
Jorhat 795736",Guwahati,104698,19-01-2030,New,19,1128.06
74694186,Nisha Jhaveri,nrout@example.net,915000000000,"07/68
Sibal Path, Haldia 724455",Hubli–Dharwad,956627,20-01-2030,Inactive,3,1566.5
89472859,Ekaraj Dash,harirajeshri@example.org,914000000000,"70/52
Gokhale Marg, Machilipatnam-472393",Saharsa,209011,21-01-2030,Inactive,2,1181.99
21697638,Hredhaan Bhagat,taraksrinivas@example.net,914000000000,"H.No. 774
Rastogi Road, Bhusawal 085217",Sirsa,422943,22-01-2030,New,1,381.19
74231111,Jhalak Varty,nandayuvraj@example.org,911000000000,"50/52
Bhatt Nagar
Pali-230302",Thane,190824,23-01-2030,Premium,15,514.31
89523804,Girik Sangha,smane@example.net,912000000000,"H.No. 42
Dhar Nagar, Akola-282403",Kottayam,262919,24-01-2030,Inactive,1,1054
22694456,Eesha Saha,esarin@example.net,919000000000,"H.No. 78, Tiwari Ganj
Ahmednagar 908031",Nashik,66654,25-01-2030,New,6,697.9
14940427,Sara Rajagopalan,devshanker@example.com,913000000000,"47
Datta Nagar
Jaipur-591851",Loni,793600,26-01-2030,Premium,3,1992.36
81940825,Kamala Thaman,ctank@example.org,910000000000,"35/75, Bhalla Road, Burhanpur 621162",Proddatur,938207,27-01-2030,New,4,1119.75
73392739,Chaitaly Kakar,vohrachameli@example.com,916000000000,"59/60, Bhatnagar Chowk
Mysore-383918",Bikaner,682021,28-01-2030,New,18,1378.5
52770036,Lopa Bobal,kashyapthomas@example.org,911000000000,"82, Bhargava Nagar
Kishanganj-297154",Bathinda,212770,29-01-2030,New,14,1207.51
38902193,Yutika Sandhu,radhaperi@example.com,919000000000,"H.No. 65
Dani, Bareilly-865864",Bellary,953914,30-01-2030,New,6,1275.29
72287157,Ekbal Kaur,mangaldalaja@example.com,919000000000,"81
Choudhary Street, New Delhi-303095",Machilipatnam,289225,31-01-2030,New,20,1706.71
94179692,Faras Bahri,wishi97@example.org,913000000000,"93, Bose Path, Ghaziabad 660236",Alwar,767956,01-02-2030,New,3,1494.14
61851054,Bhavya Tiwari,aarnav95@example.org,918000000000,"H.No. 19
Solanki Street
Kadapa-649070",Tadipatri,380443,02-02-2030,Regular,10,1154.65
1562083,Madhavi Mishra,inayabadal@example.net,915000000000,"49/31
Chahal Road, Jalna-373980",Bhopal,405442,03-02-2030,Premium,13,695.02
33671354,Veda Chhabra,sawhneyishanvi@example.net,912000000000,"45/125
Lala
Ratlam 745782",Bijapur,189078,04-02-2030,Inactive,12,1908.12
46023497,Baljiwan Nagi,wjayaraman@example.com,918000000000,"863
Sarkar Road, Bokaro-229992",Delhi,31910,05-02-2030,Premium,12,1856.92
83597876,Tanmayi Oak,msaha@example.org,919000000000,"43/897
Thakkar Circle, Karimnagar-794484",Katni,357046,06-02-2030,Premium,10,1646.68
52913011,Chaitaly Parekh,chanakyakashyap@example.com,915000000000,"H.No. 84, Verma, Tirupati-193891",Dhule,505219,07-02-2030,Inactive,7,1952.94
81373608,Priya Rai,charannarain@example.net,913000000000,"H.No. 36, Ravel Ganj
North Dumdum 835823",Durg,701263,08-02-2030,Inactive,4,605.47
46885873,Wahab Luthra,labanpadmanabhan@example.net,911000000000,"98/05
Master Road
Karawal Nagar-963507",Aizawl,253575,09-02-2030,Premium,4,946.64
31831843,Aarini Bir,htailor@example.com,919000000000,"H.No. 39, Sura Street
Shahjahanpur-125310",Machilipatnam,762247,10-02-2030,Inactive,10,1284.27
85088479,Tanvi Magar,sanayanagar@example.org,915000000000,"H.No. 998
Halder Marg, Sultan Pur Majra-008125",Rajkot,779561,11-02-2030,Inactive,17,1636.63
97770901,Dhruv Krishna,lajitasekhon@example.com,913000000000,"H.No. 805, Bhatia Zila
Rajpur Sonarpur 721299",Bidhannagar,571261,12-02-2030,Inactive,11,1896.36
4055790,Noah Malhotra,dkannan@example.net,915000000000,"H.No. 71
Bhatia Ganj
Kavali 971275",Jamnagar,170135,13-02-2030,Regular,13,1178.81
84986716,Eta Hegde,aishanisachar@example.org,913000000000,"H.No. 47, Bhavsar Path, Baranagar-818711",Begusarai,408698,14-02-2030,Regular,8,420.78
77085443,Prisha Nadkarni,yagneshdhar@example.net,918000000000,"H.No. 753
Bala Chowk, Bhalswa Jahangir Pur 704393",Naihati,455466,15-02-2030,Regular,9,1742.63
10642655,Omaja Warrior,ujaggi@example.net,913000000000,"55/090, Deshmukh Path
Siliguri 815361",Gorakhpur,115141,16-02-2030,Premium,1,726.89
35826539,Widisha Kapur,dharmohammed@example.org,912000000000,"97/832
Bhagat
Silchar-117534",Deoghar,81838,17-02-2030,New,6,1155.12
376144,Ira Chhabra,caleb02@example.com,914000000000,"H.No. 39
Sarkar Path
Karawal Nagar-657936",Anantapuram,627253,18-02-2030,Regular,13,1784.32
22054087,Peter Buch,agour@example.org,917000000000,"45/632, Ram, Mango 377332",Miryalaguda,536699,19-02-2030,Inactive,18,1197.98
21481338,Rajata Upadhyay,agatemaanav@example.org,914000000000,"H.No. 357
Subramanian Road, Mirzapur-401810",Tirunelveli,90749,20-02-2030,New,17,480.61
22851478,Vamakshi Bhardwaj,parthbarman@example.com,915000000000,"H.No. 24, Nayar Ganj, Gulbarga-261578",Varanasi,799601,21-02-2030,Regular,14,1722.19
3002538,Sanya Sule,watikasachar@example.net,911000000000,"H.No. 335
Pathak Ganj, Ramagundam-658342",Sonipat,755769,22-02-2030,Inactive,14,489.91
69339331,Zehaan Kapur,mitesh70@example.net,911000000000,"65/63
Bhasin Circle, Bally-812118",Raurkela Industrial Township,343490,23-02-2030,Regular,5,1567.18
14991661,Logan Nigam,ygole@example.org,919000000000,"55/903, Ben Zila, Erode 211292",Chandrapur,865476,24-02-2030,New,18,1719.35
38613295,Sai Panchal,falan03@example.com,916000000000,"32, Ramaswamy Zila, Hapur-147704",Vadodara,254021,25-02-2030,New,17,544.45
51872499,Nakul Banerjee,sanghayashoda@example.org,910000000000,"H.No. 60, Narain Chowk
Sirsa 944864",Bareilly,264965,26-02-2030,Premium,1,1234
8241122,Tristan Zachariah,jmane@example.org,919000000000,"68/77
Bajaj Zila, Alappuzha-525010",Ambarnath,314766,27-02-2030,Inactive,12,833.32
97033691,Aarini Muni,golazaitra@example.com,913000000000,"66, Garde Road, Cuttack 933700",Mysore,394940,28-02-2030,Premium,2,1268.05
69242672,Ranveer Sheth,sidhuparth@example.com,915000000000,"38/907, Maharaj Ganj
Panihati 378139",Gandhidham,791492,01-03-2030,Regular,3,1490.73
41512861,Veer Kant,qarinsundaram@example.org,911000000000,"37/812, Pal Zila
Bidar-969809",Purnia,831675,02-03-2030,Regular,11,696.12
3408982,Tripti Chakraborty,abhiramkunda@example.org,911000000000,"19, Dara Zila
Aligarh 920735",Bhatpara,119108,03-03-2030,Premium,5,656.97
42589311,Yadavi Uppal,sureshwahab@example.org,919000000000,"167, Oommen Marg, Katihar-142018",Dehradun,176202,04-03-2030,Regular,11,452.1
75732571,Garima Behl,alata@example.com,915000000000,"H.No. 218, Lad Path
Kumbakonam 190927",Muzaffarnagar,882501,05-03-2030,New,20,1981.72
39681023,Pranit Randhawa,jhabachittar@example.net,920000000000,"90, Keer Chowk, Vijayanagaram 711008",Pimpri-Chinchwad,730587,06-03-2030,Premium,16,1084.73
94404245,Quincy Chauhan,kadetamanna@example.com,911000000000,"01
Hayer Chowk
Gopalpur 936167",Rampur,630779,07-03-2030,Inactive,5,564.03
97484394,Ayush Choudhry,deoikshita@example.org,919000000000,"57/065, Gala Path
Hindupur 640702",Jaipur,577563,08-03-2030,Inactive,4,669.01
66827191,Om Bhatia,manineelima@example.com,912000000000,"H.No. 33
Devi Ganj
Arrah 827426",Alwar,409528,09-03-2030,New,11,1808.42
50554007,Ekaja Pillai,abhakaul@example.com,915000000000,"H.No. 214, Divan Road
Hindupur 028048",Baranagar,534970,10-03-2030,Premium,5,1597.14
65895091,Chaitaly Shere,vedhikakeer@example.com,919000000000,"H.No. 021
Balan Road, Kadapa-276118",Orai,59036,11-03-2030,Inactive,8,1634.33
48002829,Daksh Mandal,varkeymohammed@example.com,920000000000,"28/42, Venkataraman Ganj, Kishanganj-360157",Mumbai,45238,12-03-2030,Inactive,17,754.33
57392064,Lavanya Jain,deshpandeom@example.com,916000000000,"391, Edwin Path, Korba 202726",Udupi,688100,13-03-2030,Regular,4,1540.81
71688530,Umang Dash,gokhalenicholas@example.org,918000000000,"151, Parmer Ganj
Loni 906431",Kavali,528749,14-03-2030,Regular,1,1541.22
89051578,Zinal Natarajan,vyasfrado@example.com,912000000000,"H.No. 172, Khanna Street, Pudukkottai 610564",Alwar,586734,15-03-2030,Premium,12,1185.5
78738569,Eiravati Sundaram,onkar24@example.com,914000000000,"H.No. 791, Sur Path
Bally 982559",Dewas,342448,16-03-2030,Inactive,4,376.5
